date,date_id,year,month,day
2012-11-28,1,2012,11,28
2013-04-28,2,2013,4,28
2013-04-29,3,2013,4,29
2013-04-30,4,2013,4,30
2013-05-01,5,2013,5,1
2013-05-02,6,2013,5,2
2013-05-03,7,2013,5,3
2013-05-04,8,2013,5,4
2013-05-05,9,2013,5,5
2013-05-06,10,2013,5,6
2013-05-07,11,2013,5,7
2013-05-08,12,2013,5,8
2013-05-09,13,2013,5,9
2013-05-10,14,2013,5,10
2013-05-11,15,2013,5,11
2013-05-12,16,2013,5,12
2013-05-13,17,2013,5,13
2013-05-14,18,2013,5,14
2013-05-15,19,2013,5,15
2013-05-16,20,2013,5,16
2013-05-17,21,2013,5,17
2013-05-18,22,2013,5,18
2013-05-19,23,2013,5,19
2013-05-20,24,2013,5,20
2013-05-21,25,2013,5,21
2013-05-22,26,2013,5,22
2013-05-23,27,2013,5,23
2013-05-24,28,2013,5,24
2013-05-25,29,2013,5,25
2013-05-26,30,2013,5,26
2013-05-27,31,2013,5,27
2013-05-28,32,2013,5,28
2013-05-29,33,2013,5,29
2013-05-30,34,2013,5,30
2013-05-31,35,2013,5,31
2013-06-01,36,2013,6,1
2013-06-02,37,2013,6,2
2013-06-03,38,2013,6,3
2013-06-05,39,2013,6,5
2013-06-06,40,2013,6,6
2013-06-07,41,2013,6,7
2013-06-08,42,2013,6,8
2013-06-09,43,2013,6,9
2013-06-10,44,2013,6,10
2013-06-11,45,2013,6,11
2013-06-12,46,2013,6,12
2013-06-13,47,2013,6,13
2013-06-14,48,2013,6,14
2013-06-15,49,2013,6,15
2013-06-16,50,2013,6,16
2013-06-17,51,2013,6,17
2013-06-18,52,2013,6,18
2013-06-19,53,2013,6,19
2013-06-20,54,2013,6,20
2013-06-21,55,2013,6,21
2013-06-22,56,2013,6,22
2013-06-23,57,2013,6,23
2013-06-24,58,2013,6,24
2013-06-25,59,2013,6,25
2013-06-26,60,2013,6,26
2013-06-27,61,2013,6,27
2013-06-28,62,2013,6,28
2013-06-29,63,2013,6,29
2013-06-30,64,2013,6,30
2013-07-01,65,2013,7,1
2013-07-02,66,2013,7,2
2013-07-03,67,2013,7,3
2013-07-04,68,2013,7,4
2013-07-05,69,2013,7,5
2013-07-06,70,2013,7,6
2013-07-07,71,2013,7,7
2013-07-08,72,2013,7,8
2013-07-09,73,2013,7,9
2013-07-10,74,2013,7,10
2013-07-11,75,2013,7,11
2013-07-12,76,2013,7,12
2013-07-13,77,2013,7,13
2013-07-14,78,2013,7,14
2013-07-15,79,2013,7,15
2013-07-16,80,2013,7,16
2013-07-17,81,2013,7,17
2013-07-18,82,2013,7,18
2013-07-19,83,2013,7,19
2013-07-20,84,2013,7,20
2013-07-21,85,2013,7,21
2013-07-22,86,2013,7,22
2013-07-23,87,2013,7,23
2013-07-24,88,2013,7,24
2013-07-25,89,2013,7,25
2013-07-26,90,2013,7,26
2013-07-27,91,2013,7,27
2013-07-28,92,2013,7,28
2013-07-29,93,2013,7,29
2013-07-30,94,2013,7,30
2013-07-31,95,2013,7,31
2013-08-01,96,2013,8,1
2013-08-02,97,2013,8,2
2013-08-03,98,2013,8,3
2013-08-04,99,2013,8,4
2013-08-05,100,2013,8,5
2013-08-06,101,2013,8,6
2013-08-07,102,2013,8,7
2013-08-08,103,2013,8,8
2013-08-09,104,2013,8,9
2013-08-10,105,2013,8,10
2013-08-11,106,2013,8,11
2013-08-12,107,2013,8,12
2013-08-13,108,2013,8,13
2013-08-14,109,2013,8,14
2013-08-15,110,2013,8,15
2013-08-16,111,2013,8,16
2013-08-17,112,2013,8,17
2013-08-18,113,2013,8,18
2013-08-19,114,2013,8,19
2013-08-20,115,2013,8,20
2013-08-21,116,2013,8,21
2013-08-22,117,2013,8,22
2013-08-23,118,2013,8,23
2013-08-24,119,2013,8,24
2013-08-25,120,2013,8,25
2013-08-26,121,2013,8,26
2013-08-27,122,2013,8,27
2013-08-28,123,2013,8,28
2013-08-29,124,2013,8,29
2013-08-30,125,2013,8,30
2013-08-31,126,2013,8,31
2013-09-01,127,2013,9,1
2013-09-02,128,2013,9,2
2013-09-03,129,2013,9,3
2013-09-04,130,2013,9,4
2013-09-05,131,2013,9,5
2013-09-06,132,2013,9,6
2013-09-07,133,2013,9,7
2013-09-08,134,2013,9,8
2013-09-09,135,2013,9,9
2013-09-10,136,2013,9,10
2013-09-11,137,2013,9,11
2013-09-12,138,2013,9,12
2013-09-13,139,2013,9,13
2013-09-14,140,2013,9,14
2013-09-15,141,2013,9,15
2013-09-16,142,2013,9,16
2013-09-17,143,2013,9,17
2013-09-18,144,2013,9,18
2013-09-19,145,2013,9,19
2013-09-20,146,2013,9,20
2013-09-21,147,2013,9,21
2013-09-22,148,2013,9,22
2013-09-23,149,2013,9,23
2013-09-24,150,2013,9,24
2013-09-25,151,2013,9,25
2013-09-26,152,2013,9,26
2013-09-27,153,2013,9,27
2013-09-28,154,2013,9,28
2013-09-29,155,2013,9,29
2013-09-30,156,2013,9,30
2013-10-01,157,2013,10,1
2013-10-02,158,2013,10,2
2013-10-03,159,2013,10,3
2013-10-04,160,2013,10,4
2013-10-05,161,2013,10,5
2013-10-06,162,2013,10,6
2013-10-07,163,2013,10,7
2013-10-08,164,2013,10,8
2013-10-09,165,2013,10,9
2013-10-10,166,2013,10,10
2013-10-11,167,2013,10,11
2013-10-12,168,2013,10,12
2013-10-13,169,2013,10,13
2013-10-14,170,2013,10,14
2013-10-15,171,2013,10,15
2013-10-16,172,2013,10,16
2013-10-17,173,2013,10,17
2013-10-18,174,2013,10,18
2013-10-19,175,2013,10,19
2013-10-20,176,2013,10,20
2013-10-21,177,2013,10,21
2013-10-22,178,2013,10,22
2013-10-23,179,2013,10,23
2013-10-24,180,2013,10,24
2013-10-25,181,2013,10,25
2013-10-26,182,2013,10,26
2013-10-27,183,2013,10,27
2013-10-28,184,2013,10,28
2013-10-29,185,2013,10,29
2013-10-30,186,2013,10,30
2013-10-31,187,2013,10,31
2013-11-01,188,2013,11,1
2013-11-02,189,2013,11,2
2013-11-03,190,2013,11,3
2013-11-04,191,2013,11,4
2013-11-05,192,2013,11,5
2013-11-06,193,2013,11,6
2013-11-07,194,2013,11,7
2013-11-08,195,2013,11,8
2013-11-09,196,2013,11,9
2013-11-10,197,2013,11,10
2013-11-11,198,2013,11,11
2013-11-12,199,2013,11,12
2013-11-13,200,2013,11,13
2013-11-14,201,2013,11,14
2013-11-15,202,2013,11,15
2013-11-16,203,2013,11,16
2013-11-17,204,2013,11,17
2013-11-18,205,2013,11,18
2013-11-19,206,2013,11,19
2013-11-20,207,2013,11,20
2013-11-21,208,2013,11,21
2013-11-22,209,2013,11,22
2013-11-23,210,2013,11,23
2013-11-24,211,2013,11,24
2013-11-25,212,2013,11,25
2013-11-26,213,2013,11,26
2013-11-27,214,2013,11,27
2013-11-28,215,2013,11,28
2013-11-29,216,2013,11,29
2013-11-30,217,2013,11,30
2013-12-01,218,2013,12,1
2013-12-02,219,2013,12,2
2013-12-03,220,2013,12,3
2013-12-04,221,2013,12,4
2013-12-05,222,2013,12,5
2013-12-06,223,2013,12,6
2013-12-07,224,2013,12,7
2013-12-08,225,2013,12,8
2013-12-09,226,2013,12,9
2013-12-10,227,2013,12,10
2013-12-11,228,2013,12,11
2013-12-12,229,2013,12,12
2013-12-13,230,2013,12,13
2013-12-14,231,2013,12,14
2013-12-15,232,2013,12,15
2013-12-16,233,2013,12,16
2013-12-17,234,2013,12,17
2013-12-18,235,2013,12,18
2013-12-19,236,2013,12,19
2013-12-20,237,2013,12,20
2013-12-21,238,2013,12,21
2013-12-22,239,2013,12,22
2013-12-23,240,2013,12,23
2013-12-24,241,2013,12,24
2013-12-25,242,2013,12,25
2013-12-26,243,2013,12,26
2013-12-27,244,2013,12,27
2013-12-28,245,2013,12,28
2013-12-29,246,2013,12,29
2013-12-30,247,2013,12,30
2013-12-31,248,2013,12,31
2014-01-01,249,2014,1,1
2014-01-02,250,2014,1,2
2014-01-03,251,2014,1,3
2014-01-04,252,2014,1,4
2014-01-05,253,2014,1,5
2014-01-06,254,2014,1,6
2014-01-07,255,2014,1,7
2014-01-08,256,2014,1,8
2014-01-09,257,2014,1,9
2014-01-10,258,2014,1,10
2014-01-11,259,2014,1,11
2014-01-12,260,2014,1,12
2014-01-13,261,2014,1,13
2014-01-14,262,2014,1,14
2014-01-15,263,2014,1,15
2014-01-16,264,2014,1,16
2014-01-17,265,2014,1,17
2014-01-18,266,2014,1,18
2014-01-19,267,2014,1,19
2014-01-20,268,2014,1,20
2014-01-21,269,2014,1,21
2014-01-22,270,2014,1,22
2014-01-23,271,2014,1,23
2014-01-24,272,2014,1,24
2014-01-25,273,2014,1,25
2014-01-26,274,2014,1,26
2014-01-27,275,2014,1,27
2014-01-28,276,2014,1,28
2014-01-29,277,2014,1,29
2014-01-30,278,2014,1,30
2014-01-31,279,2014,1,31
2014-02-01,280,2014,2,1
2014-02-02,281,2014,2,2
2014-02-03,282,2014,2,3
2014-02-04,283,2014,2,4
2014-02-05,284,2014,2,5
2014-02-06,285,2014,2,6
2014-02-07,286,2014,2,7
2014-02-08,287,2014,2,8
2014-02-09,288,2014,2,9
2014-02-10,289,2014,2,10
2014-02-11,290,2014,2,11
2014-02-12,291,2014,2,12
2014-02-13,292,2014,2,13
2014-02-14,293,2014,2,14
2014-02-15,294,2014,2,15
2014-02-16,295,2014,2,16
2014-02-17,296,2014,2,17
2014-02-18,297,2014,2,18
2014-02-19,298,2014,2,19
2014-02-20,299,2014,2,20
2014-02-21,300,2014,2,21
2014-02-22,301,2014,2,22
2014-02-23,302,2014,2,23
2014-02-24,303,2014,2,24
2014-02-25,304,2014,2,25
2014-02-26,305,2014,2,26
2014-02-27,306,2014,2,27
2014-02-28,307,2014,2,28
2014-03-01,308,2014,3,1
2014-03-02,309,2014,3,2
2014-03-03,310,2014,3,3
2014-03-04,311,2014,3,4
2014-03-05,312,2014,3,5
2014-03-06,313,2014,3,6
2014-03-07,314,2014,3,7
2014-03-08,315,2014,3,8
2014-03-09,316,2014,3,9
2014-03-10,317,2014,3,10
2014-03-11,318,2014,3,11
2014-03-12,319,2014,3,12
2014-03-13,320,2014,3,13
2014-03-14,321,2014,3,14
2014-03-15,322,2014,3,15
2014-03-16,323,2014,3,16
2014-03-17,324,2014,3,17
2014-03-18,325,2014,3,18
2014-03-19,326,2014,3,19
2014-03-20,327,2014,3,20
2014-03-21,328,2014,3,21
2014-03-22,329,2014,3,22
2014-03-23,330,2014,3,23
2014-03-24,331,2014,3,24
2014-03-25,332,2014,3,25
2014-03-26,333,2014,3,26
2014-03-27,334,2014,3,27
2014-03-28,335,2014,3,28
2014-03-29,336,2014,3,29
2014-03-30,337,2014,3,30
2014-03-31,338,2014,3,31
2014-04-01,339,2014,4,1
2014-04-02,340,2014,4,2
2014-04-03,341,2014,4,3
2014-04-04,342,2014,4,4
2014-04-05,343,2014,4,5
2014-04-06,344,2014,4,6
2014-04-07,345,2014,4,7
2014-04-08,346,2014,4,8
2014-04-09,347,2014,4,9
2014-04-10,348,2014,4,10
2014-04-11,349,2014,4,11
2014-04-12,350,2014,4,12
2014-04-13,351,2014,4,13
2014-04-14,352,2014,4,14
2014-04-15,353,2014,4,15
2014-04-16,354,2014,4,16
2014-04-17,355,2014,4,17
2014-04-18,356,2014,4,18
2014-04-19,357,2014,4,19
2014-04-20,358,2014,4,20
2014-04-21,359,2014,4,21
2014-04-22,360,2014,4,22
2014-04-23,361,2014,4,23
2014-04-24,362,2014,4,24
2014-04-25,363,2014,4,25
2014-04-26,364,2014,4,26
2014-04-27,365,2014,4,27
2014-04-28,366,2014,4,28
2014-04-29,367,2014,4,29
2014-04-30,368,2014,4,30
2014-05-01,369,2014,5,1
2014-05-02,370,2014,5,2
2014-05-03,371,2014,5,3
2014-05-04,372,2014,5,4
2014-05-05,373,2014,5,5
2014-05-06,374,2014,5,6
2014-05-07,375,2014,5,7
2014-05-08,376,2014,5,8
2014-05-09,377,2014,5,9
2014-05-10,378,2014,5,10
2014-05-11,379,2014,5,11
2014-05-12,380,2014,5,12
2014-05-13,381,2014,5,13
2014-05-14,382,2014,5,14
2014-05-15,383,2014,5,15
2014-05-16,384,2014,5,16
2014-05-17,385,2014,5,17
2014-05-18,386,2014,5,18
2014-05-19,387,2014,5,19
2014-05-20,388,2014,5,20
2014-05-21,389,2014,5,21
2014-05-22,390,2014,5,22
2014-05-23,391,2014,5,23
2014-05-24,392,2014,5,24
2014-05-25,393,2014,5,25
2014-05-26,394,2014,5,26
2014-05-27,395,2014,5,27
2014-05-28,396,2014,5,28
2014-05-29,397,2014,5,29
2014-05-30,398,2014,5,30
2014-05-31,399,2014,5,31
2014-06-01,400,2014,6,1
2014-06-02,401,2014,6,2
2014-06-03,402,2014,6,3
2014-06-04,403,2014,6,4
2014-06-05,404,2014,6,5
2014-06-06,405,2014,6,6
2014-06-07,406,2014,6,7
2014-06-08,407,2014,6,8
2014-06-09,408,2014,6,9
2014-06-10,409,2014,6,10
2014-06-11,410,2014,6,11
2014-06-12,411,2014,6,12
2014-06-13,412,2014,6,13
2014-06-14,413,2014,6,14
2014-06-15,414,2014,6,15
2014-06-16,415,2014,6,16
2014-06-17,416,2014,6,17
2014-06-18,417,2014,6,18
2014-06-19,418,2014,6,19
2014-06-20,419,2014,6,20
2014-06-21,420,2014,6,21
2014-06-22,421,2014,6,22
2014-06-23,422,2014,6,23
2014-06-24,423,2014,6,24
2014-06-25,424,2014,6,25
2014-06-26,425,2014,6,26
2014-06-27,426,2014,6,27
2014-06-28,427,2014,6,28
2014-06-29,428,2014,6,29
2014-06-30,429,2014,6,30
2014-07-01,430,2014,7,1
2014-07-02,431,2014,7,2
2014-07-03,432,2014,7,3
2014-07-04,433,2014,7,4
2014-07-05,434,2014,7,5
2014-07-06,435,2014,7,6
2014-07-07,436,2014,7,7
2014-07-08,437,2014,7,8
2014-07-09,438,2014,7,9
2014-07-10,439,2014,7,10
2014-07-11,440,2014,7,11
2014-07-12,441,2014,7,12
2014-07-13,442,2014,7,13
2014-07-14,443,2014,7,14
2014-07-15,444,2014,7,15
2014-07-16,445,2014,7,16
2014-07-17,446,2014,7,17
2014-07-18,447,2014,7,18
2014-07-19,448,2014,7,19
2014-07-20,449,2014,7,20
2014-07-21,450,2014,7,21
2014-07-22,451,2014,7,22
2014-07-23,452,2014,7,23
2014-07-24,453,2014,7,24
2014-07-25,454,2014,7,25
2014-07-26,455,2014,7,26
2014-07-27,456,2014,7,27
2014-07-28,457,2014,7,28
2014-07-29,458,2014,7,29
2014-07-30,459,2014,7,30
2014-07-31,460,2014,7,31
2014-08-01,461,2014,8,1
2014-08-02,462,2014,8,2
2014-08-03,463,2014,8,3
2014-08-04,464,2014,8,4
2014-08-05,465,2014,8,5
2014-08-06,466,2014,8,6
2014-08-07,467,2014,8,7
2014-08-08,468,2014,8,8
2014-08-09,469,2014,8,9
2014-08-10,470,2014,8,10
2014-08-11,471,2014,8,11
2014-08-12,472,2014,8,12
2014-08-13,473,2014,8,13
2014-08-14,474,2014,8,14
2014-08-15,475,2014,8,15
2014-08-16,476,2014,8,16
2014-08-17,477,2014,8,17
2014-08-18,478,2014,8,18
2014-08-19,479,2014,8,19
2014-08-20,480,2014,8,20
2014-08-21,481,2014,8,21
2014-08-22,482,2014,8,22
2014-08-23,483,2014,8,23
2014-08-24,484,2014,8,24
2014-08-25,485,2014,8,25
2014-08-26,486,2014,8,26
2014-08-27,487,2014,8,27
2014-08-28,488,2014,8,28
2014-08-29,489,2014,8,29
2014-08-30,490,2014,8,30
2014-08-31,491,2014,8,31
2014-09-01,492,2014,9,1
2014-09-02,493,2014,9,2
2014-09-03,494,2014,9,3
2014-09-04,495,2014,9,4
2014-09-05,496,2014,9,5
2014-09-06,497,2014,9,6
2014-09-07,498,2014,9,7
2014-09-08,499,2014,9,8
2014-09-09,500,2014,9,9
2014-09-10,501,2014,9,10
2014-09-11,502,2014,9,11
2014-09-12,503,2014,9,12
2014-09-13,504,2014,9,13
2014-09-14,505,2014,9,14
2014-09-15,506,2014,9,15
2014-09-16,507,2014,9,16
2014-09-17,508,2014,9,17
2014-09-18,509,2014,9,18
2014-09-19,510,2014,9,19
2014-09-20,511,2014,9,20
2014-09-21,512,2014,9,21
2014-09-22,513,2014,9,22
2014-09-23,514,2014,9,23
2014-09-24,515,2014,9,24
2014-09-25,516,2014,9,25
2014-09-26,517,2014,9,26
2014-09-27,518,2014,9,27
2014-09-28,519,2014,9,28
2014-09-29,520,2014,9,29
2014-09-30,521,2014,9,30
2014-10-01,522,2014,10,1
2014-10-02,523,2014,10,2
2014-10-03,524,2014,10,3
2014-10-04,525,2014,10,4
2014-10-05,526,2014,10,5
2014-10-06,527,2014,10,6
2014-10-07,528,2014,10,7
2014-10-08,529,2014,10,8
2014-10-09,530,2014,10,9
2014-10-10,531,2014,10,10
2014-10-11,532,2014,10,11
2014-10-12,533,2014,10,12
2014-10-13,534,2014,10,13
2014-10-14,535,2014,10,14
2014-10-15,536,2014,10,15
2014-10-16,537,2014,10,16
2014-10-17,538,2014,10,17
2014-10-18,539,2014,10,18
2014-10-19,540,2014,10,19
2014-10-20,541,2014,10,20
2014-10-21,542,2014,10,21
2014-10-22,543,2014,10,22
2014-10-23,544,2014,10,23
2014-10-24,545,2014,10,24
2014-10-25,546,2014,10,25
2014-10-26,547,2014,10,26
2014-10-27,548,2014,10,27
2014-10-28,549,2014,10,28
2014-10-29,550,2014,10,29
2014-10-30,551,2014,10,30
2014-10-31,552,2014,10,31
2014-11-01,553,2014,11,1
2014-11-02,554,2014,11,2
2014-11-03,555,2014,11,3
2014-11-04,556,2014,11,4
2014-11-05,557,2014,11,5
2014-11-06,558,2014,11,6
2014-11-07,559,2014,11,7
2014-11-08,560,2014,11,8
2014-11-09,561,2014,11,9
2014-11-10,562,2014,11,10
2014-11-11,563,2014,11,11
2014-11-12,564,2014,11,12
2014-11-13,565,2014,11,13
2014-11-14,566,2014,11,14
2014-11-15,567,2014,11,15
2014-11-16,568,2014,11,16
2014-11-17,569,2014,11,17
2014-11-18,570,2014,11,18
2014-11-19,571,2014,11,19
2014-11-20,572,2014,11,20
2014-11-21,573,2014,11,21
2014-11-22,574,2014,11,22
2014-11-23,575,2014,11,23
2014-11-24,576,2014,11,24
2014-11-25,577,2014,11,25
2014-11-26,578,2014,11,26
2014-11-27,579,2014,11,27
2014-11-28,580,2014,11,28
2014-11-29,581,2014,11,29
2014-11-30,582,2014,11,30
2014-12-01,583,2014,12,1
2014-12-02,584,2014,12,2
2014-12-03,585,2014,12,3
2014-12-04,586,2014,12,4
2014-12-05,587,2014,12,5
2014-12-06,588,2014,12,6
2014-12-07,589,2014,12,7
2014-12-08,590,2014,12,8
2014-12-09,591,2014,12,9
2014-12-10,592,2014,12,10
2014-12-11,593,2014,12,11
2014-12-12,594,2014,12,12
2014-12-13,595,2014,12,13
2014-12-14,596,2014,12,14
2014-12-15,597,2014,12,15
2014-12-16,598,2014,12,16
2014-12-17,599,2014,12,17
2014-12-18,600,2014,12,18
2014-12-19,601,2014,12,19
2014-12-20,602,2014,12,20
2014-12-21,603,2014,12,21
2014-12-22,604,2014,12,22
2014-12-23,605,2014,12,23
2014-12-24,606,2014,12,24
2014-12-25,607,2014,12,25
2014-12-26,608,2014,12,26
2014-12-27,609,2014,12,27
2014-12-28,610,2014,12,28
2014-12-29,611,2014,12,29
2014-12-30,612,2014,12,30
2014-12-31,613,2014,12,31
2015-01-01,614,2015,1,1
2015-01-02,615,2015,1,2
2015-01-03,616,2015,1,3
2015-01-04,617,2015,1,4
2015-01-05,618,2015,1,5
2015-01-06,619,2015,1,6
2015-01-07,620,2015,1,7
2015-01-08,621,2015,1,8
2015-01-09,622,2015,1,9
2015-01-10,623,2015,1,10
2015-01-11,624,2015,1,11
2015-01-12,625,2015,1,12
2015-01-13,626,2015,1,13
2015-01-14,627,2015,1,14
2015-01-15,628,2015,1,15
2015-01-16,629,2015,1,16
2015-01-17,630,2015,1,17
2015-01-18,631,2015,1,18
2015-01-19,632,2015,1,19
2015-01-20,633,2015,1,20
2015-01-21,634,2015,1,21
2015-01-22,635,2015,1,22
2015-01-23,636,2015,1,23
2015-01-24,637,2015,1,24
2015-01-25,638,2015,1,25
2015-01-26,639,2015,1,26
2015-01-27,640,2015,1,27
2015-01-28,641,2015,1,28
2015-01-29,642,2015,1,29
2015-01-30,643,2015,1,30
2015-01-31,644,2015,1,31
2015-02-01,645,2015,2,1
2015-02-02,646,2015,2,2
2015-02-03,647,2015,2,3
2015-02-04,648,2015,2,4
2015-02-05,649,2015,2,5
2015-02-06,650,2015,2,6
2015-02-07,651,2015,2,7
2015-02-08,652,2015,2,8
2015-02-09,653,2015,2,9
2015-02-10,654,2015,2,10
2015-02-11,655,2015,2,11
2015-02-12,656,2015,2,12
2015-02-13,657,2015,2,13
2015-02-14,658,2015,2,14
2015-02-15,659,2015,2,15
2015-02-16,660,2015,2,16
2015-02-17,661,2015,2,17
2015-02-18,662,2015,2,18
2015-02-19,663,2015,2,19
2015-02-20,664,2015,2,20
2015-02-21,665,2015,2,21
2015-02-22,666,2015,2,22
2015-02-23,667,2015,2,23
2015-02-24,668,2015,2,24
2015-02-25,669,2015,2,25
2015-02-26,670,2015,2,26
2015-02-27,671,2015,2,27
2015-02-28,672,2015,2,28
2015-03-01,673,2015,3,1
2015-03-02,674,2015,3,2
2015-03-03,675,2015,3,3
2015-03-04,676,2015,3,4
2015-03-05,677,2015,3,5
2015-03-06,678,2015,3,6
2015-03-07,679,2015,3,7
2015-03-08,680,2015,3,8
2015-03-09,681,2015,3,9
2015-03-10,682,2015,3,10
2015-03-11,683,2015,3,11
2015-03-12,684,2015,3,12
2015-03-13,685,2015,3,13
2015-03-14,686,2015,3,14
2015-03-15,687,2015,3,15
2015-03-16,688,2015,3,16
2015-03-17,689,2015,3,17
2015-03-18,690,2015,3,18
2015-03-19,691,2015,3,19
2015-03-20,692,2015,3,20
2015-03-21,693,2015,3,21
2015-03-22,694,2015,3,22
2015-03-23,695,2015,3,23
2015-03-24,696,2015,3,24
2015-03-25,697,2015,3,25
2015-03-26,698,2015,3,26
2015-03-27,699,2015,3,27
2015-03-28,700,2015,3,28
2015-03-29,701,2015,3,29
2015-03-30,702,2015,3,30
2015-03-31,703,2015,3,31
2015-04-01,704,2015,4,1
2015-04-02,705,2015,4,2
2015-04-03,706,2015,4,3
2015-04-04,707,2015,4,4
2015-04-05,708,2015,4,5
2015-04-06,709,2015,4,6
2015-04-07,710,2015,4,7
2015-04-08,711,2015,4,8
2015-04-09,712,2015,4,9
2015-04-10,713,2015,4,10
2015-04-11,714,2015,4,11
2015-04-12,715,2015,4,12
2015-04-13,716,2015,4,13
2015-04-14,717,2015,4,14
2015-04-15,718,2015,4,15
2015-04-16,719,2015,4,16
2015-04-17,720,2015,4,17
2015-04-18,721,2015,4,18
2015-04-19,722,2015,4,19
2015-04-20,723,2015,4,20
2015-04-21,724,2015,4,21
2015-04-22,725,2015,4,22
2015-04-23,726,2015,4,23
2015-04-24,727,2015,4,24
2015-04-25,728,2015,4,25
2015-04-26,729,2015,4,26
2015-04-27,730,2015,4,27
2015-04-28,731,2015,4,28
2015-04-29,732,2015,4,29
2015-04-30,733,2015,4,30
2015-05-01,734,2015,5,1
2015-05-02,735,2015,5,2
2015-05-03,736,2015,5,3
2015-05-04,737,2015,5,4
2015-05-05,738,2015,5,5
2015-05-06,739,2015,5,6
2015-05-07,740,2015,5,7
2015-05-08,741,2015,5,8
2015-05-09,742,2015,5,9
2015-05-10,743,2015,5,10
2015-05-11,744,2015,5,11
2015-05-12,745,2015,5,12
2015-05-13,746,2015,5,13
2015-05-14,747,2015,5,14
2015-05-15,748,2015,5,15
2015-05-16,749,2015,5,16
2015-05-17,750,2015,5,17
2015-05-18,751,2015,5,18
2015-05-19,752,2015,5,19
2015-05-20,753,2015,5,20
2015-05-21,754,2015,5,21
2015-05-22,755,2015,5,22
2015-05-23,756,2015,5,23
2015-05-24,757,2015,5,24
2015-05-25,758,2015,5,25
2015-05-26,759,2015,5,26
2015-05-27,760,2015,5,27
2015-05-28,761,2015,5,28
2015-05-29,762,2015,5,29
2015-05-30,763,2015,5,30
2015-05-31,764,2015,5,31
2015-06-01,765,2015,6,1
2015-06-02,766,2015,6,2
2015-06-03,767,2015,6,3
2015-06-04,768,2015,6,4
2015-06-05,769,2015,6,5
2015-06-06,770,2015,6,6
2015-06-07,771,2015,6,7
2015-06-08,772,2015,6,8
2015-06-09,773,2015,6,9
2015-06-10,774,2015,6,10
2015-06-11,775,2015,6,11
2015-06-12,776,2015,6,12
2015-06-13,777,2015,6,13
2015-06-14,778,2015,6,14
2015-06-15,779,2015,6,15
2015-06-16,780,2015,6,16
2015-06-17,781,2015,6,17
2015-06-18,782,2015,6,18
2015-06-19,783,2015,6,19
2015-06-20,784,2015,6,20
2015-06-21,785,2015,6,21
2015-06-22,786,2015,6,22
2015-06-23,787,2015,6,23
2015-06-24,788,2015,6,24
2015-06-25,789,2015,6,25
2015-06-26,790,2015,6,26
2015-06-27,791,2015,6,27
2015-06-28,792,2015,6,28
2015-06-29,793,2015,6,29
2015-06-30,794,2015,6,30
2015-07-01,795,2015,7,1
2015-07-02,796,2015,7,2
2015-07-03,797,2015,7,3
2015-07-04,798,2015,7,4
2015-07-05,799,2015,7,5
2015-07-06,800,2015,7,6
2015-07-07,801,2015,7,7
2015-07-08,802,2015,7,8
2015-07-09,803,2015,7,9
2015-07-10,804,2015,7,10
2015-07-11,805,2015,7,11
2015-07-12,806,2015,7,12
2015-07-13,807,2015,7,13
2015-07-14,808,2015,7,14
2015-07-15,809,2015,7,15
2015-07-16,810,2015,7,16
2015-07-17,811,2015,7,17
2015-07-18,812,2015,7,18
2015-07-19,813,2015,7,19
2015-07-20,814,2015,7,20
2015-07-21,815,2015,7,21
2015-07-22,816,2015,7,22
2015-07-23,817,2015,7,23
2015-07-24,818,2015,7,24
2015-07-25,819,2015,7,25
2015-07-26,820,2015,7,26
2015-07-27,821,2015,7,27
2015-07-28,822,2015,7,28
2015-07-29,823,2015,7,29
2015-07-30,824,2015,7,30
2015-07-31,825,2015,7,31
2015-08-01,826,2015,8,1
2015-08-02,827,2015,8,2
2015-08-03,828,2015,8,3
2015-08-04,829,2015,8,4
2015-08-05,830,2015,8,5
2015-08-06,831,2015,8,6
2015-08-07,832,2015,8,7
2015-08-08,833,2015,8,8
2015-08-09,834,2015,8,9
2015-08-10,835,2015,8,10
2015-08-11,836,2015,8,11
2015-08-12,837,2015,8,12
2015-08-13,838,2015,8,13
2015-08-14,839,2015,8,14
2015-08-15,840,2015,8,15
2015-08-16,841,2015,8,16
2015-08-17,842,2015,8,17
2015-08-18,843,2015,8,18
2015-08-19,844,2015,8,19
2015-08-20,845,2015,8,20
2015-08-21,846,2015,8,21
2015-08-22,847,2015,8,22
2015-08-23,848,2015,8,23
2015-08-24,849,2015,8,24
2015-08-25,850,2015,8,25
2015-08-26,851,2015,8,26
2015-08-27,852,2015,8,27
2015-08-28,853,2015,8,28
2015-08-29,854,2015,8,29
2015-08-30,855,2015,8,30
2015-08-31,856,2015,8,31
2015-09-01,857,2015,9,1
2015-09-02,858,2015,9,2
2015-09-03,859,2015,9,3
2015-09-04,860,2015,9,4
2015-09-05,861,2015,9,5
2015-09-06,862,2015,9,6
2015-09-07,863,2015,9,7
2015-09-08,864,2015,9,8
2015-09-09,865,2015,9,9
2015-09-10,866,2015,9,10
2015-09-11,867,2015,9,11
2015-09-12,868,2015,9,12
2015-09-13,869,2015,9,13
2015-09-14,870,2015,9,14
2015-09-15,871,2015,9,15
2015-09-16,872,2015,9,16
2015-09-17,873,2015,9,17
2015-09-18,874,2015,9,18
2015-09-19,875,2015,9,19
2015-09-20,876,2015,9,20
2015-09-21,877,2015,9,21
2015-09-22,878,2015,9,22
2015-09-23,879,2015,9,23
2015-09-24,880,2015,9,24
2015-09-25,881,2015,9,25
2015-09-26,882,2015,9,26
2015-09-27,883,2015,9,27
2015-09-28,884,2015,9,28
2015-09-29,885,2015,9,29
2015-09-30,886,2015,9,30
2015-10-01,887,2015,10,1
2015-10-02,888,2015,10,2
2015-10-03,889,2015,10,3
2015-10-04,890,2015,10,4
2015-10-05,891,2015,10,5
2015-10-06,892,2015,10,6
2015-10-07,893,2015,10,7
2015-10-08,894,2015,10,8
2015-10-09,895,2015,10,9
2015-10-10,896,2015,10,10
2015-10-11,897,2015,10,11
2015-10-12,898,2015,10,12
2015-10-13,899,2015,10,13
2015-10-14,900,2015,10,14
2015-10-15,901,2015,10,15
2015-10-16,902,2015,10,16
2015-10-17,903,2015,10,17
2015-10-18,904,2015,10,18
2015-10-19,905,2015,10,19
2015-10-20,906,2015,10,20
2015-10-21,907,2015,10,21
2015-10-22,908,2015,10,22
2015-10-23,909,2015,10,23
2015-10-24,910,2015,10,24
2015-10-25,911,2015,10,25
2015-10-26,912,2015,10,26
2015-10-27,913,2015,10,27
2015-10-28,914,2015,10,28
2015-10-29,915,2015,10,29
2015-10-30,916,2015,10,30
2015-10-31,917,2015,10,31
2015-11-01,918,2015,11,1
2015-11-02,919,2015,11,2
2015-11-03,920,2015,11,3
2015-11-04,921,2015,11,4
2015-11-05,922,2015,11,5
2015-11-06,923,2015,11,6
2015-11-07,924,2015,11,7
2015-11-08,925,2015,11,8
2015-11-09,926,2015,11,9
2015-11-10,927,2015,11,10
2015-11-11,928,2015,11,11
2015-11-12,929,2015,11,12
2015-11-13,930,2015,11,13
2015-11-14,931,2015,11,14
2015-11-15,932,2015,11,15
2015-11-16,933,2015,11,16
2015-11-17,934,2015,11,17
2015-11-18,935,2015,11,18
2015-11-19,936,2015,11,19
2015-11-20,937,2015,11,20
2015-11-21,938,2015,11,21
2015-11-22,939,2015,11,22
2015-11-23,940,2015,11,23
2015-11-24,941,2015,11,24
2015-11-25,942,2015,11,25
2015-11-26,943,2015,11,26
2015-11-27,944,2015,11,27
2015-11-28,945,2015,11,28
2015-11-29,946,2015,11,29
2015-11-30,947,2015,11,30
2015-12-01,948,2015,12,1
2015-12-02,949,2015,12,2
2015-12-03,950,2015,12,3
2015-12-04,951,2015,12,4
2015-12-05,952,2015,12,5
2015-12-06,953,2015,12,6
2015-12-07,954,2015,12,7
2015-12-08,955,2015,12,8
2015-12-09,956,2015,12,9
2015-12-10,957,2015,12,10
2015-12-11,958,2015,12,11
2015-12-12,959,2015,12,12
2015-12-13,960,2015,12,13
2015-12-14,961,2015,12,14
2015-12-15,962,2015,12,15
2015-12-16,963,2015,12,16
2015-12-17,964,2015,12,17
2015-12-18,965,2015,12,18
2015-12-19,966,2015,12,19
2015-12-20,967,2015,12,20
2015-12-21,968,2015,12,21
2015-12-22,969,2015,12,22
2015-12-23,970,2015,12,23
2015-12-24,971,2015,12,24
2015-12-25,972,2015,12,25
2015-12-26,973,2015,12,26
2015-12-27,974,2015,12,27
2015-12-28,975,2015,12,28
2015-12-29,976,2015,12,29
2015-12-30,977,2015,12,30
2015-12-31,978,2015,12,31
2016-01-01,979,2016,1,1
2016-01-02,980,2016,1,2
2016-01-03,981,2016,1,3
2016-01-04,982,2016,1,4
2016-01-05,983,2016,1,5
2016-01-06,984,2016,1,6
2016-01-07,985,2016,1,7
2016-01-08,986,2016,1,8
2016-01-09,987,2016,1,9
2016-01-10,988,2016,1,10
2016-01-11,989,2016,1,11
2016-01-12,990,2016,1,12
2016-01-13,991,2016,1,13
2016-01-14,992,2016,1,14
2016-01-15,993,2016,1,15
2016-01-16,994,2016,1,16
2016-01-17,995,2016,1,17
2016-01-18,996,2016,1,18
2016-01-19,997,2016,1,19
2016-01-20,998,2016,1,20
2016-01-21,999,2016,1,21
2016-01-22,1000,2016,1,22
2016-01-23,1001,2016,1,23
2016-01-24,1002,2016,1,24
2016-01-25,1003,2016,1,25
2016-01-26,1004,2016,1,26
2016-01-27,1005,2016,1,27
2016-01-28,1006,2016,1,28
2016-01-29,1007,2016,1,29
2016-01-30,1008,2016,1,30
2016-01-31,1009,2016,1,31
2016-02-01,1010,2016,2,1
2016-02-02,1011,2016,2,2
2016-02-03,1012,2016,2,3
2016-02-04,1013,2016,2,4
2016-02-05,1014,2016,2,5
2016-02-06,1015,2016,2,6
2016-02-07,1016,2016,2,7
2016-02-08,1017,2016,2,8
2016-02-09,1018,2016,2,9
2016-02-10,1019,2016,2,10
2016-02-11,1020,2016,2,11
2016-02-12,1021,2016,2,12
2016-02-13,1022,2016,2,13
2016-02-14,1023,2016,2,14
2016-02-15,1024,2016,2,15
2016-02-16,1025,2016,2,16
2016-02-17,1026,2016,2,17
2016-02-18,1027,2016,2,18
2016-02-19,1028,2016,2,19
2016-02-20,1029,2016,2,20
2016-02-21,1030,2016,2,21
2016-02-22,1031,2016,2,22
2016-02-23,1032,2016,2,23
2016-02-24,1033,2016,2,24
2016-02-25,1034,2016,2,25
2016-02-26,1035,2016,2,26
2016-02-27,1036,2016,2,27
2016-02-28,1037,2016,2,28
2016-02-29,1038,2016,2,29
2016-03-01,1039,2016,3,1
2016-03-02,1040,2016,3,2
2016-03-03,1041,2016,3,3
2016-03-04,1042,2016,3,4
2016-03-05,1043,2016,3,5
2016-03-06,1044,2016,3,6
2016-03-07,1045,2016,3,7
2016-03-08,1046,2016,3,8
2016-03-09,1047,2016,3,9
2016-03-10,1048,2016,3,10
2016-03-11,1049,2016,3,11
2016-03-12,1050,2016,3,12
2016-03-13,1051,2016,3,13
2016-03-14,1052,2016,3,14
2016-03-15,1053,2016,3,15
2016-03-16,1054,2016,3,16
2016-03-17,1055,2016,3,17
2016-03-18,1056,2016,3,18
2016-03-19,1057,2016,3,19
2016-03-20,1058,2016,3,20
2016-03-21,1059,2016,3,21
2016-03-22,1060,2016,3,22
2016-03-23,1061,2016,3,23
2016-03-24,1062,2016,3,24
2016-03-25,1063,2016,3,25
2016-03-26,1064,2016,3,26
2016-03-27,1065,2016,3,27
2016-03-28,1066,2016,3,28
2016-03-29,1067,2016,3,29
2016-03-30,1068,2016,3,30
2016-03-31,1069,2016,3,31
2016-04-01,1070,2016,4,1
2016-04-02,1071,2016,4,2
2016-04-03,1072,2016,4,3
2016-04-04,1073,2016,4,4
2016-04-05,1074,2016,4,5
2016-04-06,1075,2016,4,6
2016-04-07,1076,2016,4,7
2016-04-08,1077,2016,4,8
2016-04-09,1078,2016,4,9
2016-04-10,1079,2016,4,10
2016-04-11,1080,2016,4,11
2016-04-12,1081,2016,4,12
2016-04-13,1082,2016,4,13
2016-04-14,1083,2016,4,14
2016-04-15,1084,2016,4,15
2016-04-16,1085,2016,4,16
2016-04-17,1086,2016,4,17
2016-04-18,1087,2016,4,18
2016-04-19,1088,2016,4,19
2016-04-20,1089,2016,4,20
2016-04-21,1090,2016,4,21
2016-04-22,1091,2016,4,22
2016-04-23,1092,2016,4,23
2016-04-24,1093,2016,4,24
2016-04-25,1094,2016,4,25
2016-04-26,1095,2016,4,26
2016-04-27,1096,2016,4,27
2016-04-28,1097,2016,4,28
2016-04-29,1098,2016,4,29
2016-04-30,1099,2016,4,30
2016-05-01,1100,2016,5,1
2016-05-02,1101,2016,5,2
2016-05-03,1102,2016,5,3
2016-05-04,1103,2016,5,4
2016-05-05,1104,2016,5,5
2016-05-06,1105,2016,5,6
2016-05-07,1106,2016,5,7
2016-05-08,1107,2016,5,8
2016-05-09,1108,2016,5,9
2016-05-10,1109,2016,5,10
2016-05-11,1110,2016,5,11
2016-05-12,1111,2016,5,12
2016-05-13,1112,2016,5,13
2016-05-14,1113,2016,5,14
2016-05-15,1114,2016,5,15
2016-05-16,1115,2016,5,16
2016-05-17,1116,2016,5,17
2016-05-18,1117,2016,5,18
2016-05-19,1118,2016,5,19
2016-05-20,1119,2016,5,20
2016-05-21,1120,2016,5,21
2016-05-22,1121,2016,5,22
2016-05-23,1122,2016,5,23
2016-05-24,1123,2016,5,24
2016-05-25,1124,2016,5,25
2016-05-26,1125,2016,5,26
2016-05-27,1126,2016,5,27
2016-05-28,1127,2016,5,28
2016-05-29,1128,2016,5,29
2016-05-30,1129,2016,5,30
2016-05-31,1130,2016,5,31
2016-06-01,1131,2016,6,1
2016-06-02,1132,2016,6,2
2016-06-03,1133,2016,6,3
2016-06-04,1134,2016,6,4
2016-06-05,1135,2016,6,5
2016-06-06,1136,2016,6,6
2016-06-07,1137,2016,6,7
2016-06-08,1138,2016,6,8
2016-06-09,1139,2016,6,9
2016-06-10,1140,2016,6,10
2016-06-11,1141,2016,6,11
2016-06-12,1142,2016,6,12
2016-06-13,1143,2016,6,13
2016-06-14,1144,2016,6,14
2016-06-15,1145,2016,6,15
2016-06-16,1146,2016,6,16
2016-06-17,1147,2016,6,17
2016-06-18,1148,2016,6,18
2016-06-19,1149,2016,6,19
2016-06-20,1150,2016,6,20
2016-06-21,1151,2016,6,21
2016-06-22,1152,2016,6,22
2016-06-23,1153,2016,6,23
2016-06-24,1154,2016,6,24
2016-06-25,1155,2016,6,25
2016-06-26,1156,2016,6,26
2016-06-27,1157,2016,6,27
2016-06-28,1158,2016,6,28
2016-06-29,1159,2016,6,29
2016-06-30,1160,2016,6,30
2016-07-01,1161,2016,7,1
2016-07-02,1162,2016,7,2
2016-07-03,1163,2016,7,3
2016-07-04,1164,2016,7,4
2016-07-05,1165,2016,7,5
2016-07-06,1166,2016,7,6
2016-07-07,1167,2016,7,7
2016-07-08,1168,2016,7,8
2016-07-09,1169,2016,7,9
2016-07-10,1170,2016,7,10
2016-07-11,1171,2016,7,11
2016-07-12,1172,2016,7,12
2016-07-13,1173,2016,7,13
2016-07-14,1174,2016,7,14
2016-07-15,1175,2016,7,15
2016-07-16,1176,2016,7,16
2016-07-17,1177,2016,7,17
2016-07-18,1178,2016,7,18
2016-07-19,1179,2016,7,19
2016-07-20,1180,2016,7,20
2016-07-21,1181,2016,7,21
2016-07-22,1182,2016,7,22
2016-07-23,1183,2016,7,23
2016-07-24,1184,2016,7,24
2016-07-25,1185,2016,7,25
2016-07-26,1186,2016,7,26
2016-07-27,1187,2016,7,27
2016-07-28,1188,2016,7,28
2016-07-29,1189,2016,7,29
2016-07-30,1190,2016,7,30
2016-07-31,1191,2016,7,31
2016-08-01,1192,2016,8,1
2016-08-02,1193,2016,8,2
2016-08-03,1194,2016,8,3
2016-08-04,1195,2016,8,4
2016-08-05,1196,2016,8,5
2016-08-06,1197,2016,8,6
2016-08-07,1198,2016,8,7
2016-08-08,1199,2016,8,8
2016-08-09,1200,2016,8,9
2016-08-10,1201,2016,8,10
2016-08-11,1202,2016,8,11
2016-08-12,1203,2016,8,12
2016-08-13,1204,2016,8,13
2016-08-14,1205,2016,8,14
2016-08-15,1206,2016,8,15
2016-08-16,1207,2016,8,16
2016-08-17,1208,2016,8,17
2016-08-18,1209,2016,8,18
2016-08-19,1210,2016,8,19
2016-08-20,1211,2016,8,20
2016-08-21,1212,2016,8,21
2016-08-22,1213,2016,8,22
2016-08-23,1214,2016,8,23
2016-08-24,1215,2016,8,24
2016-08-25,1216,2016,8,25
2016-08-26,1217,2016,8,26
2016-08-27,1218,2016,8,27
2016-08-28,1219,2016,8,28
2016-08-29,1220,2016,8,29
2016-08-30,1221,2016,8,30
2016-08-31,1222,2016,8,31
2016-09-01,1223,2016,9,1
2016-09-02,1224,2016,9,2
2016-09-03,1225,2016,9,3
2016-09-04,1226,2016,9,4
2016-09-05,1227,2016,9,5
2016-09-06,1228,2016,9,6
2016-09-07,1229,2016,9,7
2016-09-08,1230,2016,9,8
2016-09-09,1231,2016,9,9
2016-09-10,1232,2016,9,10
2016-09-11,1233,2016,9,11
2016-09-12,1234,2016,9,12
2016-09-13,1235,2016,9,13
2016-09-14,1236,2016,9,14
2016-09-15,1237,2016,9,15
2016-09-16,1238,2016,9,16
2016-09-17,1239,2016,9,17
2016-09-18,1240,2016,9,18
2016-09-19,1241,2016,9,19
2016-09-20,1242,2016,9,20
2016-09-21,1243,2016,9,21
2016-09-22,1244,2016,9,22
2016-09-23,1245,2016,9,23
2016-09-24,1246,2016,9,24
2016-09-25,1247,2016,9,25
2016-09-26,1248,2016,9,26
2016-09-27,1249,2016,9,27
2016-09-28,1250,2016,9,28
2016-09-29,1251,2016,9,29
2016-09-30,1252,2016,9,30
2016-10-01,1253,2016,10,1
2016-10-02,1254,2016,10,2
2016-10-03,1255,2016,10,3
2016-10-04,1256,2016,10,4
2016-10-05,1257,2016,10,5
2016-10-06,1258,2016,10,6
2016-10-07,1259,2016,10,7
2016-10-08,1260,2016,10,8
2016-10-09,1261,2016,10,9
2016-10-10,1262,2016,10,10
2016-10-11,1263,2016,10,11
2016-10-12,1264,2016,10,12
2016-10-13,1265,2016,10,13
2016-10-14,1266,2016,10,14
2016-10-15,1267,2016,10,15
2016-10-16,1268,2016,10,16
2016-10-17,1269,2016,10,17
2016-10-18,1270,2016,10,18
2016-10-19,1271,2016,10,19
2016-10-20,1272,2016,10,20
2016-10-21,1273,2016,10,21
2016-10-22,1274,2016,10,22
2016-10-23,1275,2016,10,23
2016-10-24,1276,2016,10,24
2016-10-25,1277,2016,10,25
2016-10-26,1278,2016,10,26
2016-10-27,1279,2016,10,27
2016-10-28,1280,2016,10,28
2016-10-29,1281,2016,10,29
2016-10-30,1282,2016,10,30
2016-10-31,1283,2016,10,31
2016-11-01,1284,2016,11,1
2016-11-02,1285,2016,11,2
2016-11-03,1286,2016,11,3
2016-11-04,1287,2016,11,4
2016-11-05,1288,2016,11,5
2016-11-06,1289,2016,11,6
2016-11-07,1290,2016,11,7
2016-11-08,1291,2016,11,8
2016-11-09,1292,2016,11,9
2016-11-10,1293,2016,11,10
2016-11-11,1294,2016,11,11
2016-11-12,1295,2016,11,12
2016-11-13,1296,2016,11,13
2016-11-14,1297,2016,11,14
2016-11-15,1298,2016,11,15
2016-11-16,1299,2016,11,16
2016-11-17,1300,2016,11,17
2016-11-18,1301,2016,11,18
2016-11-19,1302,2016,11,19
2016-11-20,1303,2016,11,20
2016-11-21,1304,2016,11,21
2016-11-22,1305,2016,11,22
2016-11-23,1306,2016,11,23
2016-11-24,1307,2016,11,24
2016-11-25,1308,2016,11,25
2016-11-26,1309,2016,11,26
2016-11-27,1310,2016,11,27
2016-11-28,1311,2016,11,28
2016-11-29,1312,2016,11,29
2016-11-30,1313,2016,11,30
2016-12-01,1314,2016,12,1
2016-12-02,1315,2016,12,2
2016-12-03,1316,2016,12,3
2016-12-04,1317,2016,12,4
2016-12-05,1318,2016,12,5
2016-12-06,1319,2016,12,6
2016-12-07,1320,2016,12,7
2016-12-08,1321,2016,12,8
2016-12-09,1322,2016,12,9
2016-12-10,1323,2016,12,10
2016-12-11,1324,2016,12,11
2016-12-12,1325,2016,12,12
2016-12-13,1326,2016,12,13
2016-12-14,1327,2016,12,14
2016-12-15,1328,2016,12,15
2016-12-16,1329,2016,12,16
2016-12-17,1330,2016,12,17
2016-12-18,1331,2016,12,18
2016-12-19,1332,2016,12,19
2016-12-20,1333,2016,12,20
2016-12-21,1334,2016,12,21
2016-12-22,1335,2016,12,22
2016-12-23,1336,2016,12,23
2016-12-24,1337,2016,12,24
2016-12-25,1338,2016,12,25
2016-12-26,1339,2016,12,26
2016-12-27,1340,2016,12,27
2016-12-28,1341,2016,12,28
2016-12-29,1342,2016,12,29
2016-12-30,1343,2016,12,30
2016-12-31,1344,2016,12,31
2017-01-01,1345,2017,1,1
2017-01-02,1346,2017,1,2
2017-01-03,1347,2017,1,3
2017-01-04,1348,2017,1,4
2017-01-05,1349,2017,1,5
2017-01-06,1350,2017,1,6
2017-01-07,1351,2017,1,7
2017-01-08,1352,2017,1,8
2017-01-09,1353,2017,1,9
2017-01-10,1354,2017,1,10
2017-01-11,1355,2017,1,11
2017-01-12,1356,2017,1,12
2017-01-13,1357,2017,1,13
2017-01-14,1358,2017,1,14
2017-01-15,1359,2017,1,15
2017-01-16,1360,2017,1,16
2017-01-17,1361,2017,1,17
2017-01-18,1362,2017,1,18
2017-01-19,1363,2017,1,19
2017-01-20,1364,2017,1,20
2017-01-21,1365,2017,1,21
2017-01-22,1366,2017,1,22
2017-01-23,1367,2017,1,23
2017-01-24,1368,2017,1,24
2017-01-25,1369,2017,1,25
2017-01-26,1370,2017,1,26
2017-01-27,1371,2017,1,27
2017-01-28,1372,2017,1,28
2017-01-29,1373,2017,1,29
2017-01-30,1374,2017,1,30
2017-01-31,1375,2017,1,31
2017-02-01,1376,2017,2,1
2017-02-02,1377,2017,2,2
2017-02-03,1378,2017,2,3
2017-02-04,1379,2017,2,4
2017-02-05,1380,2017,2,5
2017-02-06,1381,2017,2,6
2017-02-07,1382,2017,2,7
2017-02-08,1383,2017,2,8
2017-02-09,1384,2017,2,9
2017-02-10,1385,2017,2,10
2017-02-11,1386,2017,2,11
2017-02-12,1387,2017,2,12
2017-02-13,1388,2017,2,13
2017-02-14,1389,2017,2,14
2017-02-15,1390,2017,2,15
2017-02-16,1391,2017,2,16
2017-02-17,1392,2017,2,17
2017-02-18,1393,2017,2,18
2017-02-19,1394,2017,2,19
2017-02-20,1395,2017,2,20
2017-02-21,1396,2017,2,21
2017-02-22,1397,2017,2,22
2017-02-23,1398,2017,2,23
2017-02-24,1399,2017,2,24
2017-02-25,1400,2017,2,25
2017-02-26,1401,2017,2,26
2017-02-27,1402,2017,2,27
2017-02-28,1403,2017,2,28
2017-03-01,1404,2017,3,1
2017-03-02,1405,2017,3,2
2017-03-03,1406,2017,3,3
2017-03-04,1407,2017,3,4
2017-03-05,1408,2017,3,5
2017-03-06,1409,2017,3,6
2017-03-07,1410,2017,3,7
2017-03-08,1411,2017,3,8
2017-03-09,1412,2017,3,9
2017-03-10,1413,2017,3,10
2017-03-11,1414,2017,3,11
2017-03-12,1415,2017,3,12
2017-03-13,1416,2017,3,13
2017-03-14,1417,2017,3,14
2017-03-15,1418,2017,3,15
2017-03-16,1419,2017,3,16
2017-03-17,1420,2017,3,17
2017-03-18,1421,2017,3,18
2017-03-19,1422,2017,3,19
2017-03-20,1423,2017,3,20
2017-03-21,1424,2017,3,21
2017-03-22,1425,2017,3,22
2017-03-23,1426,2017,3,23
2017-03-24,1427,2017,3,24
2017-03-25,1428,2017,3,25
2017-03-26,1429,2017,3,26
2017-03-27,1430,2017,3,27
2017-03-28,1431,2017,3,28
2017-03-29,1432,2017,3,29
2017-03-30,1433,2017,3,30
2017-03-31,1434,2017,3,31
2017-04-01,1435,2017,4,1
2017-04-02,1436,2017,4,2
2017-04-03,1437,2017,4,3
2017-04-04,1438,2017,4,4
2017-04-05,1439,2017,4,5
2017-04-06,1440,2017,4,6
2017-04-07,1441,2017,4,7
2017-04-08,1442,2017,4,8
2017-04-09,1443,2017,4,9
2017-04-10,1444,2017,4,10
2017-04-11,1445,2017,4,11
2017-04-12,1446,2017,4,12
2017-04-13,1447,2017,4,13
2017-04-14,1448,2017,4,14
2017-04-15,1449,2017,4,15
2017-04-16,1450,2017,4,16
2017-04-17,1451,2017,4,17
2017-04-18,1452,2017,4,18
2017-04-19,1453,2017,4,19
2017-04-20,1454,2017,4,20
2017-04-21,1455,2017,4,21
2017-04-22,1456,2017,4,22
2017-04-23,1457,2017,4,23
2017-04-24,1458,2017,4,24
2017-04-25,1459,2017,4,25
2017-04-26,1460,2017,4,26
2017-04-27,1461,2017,4,27
2017-04-28,1462,2017,4,28
2017-04-29,1463,2017,4,29
2017-04-30,1464,2017,4,30
2017-05-01,1465,2017,5,1
2017-05-02,1466,2017,5,2
2017-05-03,1467,2017,5,3
2017-05-04,1468,2017,5,4
2017-05-05,1469,2017,5,5
2017-05-06,1470,2017,5,6
2017-05-07,1471,2017,5,7
2017-05-08,1472,2017,5,8
2017-05-09,1473,2017,5,9
2017-05-10,1474,2017,5,10
2017-05-11,1475,2017,5,11
2017-05-12,1476,2017,5,12
2017-05-13,1477,2017,5,13
2017-05-14,1478,2017,5,14
2017-05-15,1479,2017,5,15
2017-05-16,1480,2017,5,16
2017-05-17,1481,2017,5,17
2017-05-18,1482,2017,5,18
2017-05-19,1483,2017,5,19
2017-05-20,1484,2017,5,20
2017-05-21,1485,2017,5,21
2017-05-22,1486,2017,5,22
2017-05-23,1487,2017,5,23
2017-05-24,1488,2017,5,24
2017-05-25,1489,2017,5,25
2017-05-26,1490,2017,5,26
2017-05-27,1491,2017,5,27
2017-05-28,1492,2017,5,28
2017-05-29,1493,2017,5,29
2017-05-30,1494,2017,5,30
2017-05-31,1495,2017,5,31
2017-06-01,1496,2017,6,1
2017-06-02,1497,2017,6,2
2017-06-03,1498,2017,6,3
2017-06-04,1499,2017,6,4
2017-06-05,1500,2017,6,5
2017-06-06,1501,2017,6,6
2017-06-07,1502,2017,6,7
2017-06-08,1503,2017,6,8
2017-06-09,1504,2017,6,9
2017-06-10,1505,2017,6,10
2017-06-11,1506,2017,6,11
2017-06-12,1507,2017,6,12
2017-06-13,1508,2017,6,13
2017-06-14,1509,2017,6,14
2017-06-15,1510,2017,6,15
2017-06-16,1511,2017,6,16
2017-06-17,1512,2017,6,17
2017-06-18,1513,2017,6,18
2017-06-19,1514,2017,6,19
2017-06-20,1515,2017,6,20
2017-06-21,1516,2017,6,21
2017-06-22,1517,2017,6,22
2017-06-23,1518,2017,6,23
2017-06-24,1519,2017,6,24
2017-06-25,1520,2017,6,25
2017-06-26,1521,2017,6,26
2017-06-27,1522,2017,6,27
2017-06-28,1523,2017,6,28
2017-06-29,1524,2017,6,29
2017-06-30,1525,2017,6,30
2017-07-01,1526,2017,7,1
2017-07-02,1527,2017,7,2
2017-07-03,1528,2017,7,3
2017-07-04,1529,2017,7,4
2017-07-05,1530,2017,7,5
2017-07-06,1531,2017,7,6
2017-07-07,1532,2017,7,7
2017-07-08,1533,2017,7,8
2017-07-09,1534,2017,7,9
2017-07-10,1535,2017,7,10
2017-07-11,1536,2017,7,11
2017-07-12,1537,2017,7,12
2017-07-13,1538,2017,7,13
2017-07-14,1539,2017,7,14
2017-07-15,1540,2017,7,15
2017-07-16,1541,2017,7,16
2017-07-17,1542,2017,7,17
2017-07-18,1543,2017,7,18
2017-07-19,1544,2017,7,19
2017-07-20,1545,2017,7,20
2017-07-21,1546,2017,7,21
2017-07-22,1547,2017,7,22
2017-07-23,1548,2017,7,23
2017-07-24,1549,2017,7,24
2017-07-25,1550,2017,7,25
2017-07-26,1551,2017,7,26
2017-07-27,1552,2017,7,27
2017-07-28,1553,2017,7,28
2017-07-29,1554,2017,7,29
2017-07-30,1555,2017,7,30
2017-07-31,1556,2017,7,31
2017-08-01,1557,2017,8,1
2017-08-02,1558,2017,8,2
2017-08-03,1559,2017,8,3
2017-08-04,1560,2017,8,4
2017-08-05,1561,2017,8,5
2017-08-06,1562,2017,8,6
2017-08-07,1563,2017,8,7
2017-08-08,1564,2017,8,8
2017-08-09,1565,2017,8,9
2017-08-10,1566,2017,8,10
2017-08-11,1567,2017,8,11
2017-08-12,1568,2017,8,12
2017-08-13,1569,2017,8,13
2017-08-14,1570,2017,8,14
2017-08-15,1571,2017,8,15
2017-08-16,1572,2017,8,16
2017-08-17,1573,2017,8,17
2017-08-18,1574,2017,8,18
2017-08-19,1575,2017,8,19
2017-08-20,1576,2017,8,20
2017-08-21,1577,2017,8,21
2017-08-22,1578,2017,8,22
2017-08-23,1579,2017,8,23
2017-08-24,1580,2017,8,24
2017-08-25,1581,2017,8,25
2017-08-26,1582,2017,8,26
2017-08-27,1583,2017,8,27
2017-08-28,1584,2017,8,28
2017-08-29,1585,2017,8,29
2017-08-30,1586,2017,8,30
2017-08-31,1587,2017,8,31
2017-09-01,1588,2017,9,1
2017-09-02,1589,2017,9,2
2017-09-03,1590,2017,9,3
2017-09-04,1591,2017,9,4
2017-09-05,1592,2017,9,5
2017-09-06,1593,2017,9,6
2017-09-07,1594,2017,9,7
2017-09-08,1595,2017,9,8
2017-09-09,1596,2017,9,9
2017-09-10,1597,2017,9,10
2017-09-11,1598,2017,9,11
2017-09-12,1599,2017,9,12
2017-09-13,1600,2017,9,13
2017-09-14,1601,2017,9,14
2017-09-15,1602,2017,9,15
2017-09-16,1603,2017,9,16
2017-09-17,1604,2017,9,17
2017-09-18,1605,2017,9,18
2017-09-19,1606,2017,9,19
2017-09-20,1607,2017,9,20
2017-09-21,1608,2017,9,21
2017-09-22,1609,2017,9,22
2017-09-23,1610,2017,9,23
2017-09-24,1611,2017,9,24
2017-09-25,1612,2017,9,25
2017-09-26,1613,2017,9,26
2017-09-27,1614,2017,9,27
2017-09-28,1615,2017,9,28
2017-09-29,1616,2017,9,29
2017-09-30,1617,2017,9,30
2017-10-01,1618,2017,10,1
2017-10-02,1619,2017,10,2
2017-10-03,1620,2017,10,3
2017-10-04,1621,2017,10,4
2017-10-05,1622,2017,10,5
2017-10-06,1623,2017,10,6
2017-10-07,1624,2017,10,7
2017-10-08,1625,2017,10,8
2017-10-09,1626,2017,10,9
2017-10-10,1627,2017,10,10
2017-10-11,1628,2017,10,11
2017-10-12,1629,2017,10,12
2017-10-13,1630,2017,10,13
2017-10-14,1631,2017,10,14
2017-10-15,1632,2017,10,15
2017-10-16,1633,2017,10,16
2017-10-17,1634,2017,10,17
2017-10-18,1635,2017,10,18
2017-10-19,1636,2017,10,19
2017-10-20,1637,2017,10,20
2017-10-21,1638,2017,10,21
2017-10-22,1639,2017,10,22
2017-10-23,1640,2017,10,23
2017-10-24,1641,2017,10,24
2017-10-25,1642,2017,10,25
2017-10-26,1643,2017,10,26
2017-10-27,1644,2017,10,27
2017-10-28,1645,2017,10,28
2017-10-29,1646,2017,10,29
2017-10-30,1647,2017,10,30
2017-10-31,1648,2017,10,31
2017-11-01,1649,2017,11,1
2017-11-02,1650,2017,11,2
2017-11-03,1651,2017,11,3
2017-11-04,1652,2017,11,4
2017-11-05,1653,2017,11,5
2017-11-06,1654,2017,11,6
2017-11-07,1655,2017,11,7
2017-11-08,1656,2017,11,8
2017-11-09,1657,2017,11,9
2017-11-10,1658,2017,11,10
2017-11-11,1659,2017,11,11
2017-11-12,1660,2017,11,12
2017-11-13,1661,2017,11,13
2017-11-14,1662,2017,11,14
2017-11-15,1663,2017,11,15
2017-11-16,1664,2017,11,16
2017-11-17,1665,2017,11,17
2017-11-18,1666,2017,11,18
2017-11-19,1667,2017,11,19
2017-11-20,1668,2017,11,20
2017-11-21,1669,2017,11,21
2017-11-22,1670,2017,11,22
2017-11-23,1671,2017,11,23
2017-11-24,1672,2017,11,24
2017-11-25,1673,2017,11,25
2017-11-26,1674,2017,11,26
2017-11-27,1675,2017,11,27
2017-11-28,1676,2017,11,28
2017-11-29,1677,2017,11,29
2017-11-30,1678,2017,11,30
2017-12-01,1679,2017,12,1
2017-12-02,1680,2017,12,2
2017-12-03,1681,2017,12,3
2017-12-04,1682,2017,12,4
2017-12-05,1683,2017,12,5
2017-12-06,1684,2017,12,6
2017-12-07,1685,2017,12,7
2017-12-08,1686,2017,12,8
2017-12-09,1687,2017,12,9
2017-12-10,1688,2017,12,10
2017-12-11,1689,2017,12,11
2017-12-12,1690,2017,12,12
2017-12-13,1691,2017,12,13
2017-12-14,1692,2017,12,14
2017-12-15,1693,2017,12,15
2017-12-16,1694,2017,12,16
2017-12-17,1695,2017,12,17
2017-12-18,1696,2017,12,18
2017-12-19,1697,2017,12,19
2017-12-20,1698,2017,12,20
2017-12-21,1699,2017,12,21
2017-12-22,1700,2017,12,22
2017-12-23,1701,2017,12,23
2017-12-24,1702,2017,12,24
2017-12-25,1703,2017,12,25
2017-12-26,1704,2017,12,26
2017-12-27,1705,2017,12,27
2017-12-28,1706,2017,12,28
2017-12-29,1707,2017,12,29
2017-12-30,1708,2017,12,30
2017-12-31,1709,2017,12,31
2018-01-01,1710,2018,1,1
2018-01-02,1711,2018,1,2
2018-01-03,1712,2018,1,3
2018-01-04,1713,2018,1,4
2018-01-05,1714,2018,1,5
2018-01-06,1715,2018,1,6
2018-01-07,1716,2018,1,7
2018-01-08,1717,2018,1,8
2018-01-09,1718,2018,1,9
2018-01-10,1719,2018,1,10
2018-01-11,1720,2018,1,11
2018-01-12,1721,2018,1,12
2018-01-13,1722,2018,1,13
2018-01-14,1723,2018,1,14
2018-01-15,1724,2018,1,15
2018-01-16,1725,2018,1,16
2018-01-17,1726,2018,1,17
2018-01-18,1727,2018,1,18
2018-01-19,1728,2018,1,19
2018-01-20,1729,2018,1,20
2018-01-21,1730,2018,1,21
2018-01-22,1731,2018,1,22
2018-01-23,1732,2018,1,23
2018-01-24,1733,2018,1,24
2018-01-25,1734,2018,1,25
2018-01-26,1735,2018,1,26
2018-01-27,1736,2018,1,27
2018-01-28,1737,2018,1,28
2018-01-29,1738,2018,1,29
2018-01-30,1739,2018,1,30
2018-01-31,1740,2018,1,31
2018-02-01,1741,2018,2,1
2018-02-02,1742,2018,2,2
2018-02-03,1743,2018,2,3
2018-02-04,1744,2018,2,4
2018-02-05,1745,2018,2,5
2018-02-06,1746,2018,2,6
2018-02-07,1747,2018,2,7
2018-02-08,1748,2018,2,8
2018-02-09,1749,2018,2,9
2018-02-10,1750,2018,2,10
2018-02-11,1751,2018,2,11
2018-02-12,1752,2018,2,12
2018-02-13,1753,2018,2,13
2018-02-14,1754,2018,2,14
2018-02-15,1755,2018,2,15
2018-02-16,1756,2018,2,16
2018-02-17,1757,2018,2,17
2018-02-18,1758,2018,2,18
2018-02-19,1759,2018,2,19
2018-02-20,1760,2018,2,20
2018-02-21,1761,2018,2,21
2018-02-22,1762,2018,2,22
2018-02-23,1763,2018,2,23
2018-02-24,1764,2018,2,24
2018-02-25,1765,2018,2,25
2018-02-26,1766,2018,2,26
2018-02-27,1767,2018,2,27
2018-02-28,1768,2018,2,28
2018-03-01,1769,2018,3,1
2018-03-02,1770,2018,3,2
2018-03-03,1771,2018,3,3
2018-03-04,1772,2018,3,4
2018-03-05,1773,2018,3,5
2018-03-06,1774,2018,3,6
2018-03-07,1775,2018,3,7
2018-03-08,1776,2018,3,8
2018-03-09,1777,2018,3,9
2018-03-10,1778,2018,3,10
2018-03-11,1779,2018,3,11
2018-03-12,1780,2018,3,12
2018-03-13,1781,2018,3,13
2018-03-14,1782,2018,3,14
2018-03-15,1783,2018,3,15
2018-03-16,1784,2018,3,16
2018-03-17,1785,2018,3,17
2018-03-18,1786,2018,3,18
2018-03-19,1787,2018,3,19
2018-03-20,1788,2018,3,20
2018-03-21,1789,2018,3,21
2018-03-22,1790,2018,3,22
2018-03-23,1791,2018,3,23
2018-03-24,1792,2018,3,24
2018-03-25,1793,2018,3,25
2018-03-26,1794,2018,3,26
2018-03-27,1795,2018,3,27
2018-03-28,1796,2018,3,28
2018-03-29,1797,2018,3,29
2018-03-30,1798,2018,3,30
2018-03-31,1799,2018,3,31
2018-04-01,1800,2018,4,1
2018-04-02,1801,2018,4,2
2018-04-03,1802,2018,4,3
2018-04-04,1803,2018,4,4
2018-04-05,1804,2018,4,5
2018-04-06,1805,2018,4,6
2018-04-07,1806,2018,4,7
2018-04-08,1807,2018,4,8
2018-04-09,1808,2018,4,9
2018-04-10,1809,2018,4,10
2018-04-11,1810,2018,4,11
2018-04-12,1811,2018,4,12
2018-04-13,1812,2018,4,13
2018-04-14,1813,2018,4,14
2018-04-15,1814,2018,4,15
2018-04-16,1815,2018,4,16
2018-04-17,1816,2018,4,17
2018-04-18,1817,2018,4,18
2018-04-19,1818,2018,4,19
2018-04-20,1819,2018,4,20
2018-04-21,1820,2018,4,21
2018-04-22,1821,2018,4,22
2018-04-23,1822,2018,4,23
2018-04-24,1823,2018,4,24
2018-04-25,1824,2018,4,25
2018-04-26,1825,2018,4,26
2018-04-27,1826,2018,4,27
2018-04-28,1827,2018,4,28
2018-04-29,1828,2018,4,29
2018-04-30,1829,2018,4,30
2018-05-01,1830,2018,5,1
2018-05-02,1831,2018,5,2
2018-05-03,1832,2018,5,3
2018-05-04,1833,2018,5,4
2018-05-05,1834,2018,5,5
2018-05-06,1835,2018,5,6
2018-05-07,1836,2018,5,7
2018-05-08,1837,2018,5,8
2018-05-09,1838,2018,5,9
2018-05-10,1839,2018,5,10
2018-05-11,1840,2018,5,11
2018-05-12,1841,2018,5,12
2018-05-13,1842,2018,5,13
2018-05-14,1843,2018,5,14
2018-05-15,1844,2018,5,15
2018-05-16,1845,2018,5,16
2018-05-17,1846,2018,5,17
2018-05-18,1847,2018,5,18
2018-05-19,1848,2018,5,19
2018-05-20,1849,2018,5,20
2018-05-21,1850,2018,5,21
2018-05-22,1851,2018,5,22
2018-05-23,1852,2018,5,23
2018-05-24,1853,2018,5,24
2018-05-25,1854,2018,5,25
2018-05-26,1855,2018,5,26
2018-05-27,1856,2018,5,27
2018-05-28,1857,2018,5,28
2018-05-29,1858,2018,5,29
2018-05-30,1859,2018,5,30
2018-05-31,1860,2018,5,31
2018-06-01,1861,2018,6,1
2018-06-02,1862,2018,6,2
2018-06-03,1863,2018,6,3
2018-06-04,1864,2018,6,4
2018-06-05,1865,2018,6,5
2018-06-06,1866,2018,6,6
2018-06-07,1867,2018,6,7
2018-06-08,1868,2018,6,8
2018-06-09,1869,2018,6,9
2018-06-10,1870,2018,6,10
2018-06-11,1871,2018,6,11
2018-06-12,1872,2018,6,12
2018-06-13,1873,2018,6,13
2018-06-14,1874,2018,6,14
2018-06-15,1875,2018,6,15
2018-06-16,1876,2018,6,16
2018-06-17,1877,2018,6,17
2018-06-18,1878,2018,6,18
2018-06-19,1879,2018,6,19
2018-06-20,1880,2018,6,20
2018-06-21,1881,2018,6,21
2018-06-22,1882,2018,6,22
2018-06-23,1883,2018,6,23
2018-06-24,1884,2018,6,24
2018-06-25,1885,2018,6,25
2018-06-26,1886,2018,6,26
2018-06-27,1887,2018,6,27
2018-06-28,1888,2018,6,28
2018-06-29,1889,2018,6,29
2018-06-30,1890,2018,6,30
2018-07-01,1891,2018,7,1
2018-07-02,1892,2018,7,2
2018-07-03,1893,2018,7,3
2018-07-04,1894,2018,7,4
2018-07-05,1895,2018,7,5
2018-07-06,1896,2018,7,6
2018-07-07,1897,2018,7,7
2018-07-08,1898,2018,7,8
2018-07-09,1899,2018,7,9
2018-07-10,1900,2018,7,10
2018-07-11,1901,2018,7,11
2018-07-12,1902,2018,7,12
2018-07-13,1903,2018,7,13
2018-07-14,1904,2018,7,14
2018-07-15,1905,2018,7,15
2018-07-16,1906,2018,7,16
2018-07-17,1907,2018,7,17
2018-07-18,1908,2018,7,18
2018-07-19,1909,2018,7,19
2018-07-20,1910,2018,7,20
2018-07-21,1911,2018,7,21
2018-07-22,1912,2018,7,22
2018-07-23,1913,2018,7,23
2018-07-24,1914,2018,7,24
2018-07-25,1915,2018,7,25
2018-07-26,1916,2018,7,26
2018-07-27,1917,2018,7,27
2018-07-28,1918,2018,7,28
2018-07-29,1919,2018,7,29
2018-07-30,1920,2018,7,30
2018-07-31,1921,2018,7,31
2018-08-01,1922,2018,8,1
2018-08-02,1923,2018,8,2
2018-08-03,1924,2018,8,3
2018-08-04,1925,2018,8,4
2018-08-05,1926,2018,8,5
2018-08-06,1927,2018,8,6
2018-08-07,1928,2018,8,7
2018-08-08,1929,2018,8,8
2018-08-09,1930,2018,8,9
2018-08-10,1931,2018,8,10
2018-08-11,1932,2018,8,11
2018-08-12,1933,2018,8,12
2018-08-13,1934,2018,8,13
2018-08-14,1935,2018,8,14
2018-08-15,1936,2018,8,15
2018-08-16,1937,2018,8,16
2018-08-17,1938,2018,8,17
2018-08-18,1939,2018,8,18
2018-08-19,1940,2018,8,19
2018-08-20,1941,2018,8,20
2018-08-21,1942,2018,8,21
2018-08-22,1943,2018,8,22
2018-08-23,1944,2018,8,23
2018-08-24,1945,2018,8,24
2018-08-25,1946,2018,8,25
2018-08-26,1947,2018,8,26
2018-08-27,1948,2018,8,27
2018-08-28,1949,2018,8,28
2018-08-29,1950,2018,8,29
2018-08-30,1951,2018,8,30
2018-08-31,1952,2018,8,31
2018-09-01,1953,2018,9,1
2018-09-02,1954,2018,9,2
2018-09-03,1955,2018,9,3
2018-09-04,1956,2018,9,4
2018-09-05,1957,2018,9,5
2018-09-06,1958,2018,9,6
2018-09-07,1959,2018,9,7
2018-09-08,1960,2018,9,8
2018-09-09,1961,2018,9,9
2018-09-10,1962,2018,9,10
2018-09-11,1963,2018,9,11
2018-09-12,1964,2018,9,12
2018-09-13,1965,2018,9,13
2018-09-14,1966,2018,9,14
2018-09-15,1967,2018,9,15
2018-09-16,1968,2018,9,16
2018-09-17,1969,2018,9,17
2018-09-18,1970,2018,9,18
2018-09-19,1971,2018,9,19
2018-09-20,1972,2018,9,20
2018-09-21,1973,2018,9,21
2018-09-22,1974,2018,9,22
2018-09-23,1975,2018,9,23
2018-09-24,1976,2018,9,24
2018-09-25,1977,2018,9,25
2018-09-26,1978,2018,9,26
2018-09-27,1979,2018,9,27
2018-09-28,1980,2018,9,28
2018-09-29,1981,2018,9,29
2018-09-30,1982,2018,9,30
2018-10-01,1983,2018,10,1
2018-10-02,1984,2018,10,2
2018-10-03,1985,2018,10,3
2018-10-04,1986,2018,10,4
2018-10-05,1987,2018,10,5
2018-10-06,1988,2018,10,6
2018-10-07,1989,2018,10,7
2018-10-08,1990,2018,10,8
2018-10-09,1991,2018,10,9
2018-10-10,1992,2018,10,10
2018-10-11,1993,2018,10,11
2018-10-12,1994,2018,10,12
2018-10-13,1995,2018,10,13
2018-10-14,1996,2018,10,14
2018-10-15,1997,2018,10,15
2018-10-16,1998,2018,10,16
2018-10-17,1999,2018,10,17
2018-10-18,2000,2018,10,18
2018-10-19,2001,2018,10,19
2018-10-20,2002,2018,10,20
2018-10-21,2003,2018,10,21
2018-10-22,2004,2018,10,22
2018-10-23,2005,2018,10,23
2018-10-24,2006,2018,10,24
2018-10-25,2007,2018,10,25
2018-10-26,2008,2018,10,26
2018-10-27,2009,2018,10,27
2018-10-28,2010,2018,10,28
2018-10-29,2011,2018,10,29
2018-10-30,2012,2018,10,30
2018-10-31,2013,2018,10,31
2018-11-01,2014,2018,11,1
2018-11-02,2015,2018,11,2
2018-11-03,2016,2018,11,3
2018-11-04,2017,2018,11,4
2018-11-05,2018,2018,11,5
2018-11-06,2019,2018,11,6
2018-11-07,2020,2018,11,7
2018-11-08,2021,2018,11,8
2018-11-09,2022,2018,11,9
2018-11-10,2023,2018,11,10
2018-11-11,2024,2018,11,11
2018-11-12,2025,2018,11,12
2018-11-13,2026,2018,11,13
2018-11-14,2027,2018,11,14
2018-11-15,2028,2018,11,15
2018-11-16,2029,2018,11,16
2018-11-17,2030,2018,11,17
2018-11-18,2031,2018,11,18
2018-11-19,2032,2018,11,19
2018-11-20,2033,2018,11,20
2018-11-21,2034,2018,11,21
2018-11-22,2035,2018,11,22
2018-11-23,2036,2018,11,23
2018-11-24,2037,2018,11,24
2018-11-25,2038,2018,11,25
2018-11-26,2039,2018,11,26
2018-11-27,2040,2018,11,27
2018-11-28,2041,2018,11,28
2018-11-29,2042,2018,11,29
2018-11-30,2043,2018,11,30
2018-12-01,2044,2018,12,1
2018-12-02,2045,2018,12,2
2018-12-03,2046,2018,12,3
2018-12-04,2047,2018,12,4
2018-12-05,2048,2018,12,5
2018-12-06,2049,2018,12,6
2018-12-07,2050,2018,12,7
2018-12-08,2051,2018,12,8
2018-12-09,2052,2018,12,9
2018-12-10,2053,2018,12,10
2018-12-11,2054,2018,12,11
2018-12-12,2055,2018,12,12
2018-12-13,2056,2018,12,13
2018-12-14,2057,2018,12,14
2018-12-15,2058,2018,12,15
2018-12-16,2059,2018,12,16
2018-12-17,2060,2018,12,17
2018-12-18,2061,2018,12,18
2018-12-19,2062,2018,12,19
2018-12-20,2063,2018,12,20
2018-12-21,2064,2018,12,21
2018-12-22,2065,2018,12,22
2018-12-23,2066,2018,12,23
2018-12-24,2067,2018,12,24
2018-12-25,2068,2018,12,25
2018-12-26,2069,2018,12,26
2018-12-27,2070,2018,12,27
2018-12-28,2071,2018,12,28
2018-12-29,2072,2018,12,29
2018-12-30,2073,2018,12,30
2018-12-31,2074,2018,12,31
2019-01-01,2075,2019,1,1
2019-01-02,2076,2019,1,2
2019-01-03,2077,2019,1,3
2019-01-04,2078,2019,1,4
2019-01-05,2079,2019,1,5
2019-01-06,2080,2019,1,6
2019-01-07,2081,2019,1,7
2019-01-08,2082,2019,1,8
2019-01-09,2083,2019,1,9
2019-01-10,2084,2019,1,10
2019-01-11,2085,2019,1,11
2019-01-12,2086,2019,1,12
2019-01-13,2087,2019,1,13
2019-01-14,2088,2019,1,14
2019-01-15,2089,2019,1,15
2019-01-16,2090,2019,1,16
2019-01-17,2091,2019,1,17
2019-01-18,2092,2019,1,18
2019-01-19,2093,2019,1,19
2019-01-20,2094,2019,1,20
2019-01-21,2095,2019,1,21
2019-01-22,2096,2019,1,22
2019-01-23,2097,2019,1,23
2019-01-24,2098,2019,1,24
2019-01-25,2099,2019,1,25
2019-01-26,2100,2019,1,26
2019-01-27,2101,2019,1,27
2019-01-28,2102,2019,1,28
2019-01-29,2103,2019,1,29
2019-01-30,2104,2019,1,30
2019-01-31,2105,2019,1,31
2019-02-01,2106,2019,2,1
2019-02-02,2107,2019,2,2
2019-02-03,2108,2019,2,3
2019-02-04,2109,2019,2,4
2019-02-05,2110,2019,2,5
2019-02-06,2111,2019,2,6
2019-02-07,2112,2019,2,7
2019-02-08,2113,2019,2,8
2019-02-09,2114,2019,2,9
2019-02-10,2115,2019,2,10
2019-02-11,2116,2019,2,11
2019-02-12,2117,2019,2,12
2019-02-13,2118,2019,2,13
2019-02-14,2119,2019,2,14
2019-02-15,2120,2019,2,15
2019-02-16,2121,2019,2,16
2019-02-17,2122,2019,2,17
2019-02-18,2123,2019,2,18
2019-02-19,2124,2019,2,19
2019-02-20,2125,2019,2,20
2019-02-21,2126,2019,2,21
2019-02-22,2127,2019,2,22
2019-02-23,2128,2019,2,23
2019-02-24,2129,2019,2,24
2019-02-25,2130,2019,2,25
2019-02-26,2131,2019,2,26
2019-02-27,2132,2019,2,27
2019-02-28,2133,2019,2,28
2019-03-01,2134,2019,3,1
2019-03-02,2135,2019,3,2
2019-03-03,2136,2019,3,3
2019-03-04,2137,2019,3,4
2019-03-05,2138,2019,3,5
2019-03-06,2139,2019,3,6
2019-03-07,2140,2019,3,7
2019-03-08,2141,2019,3,8
2019-03-09,2142,2019,3,9
2019-03-10,2143,2019,3,10
2019-03-11,2144,2019,3,11
2019-03-12,2145,2019,3,12
2019-03-13,2146,2019,3,13
2019-03-14,2147,2019,3,14
2019-03-15,2148,2019,3,15
2019-03-16,2149,2019,3,16
2019-03-17,2150,2019,3,17
2019-03-18,2151,2019,3,18
2019-03-19,2152,2019,3,19
2019-03-20,2153,2019,3,20
2019-03-21,2154,2019,3,21
2019-03-22,2155,2019,3,22
2019-03-23,2156,2019,3,23
2019-03-24,2157,2019,3,24
2019-03-25,2158,2019,3,25
2019-03-26,2159,2019,3,26
2019-03-27,2160,2019,3,27
2019-03-28,2161,2019,3,28
2019-03-29,2162,2019,3,29
2019-03-30,2163,2019,3,30
2019-03-31,2164,2019,3,31
2019-04-01,2165,2019,4,1
2019-04-02,2166,2019,4,2
2019-04-03,2167,2019,4,3
2019-04-04,2168,2019,4,4
2019-04-05,2169,2019,4,5
2019-04-06,2170,2019,4,6
2019-04-07,2171,2019,4,7
2019-04-08,2172,2019,4,8
2019-04-09,2173,2019,4,9
2019-04-10,2174,2019,4,10
2019-04-11,2175,2019,4,11
2019-04-12,2176,2019,4,12
2019-04-13,2177,2019,4,13
2019-04-14,2178,2019,4,14
2019-04-15,2179,2019,4,15
2019-04-16,2180,2019,4,16
2019-04-17,2181,2019,4,17
2019-04-18,2182,2019,4,18
2019-04-19,2183,2019,4,19
2019-04-20,2184,2019,4,20
2019-04-21,2185,2019,4,21
2019-04-22,2186,2019,4,22
2019-04-23,2187,2019,4,23
2019-04-24,2188,2019,4,24
2019-04-25,2189,2019,4,25
2019-04-26,2190,2019,4,26
2019-04-27,2191,2019,4,27
2019-04-28,2192,2019,4,28
2019-04-29,2193,2019,4,29
2019-04-30,2194,2019,4,30
2019-05-01,2195,2019,5,1
2019-05-02,2196,2019,5,2
2019-05-03,2197,2019,5,3
2019-05-04,2198,2019,5,4
2019-05-05,2199,2019,5,5
2019-05-06,2200,2019,5,6
2019-05-07,2201,2019,5,7
2019-05-08,2202,2019,5,8
2019-05-09,2203,2019,5,9
2019-05-10,2204,2019,5,10
2019-05-11,2205,2019,5,11
2019-05-12,2206,2019,5,12
2019-05-13,2207,2019,5,13
2019-05-14,2208,2019,5,14
2019-05-15,2209,2019,5,15
2019-05-16,2210,2019,5,16
2019-05-17,2211,2019,5,17
2019-05-18,2212,2019,5,18
2019-05-19,2213,2019,5,19
2019-05-20,2214,2019,5,20
2019-05-21,2215,2019,5,21
2019-05-22,2216,2019,5,22
2019-05-23,2217,2019,5,23
2019-05-24,2218,2019,5,24
2019-05-25,2219,2019,5,25
2019-05-26,2220,2019,5,26
2019-05-27,2221,2019,5,27
2019-05-28,2222,2019,5,28
2019-05-29,2223,2019,5,29
2019-05-30,2224,2019,5,30
2019-05-31,2225,2019,5,31
2019-06-01,2226,2019,6,1
2019-06-02,2227,2019,6,2
2019-06-03,2228,2019,6,3
2019-06-04,2229,2019,6,4
2019-06-05,2230,2019,6,5
2019-06-06,2231,2019,6,6
2019-06-07,2232,2019,6,7
2019-06-08,2233,2019,6,8
2019-06-09,2234,2019,6,9
2019-06-10,2235,2019,6,10
2019-06-11,2236,2019,6,11
2019-06-12,2237,2019,6,12
2019-06-13,2238,2019,6,13
2019-06-14,2239,2019,6,14
2019-06-15,2240,2019,6,15
2019-06-16,2241,2019,6,16
2019-06-17,2242,2019,6,17
2019-06-18,2243,2019,6,18
2019-06-19,2244,2019,6,19
2019-06-20,2245,2019,6,20
2019-06-21,2246,2019,6,21
2019-06-22,2247,2019,6,22
2019-06-23,2248,2019,6,23
2019-06-24,2249,2019,6,24
2019-06-25,2250,2019,6,25
2019-06-26,2251,2019,6,26
2019-06-27,2252,2019,6,27
2019-06-28,2253,2019,6,28
2019-06-29,2254,2019,6,29
2019-06-30,2255,2019,6,30
2019-07-01,2256,2019,7,1
2019-07-02,2257,2019,7,2
2019-07-03,2258,2019,7,3
2019-07-04,2259,2019,7,4
2019-07-05,2260,2019,7,5
2019-07-06,2261,2019,7,6
2019-07-07,2262,2019,7,7
2019-07-08,2263,2019,7,8
2019-07-09,2264,2019,7,9
2019-07-10,2265,2019,7,10
2019-07-11,2266,2019,7,11
2019-07-12,2267,2019,7,12
2019-07-13,2268,2019,7,13
2019-07-14,2269,2019,7,14
2019-07-15,2270,2019,7,15
2019-07-16,2271,2019,7,16
2019-07-17,2272,2019,7,17
2019-07-18,2273,2019,7,18
2019-07-19,2274,2019,7,19
2019-07-20,2275,2019,7,20
2019-07-21,2276,2019,7,21
2019-07-22,2277,2019,7,22
2019-07-23,2278,2019,7,23
2019-07-24,2279,2019,7,24
2019-07-25,2280,2019,7,25
2019-07-26,2281,2019,7,26
2019-07-27,2282,2019,7,27
2019-07-28,2283,2019,7,28
2019-07-29,2284,2019,7,29
2019-07-30,2285,2019,7,30
2019-07-31,2286,2019,7,31
2019-08-01,2287,2019,8,1
2019-08-02,2288,2019,8,2
2019-08-03,2289,2019,8,3
2019-08-04,2290,2019,8,4
2019-08-05,2291,2019,8,5
2019-08-06,2292,2019,8,6
2019-08-07,2293,2019,8,7
2019-08-08,2294,2019,8,8
2019-08-09,2295,2019,8,9
2019-08-10,2296,2019,8,10
2019-08-11,2297,2019,8,11
2019-08-12,2298,2019,8,12
2019-08-13,2299,2019,8,13
2019-08-14,2300,2019,8,14
2019-08-15,2301,2019,8,15
2019-08-16,2302,2019,8,16
2019-08-17,2303,2019,8,17
2019-08-18,2304,2019,8,18
2019-08-19,2305,2019,8,19
2019-08-20,2306,2019,8,20
2019-08-21,2307,2019,8,21
2019-08-22,2308,2019,8,22
2019-08-23,2309,2019,8,23
2019-08-24,2310,2019,8,24
2019-08-25,2311,2019,8,25
2019-08-26,2312,2019,8,26
2019-08-27,2313,2019,8,27
2019-08-28,2314,2019,8,28
2019-08-29,2315,2019,8,29
2019-08-30,2316,2019,8,30
2019-08-31,2317,2019,8,31
2019-09-01,2318,2019,9,1
2019-09-02,2319,2019,9,2
2019-09-03,2320,2019,9,3
2019-09-04,2321,2019,9,4
2019-09-05,2322,2019,9,5
2019-09-06,2323,2019,9,6
2019-09-07,2324,2019,9,7
2019-09-08,2325,2019,9,8
2019-09-09,2326,2019,9,9
2019-09-10,2327,2019,9,10
2019-09-11,2328,2019,9,11
2019-09-12,2329,2019,9,12
2019-09-13,2330,2019,9,13
2019-09-14,2331,2019,9,14
2019-09-15,2332,2019,9,15
2019-09-16,2333,2019,9,16
2019-09-17,2334,2019,9,17
2019-09-18,2335,2019,9,18
2019-09-19,2336,2019,9,19
2019-09-20,2337,2019,9,20
2019-09-21,2338,2019,9,21
2019-09-22,2339,2019,9,22
2019-09-23,2340,2019,9,23
2019-09-24,2341,2019,9,24
2019-09-25,2342,2019,9,25
2019-09-26,2343,2019,9,26
2019-09-27,2344,2019,9,27
2019-09-28,2345,2019,9,28
2019-09-29,2346,2019,9,29
2019-09-30,2347,2019,9,30
2019-10-01,2348,2019,10,1
2019-10-02,2349,2019,10,2
2019-10-03,2350,2019,10,3
2019-10-04,2351,2019,10,4
2019-10-05,2352,2019,10,5
2019-10-06,2353,2019,10,6
2019-10-07,2354,2019,10,7
2019-10-08,2355,2019,10,8
2019-10-09,2356,2019,10,9
2019-10-10,2357,2019,10,10
2019-10-11,2358,2019,10,11
2019-10-12,2359,2019,10,12
2019-10-13,2360,2019,10,13
2019-10-14,2361,2019,10,14
2019-10-15,2362,2019,10,15
2019-10-16,2363,2019,10,16
2019-10-17,2364,2019,10,17
2019-10-18,2365,2019,10,18
2019-10-19,2366,2019,10,19
2019-10-20,2367,2019,10,20
2019-10-21,2368,2019,10,21
2019-10-22,2369,2019,10,22
2019-10-23,2370,2019,10,23
2019-10-24,2371,2019,10,24
2019-10-25,2372,2019,10,25
2019-10-26,2373,2019,10,26
2019-10-27,2374,2019,10,27
2019-10-28,2375,2019,10,28
2019-10-29,2376,2019,10,29
2019-10-30,2377,2019,10,30
2019-10-31,2378,2019,10,31
2019-11-01,2379,2019,11,1
2019-11-02,2380,2019,11,2
2019-11-03,2381,2019,11,3
2019-11-04,2382,2019,11,4
2019-11-05,2383,2019,11,5
2019-11-06,2384,2019,11,6
2019-11-07,2385,2019,11,7
2019-11-08,2386,2019,11,8
2019-11-09,2387,2019,11,9
2019-11-10,2388,2019,11,10
2019-11-11,2389,2019,11,11
2019-11-12,2390,2019,11,12
2019-11-13,2391,2019,11,13
2019-11-14,2392,2019,11,14
2019-11-15,2393,2019,11,15
2019-11-16,2394,2019,11,16
2019-11-17,2395,2019,11,17
2019-11-18,2396,2019,11,18
2019-11-19,2397,2019,11,19
2019-11-20,2398,2019,11,20
2019-11-21,2399,2019,11,21
2019-11-22,2400,2019,11,22
2019-11-23,2401,2019,11,23
2019-11-24,2402,2019,11,24
2019-11-25,2403,2019,11,25
2019-11-26,2404,2019,11,26
2019-11-27,2405,2019,11,27
2019-11-28,2406,2019,11,28
2019-11-29,2407,2019,11,29
2019-11-30,2408,2019,11,30
2019-12-01,2409,2019,12,1
2019-12-02,2410,2019,12,2
2019-12-03,2411,2019,12,3
2019-12-04,2412,2019,12,4
2019-12-05,2413,2019,12,5
2019-12-06,2414,2019,12,6
2019-12-07,2415,2019,12,7
2019-12-08,2416,2019,12,8
2019-12-09,2417,2019,12,9
2019-12-10,2418,2019,12,10
2019-12-11,2419,2019,12,11
2019-12-12,2420,2019,12,12
2019-12-13,2421,2019,12,13
2019-12-14,2422,2019,12,14
2019-12-15,2423,2019,12,15
2019-12-16,2424,2019,12,16
2019-12-17,2425,2019,12,17
2019-12-18,2426,2019,12,18
2019-12-19,2427,2019,12,19
2019-12-20,2428,2019,12,20
2019-12-21,2429,2019,12,21
2019-12-22,2430,2019,12,22
2019-12-23,2431,2019,12,23
2019-12-24,2432,2019,12,24
2019-12-25,2433,2019,12,25
2019-12-26,2434,2019,12,26
2019-12-27,2435,2019,12,27
2019-12-28,2436,2019,12,28
2019-12-29,2437,2019,12,29
2019-12-30,2438,2019,12,30
2019-12-31,2439,2019,12,31
2020-01-01,2440,2020,1,1
2020-01-02,2441,2020,1,2
2020-01-03,2442,2020,1,3
2020-01-04,2443,2020,1,4
2020-01-05,2444,2020,1,5
2020-01-06,2445,2020,1,6
2020-01-07,2446,2020,1,7
2020-01-08,2447,2020,1,8
2020-01-09,2448,2020,1,9
2020-01-10,2449,2020,1,10
2020-01-11,2450,2020,1,11
2020-01-12,2451,2020,1,12
2020-01-13,2452,2020,1,13
2020-01-14,2453,2020,1,14
2020-01-15,2454,2020,1,15
2020-01-16,2455,2020,1,16
2020-01-17,2456,2020,1,17
2020-01-18,2457,2020,1,18
2020-01-19,2458,2020,1,19
2020-01-20,2459,2020,1,20
2020-01-21,2460,2020,1,21
2020-01-22,2461,2020,1,22
2020-01-23,2462,2020,1,23
2020-01-24,2463,2020,1,24
2020-01-25,2464,2020,1,25
2020-01-26,2465,2020,1,26
2020-01-27,2466,2020,1,27
2020-01-28,2467,2020,1,28
2020-01-29,2468,2020,1,29
2020-01-30,2469,2020,1,30
2020-01-31,2470,2020,1,31
2020-02-01,2471,2020,2,1
2020-02-02,2472,2020,2,2
2020-02-03,2473,2020,2,3
2020-02-04,2474,2020,2,4
2020-02-05,2475,2020,2,5
2020-02-06,2476,2020,2,6
2020-02-07,2477,2020,2,7
2020-02-08,2478,2020,2,8
2020-02-09,2479,2020,2,9
2020-02-10,2480,2020,2,10
2020-02-11,2481,2020,2,11
2020-02-12,2482,2020,2,12
2020-02-13,2483,2020,2,13
2020-02-14,2484,2020,2,14
2020-02-15,2485,2020,2,15
2020-02-16,2486,2020,2,16
2020-02-17,2487,2020,2,17
2020-02-18,2488,2020,2,18
2020-02-19,2489,2020,2,19
2020-02-20,2490,2020,2,20
2020-02-21,2491,2020,2,21
2020-02-22,2492,2020,2,22
2020-02-23,2493,2020,2,23
2020-02-24,2494,2020,2,24
2020-02-25,2495,2020,2,25
2020-02-26,2496,2020,2,26
2020-02-27,2497,2020,2,27
2020-02-28,2498,2020,2,28
2020-02-29,2499,2020,2,29
2020-03-01,2500,2020,3,1
2020-03-02,2501,2020,3,2
2020-03-03,2502,2020,3,3
2020-03-04,2503,2020,3,4
2020-03-05,2504,2020,3,5
2020-03-06,2505,2020,3,6
2020-03-07,2506,2020,3,7
2020-03-08,2507,2020,3,8
2020-03-09,2508,2020,3,9
2020-03-10,2509,2020,3,10
2020-03-11,2510,2020,3,11
2020-03-12,2511,2020,3,12
2020-03-13,2512,2020,3,13
2020-03-14,2513,2020,3,14
2020-03-15,2514,2020,3,15
2020-03-16,2515,2020,3,16
2020-03-17,2516,2020,3,17
2020-03-18,2517,2020,3,18
2020-03-19,2518,2020,3,19
2020-03-20,2519,2020,3,20
2020-03-21,2520,2020,3,21
2020-03-22,2521,2020,3,22
2020-03-23,2522,2020,3,23
2020-03-24,2523,2020,3,24
2020-03-25,2524,2020,3,25
2020-03-26,2525,2020,3,26
2020-03-27,2526,2020,3,27
2020-03-28,2527,2020,3,28
2020-03-29,2528,2020,3,29
2020-03-30,2529,2020,3,30
2020-03-31,2530,2020,3,31
2020-04-01,2531,2020,4,1
2020-04-02,2532,2020,4,2
2020-04-03,2533,2020,4,3
2020-04-04,2534,2020,4,4
2020-04-05,2535,2020,4,5
2020-04-06,2536,2020,4,6
2020-04-07,2537,2020,4,7
2020-04-08,2538,2020,4,8
2020-04-09,2539,2020,4,9
2020-04-10,2540,2020,4,10
2020-04-11,2541,2020,4,11
2020-04-12,2542,2020,4,12
2020-04-13,2543,2020,4,13
2020-04-14,2544,2020,4,14
2020-04-15,2545,2020,4,15
2020-04-16,2546,2020,4,16
2020-04-17,2547,2020,4,17
2020-04-18,2548,2020,4,18
2020-04-19,2549,2020,4,19
2020-04-20,2550,2020,4,20
2020-04-21,2551,2020,4,21
2020-04-22,2552,2020,4,22
2020-04-23,2553,2020,4,23
2020-04-24,2554,2020,4,24
2020-04-25,2555,2020,4,25
2020-04-26,2556,2020,4,26
2020-04-27,2557,2020,4,27
2020-04-28,2558,2020,4,28
2020-04-29,2559,2020,4,29
2020-04-30,2560,2020,4,30
2020-05-01,2561,2020,5,1
2020-05-02,2562,2020,5,2
2020-05-03,2563,2020,5,3
2020-05-04,2564,2020,5,4
2020-05-05,2565,2020,5,5
2020-05-06,2566,2020,5,6
2020-05-07,2567,2020,5,7
2020-05-08,2568,2020,5,8
2020-05-09,2569,2020,5,9
2020-05-10,2570,2020,5,10
2020-05-11,2571,2020,5,11
2020-05-12,2572,2020,5,12
2020-05-13,2573,2020,5,13
2020-05-14,2574,2020,5,14
2020-05-15,2575,2020,5,15
2020-05-16,2576,2020,5,16
2020-05-17,2577,2020,5,17
2020-05-18,2578,2020,5,18
2020-05-19,2579,2020,5,19
2020-05-20,2580,2020,5,20
2020-05-21,2581,2020,5,21
2020-05-22,2582,2020,5,22
2020-05-23,2583,2020,5,23
2020-05-24,2584,2020,5,24
2020-05-25,2585,2020,5,25
2020-05-26,2586,2020,5,26
2020-05-27,2587,2020,5,27
2020-05-28,2588,2020,5,28
2020-05-29,2589,2020,5,29
2020-05-30,2590,2020,5,30
2020-05-31,2591,2020,5,31
2020-06-01,2592,2020,6,1
2020-06-02,2593,2020,6,2
2020-06-03,2594,2020,6,3
2020-06-04,2595,2020,6,4
2020-06-05,2596,2020,6,5
2020-06-06,2597,2020,6,6
2020-06-07,2598,2020,6,7
2020-06-08,2599,2020,6,8
2020-06-09,2600,2020,6,9
2020-06-10,2601,2020,6,10
2020-06-11,2602,2020,6,11
2020-06-12,2603,2020,6,12
2020-06-13,2604,2020,6,13
2020-06-14,2605,2020,6,14
2020-06-15,2606,2020,6,15
2020-06-16,2607,2020,6,16
2020-06-17,2608,2020,6,17
2020-06-18,2609,2020,6,18
2020-06-19,2610,2020,6,19
2020-06-20,2611,2020,6,20
2020-06-21,2612,2020,6,21
2020-06-22,2613,2020,6,22
2020-06-23,2614,2020,6,23
2020-06-24,2615,2020,6,24
2020-06-25,2616,2020,6,25
2020-06-26,2617,2020,6,26
2020-06-27,2618,2020,6,27
2020-06-28,2619,2020,6,28
2020-06-29,2620,2020,6,29
2020-06-30,2621,2020,6,30
2020-07-01,2622,2020,7,1
2020-07-02,2623,2020,7,2
2020-07-03,2624,2020,7,3
2020-07-04,2625,2020,7,4
2020-07-05,2626,2020,7,5
2020-07-06,2627,2020,7,6
2020-07-07,2628,2020,7,7
2020-07-08,2629,2020,7,8
2020-07-09,2630,2020,7,9
2020-07-10,2631,2020,7,10
2020-07-11,2632,2020,7,11
2020-07-12,2633,2020,7,12
2020-07-13,2634,2020,7,13
2020-07-14,2635,2020,7,14
2020-07-15,2636,2020,7,15
2020-07-16,2637,2020,7,16
2020-07-17,2638,2020,7,17
2020-07-18,2639,2020,7,18
2020-07-19,2640,2020,7,19
2020-07-20,2641,2020,7,20
2020-07-21,2642,2020,7,21
2020-07-22,2643,2020,7,22
2020-07-23,2644,2020,7,23
2020-07-24,2645,2020,7,24
2020-07-25,2646,2020,7,25
2020-07-26,2647,2020,7,26
2020-07-27,2648,2020,7,27
2020-07-28,2649,2020,7,28
2020-07-29,2650,2020,7,29
2020-07-30,2651,2020,7,30
2020-07-31,2652,2020,7,31
2020-08-01,2653,2020,8,1
2020-08-02,2654,2020,8,2
2020-08-03,2655,2020,8,3
2020-08-04,2656,2020,8,4
2020-08-05,2657,2020,8,5
2020-08-06,2658,2020,8,6
2020-08-07,2659,2020,8,7
2020-08-08,2660,2020,8,8
2020-08-09,2661,2020,8,9
2020-08-10,2662,2020,8,10
2020-08-11,2663,2020,8,11
2020-08-12,2664,2020,8,12
2020-08-13,2665,2020,8,13
2020-08-14,2666,2020,8,14
2020-08-15,2667,2020,8,15
2020-08-16,2668,2020,8,16
2020-08-17,2669,2020,8,17
2020-08-18,2670,2020,8,18
2020-08-19,2671,2020,8,19
2020-08-20,2672,2020,8,20
2020-08-21,2673,2020,8,21
2020-08-22,2674,2020,8,22
2020-08-23,2675,2020,8,23
2020-08-24,2676,2020,8,24
2020-08-25,2677,2020,8,25
2020-08-26,2678,2020,8,26
2020-08-27,2679,2020,8,27
2020-08-28,2680,2020,8,28
2020-08-29,2681,2020,8,29
2020-08-30,2682,2020,8,30
2020-08-31,2683,2020,8,31
2020-09-01,2684,2020,9,1
2020-09-02,2685,2020,9,2
2020-09-03,2686,2020,9,3
2020-09-04,2687,2020,9,4
2020-09-05,2688,2020,9,5
2020-09-06,2689,2020,9,6
2020-09-07,2690,2020,9,7
2020-09-08,2691,2020,9,8
2020-09-09,2692,2020,9,9
2020-09-10,2693,2020,9,10
2020-09-11,2694,2020,9,11
2020-09-12,2695,2020,9,12
2020-09-13,2696,2020,9,13
2020-09-14,2697,2020,9,14
2020-09-15,2698,2020,9,15
2020-09-16,2699,2020,9,16
2020-09-17,2700,2020,9,17
2020-09-18,2701,2020,9,18
2020-09-19,2702,2020,9,19
2020-09-20,2703,2020,9,20
2020-09-21,2704,2020,9,21
2020-09-22,2705,2020,9,22
2020-09-23,2706,2020,9,23
2020-09-24,2707,2020,9,24
2020-09-25,2708,2020,9,25
2020-09-26,2709,2020,9,26
2020-09-27,2710,2020,9,27
2020-09-28,2711,2020,9,28
2020-09-29,2712,2020,9,29
2020-09-30,2713,2020,9,30
2020-10-01,2714,2020,10,1
2020-10-02,2715,2020,10,2
2020-10-03,2716,2020,10,3
2020-10-04,2717,2020,10,4
2020-10-05,2718,2020,10,5
2020-10-06,2719,2020,10,6
2020-10-07,2720,2020,10,7
2020-10-08,2721,2020,10,8
2020-10-09,2722,2020,10,9
2020-10-10,2723,2020,10,10
2020-10-11,2724,2020,10,11
2020-10-12,2725,2020,10,12
2020-10-13,2726,2020,10,13
2020-10-14,2727,2020,10,14
2020-10-15,2728,2020,10,15
2020-10-16,2729,2020,10,16
2020-10-17,2730,2020,10,17
2020-10-18,2731,2020,10,18
2020-10-19,2732,2020,10,19
2020-10-20,2733,2020,10,20
2020-10-21,2734,2020,10,21
2020-10-22,2735,2020,10,22
2020-10-23,2736,2020,10,23
2020-10-24,2737,2020,10,24
2020-10-25,2738,2020,10,25
2020-10-26,2739,2020,10,26
2020-10-27,2740,2020,10,27
2020-10-28,2741,2020,10,28
2020-10-29,2742,2020,10,29
2020-10-30,2743,2020,10,30
2020-10-31,2744,2020,10,31
2020-11-01,2745,2020,11,1
2020-11-02,2746,2020,11,2
2020-11-03,2747,2020,11,3
2020-11-04,2748,2020,11,4
2020-11-05,2749,2020,11,5
2020-11-06,2750,2020,11,6
2020-11-07,2751,2020,11,7
2020-11-08,2752,2020,11,8
2020-11-09,2753,2020,11,9
2020-11-10,2754,2020,11,10
2020-11-11,2755,2020,11,11
2020-11-12,2756,2020,11,12
2020-11-13,2757,2020,11,13
2020-11-14,2758,2020,11,14
2020-11-15,2759,2020,11,15
2020-11-16,2760,2020,11,16
2020-11-17,2761,2020,11,17
2020-11-18,2762,2020,11,18
2020-11-19,2763,2020,11,19
2020-11-20,2764,2020,11,20
2020-11-21,2765,2020,11,21
2020-11-22,2766,2020,11,22
2020-11-23,2767,2020,11,23
2020-11-24,2768,2020,11,24
2020-11-25,2769,2020,11,25
2020-11-26,2770,2020,11,26
2020-11-27,2771,2020,11,27
2020-11-28,2772,2020,11,28
2020-11-29,2773,2020,11,29
2020-11-30,2774,2020,11,30
2020-12-01,2775,2020,12,1
2020-12-02,2776,2020,12,2
2020-12-03,2777,2020,12,3
2020-12-04,2778,2020,12,4
2020-12-05,2779,2020,12,5
2020-12-06,2780,2020,12,6
2020-12-07,2781,2020,12,7
2020-12-08,2782,2020,12,8
2020-12-09,2783,2020,12,9
2020-12-10,2784,2020,12,10
2020-12-11,2785,2020,12,11
2020-12-12,2786,2020,12,12
2020-12-13,2787,2020,12,13
2020-12-14,2788,2020,12,14
2020-12-15,2789,2020,12,15
2020-12-16,2790,2020,12,16
2020-12-17,2791,2020,12,17
2020-12-18,2792,2020,12,18
2020-12-19,2793,2020,12,19
2020-12-20,2794,2020,12,20
2020-12-21,2795,2020,12,21
2020-12-22,2796,2020,12,22
2020-12-23,2797,2020,12,23
2020-12-24,2798,2020,12,24
2020-12-25,2799,2020,12,25
2020-12-26,2800,2020,12,26
2020-12-27,2801,2020,12,27
2020-12-28,2802,2020,12,28
2020-12-29,2803,2020,12,29
2020-12-30,2804,2020,12,30
2020-12-31,2805,2020,12,31
2021-01-01,2806,2021,1,1
2021-01-02,2807,2021,1,2
2021-01-03,2808,2021,1,3
2021-01-04,2809,2021,1,4
2021-01-05,2810,2021,1,5
2021-01-06,2811,2021,1,6
2021-01-07,2812,2021,1,7
2021-01-08,2813,2021,1,8
2021-01-09,2814,2021,1,9
2021-01-10,2815,2021,1,10
2021-01-11,2816,2021,1,11
2021-01-12,2817,2021,1,12
2021-01-13,2818,2021,1,13
2021-01-14,2819,2021,1,14
2021-01-15,2820,2021,1,15
2021-01-16,2821,2021,1,16
2021-01-17,2822,2021,1,17
2021-01-18,2823,2021,1,18
2021-01-19,2824,2021,1,19
2021-01-20,2825,2021,1,20
2021-01-21,2826,2021,1,21
2021-01-22,2827,2021,1,22
2021-01-23,2828,2021,1,23
2021-01-24,2829,2021,1,24
2021-01-25,2830,2021,1,25
2021-01-26,2831,2021,1,26
2021-01-27,2832,2021,1,27
2021-01-28,2833,2021,1,28
2021-01-29,2834,2021,1,29
2021-01-30,2835,2021,1,30
2021-01-31,2836,2021,1,31
2021-02-01,2837,2021,2,1
2021-02-02,2838,2021,2,2
2021-02-03,2839,2021,2,3
2021-02-04,2840,2021,2,4
2021-02-05,2841,2021,2,5
2021-02-06,2842,2021,2,6
2021-02-07,2843,2021,2,7
2021-02-08,2844,2021,2,8
2021-02-09,2845,2021,2,9
2021-02-10,2846,2021,2,10
2021-02-11,2847,2021,2,11
2021-02-12,2848,2021,2,12
2021-02-13,2849,2021,2,13
2021-02-14,2850,2021,2,14
2021-02-15,2851,2021,2,15
2021-02-16,2852,2021,2,16
2021-02-17,2853,2021,2,17
2021-02-18,2854,2021,2,18
2021-02-19,2855,2021,2,19
2021-02-20,2856,2021,2,20
2021-02-21,2857,2021,2,21
2021-02-22,2858,2021,2,22
2021-02-23,2859,2021,2,23
2021-02-24,2860,2021,2,24
2021-02-25,2861,2021,2,25
2021-02-26,2862,2021,2,26
2021-02-27,2863,2021,2,27
2021-02-28,2864,2021,2,28
2021-03-01,2865,2021,3,1
2021-03-02,2866,2021,3,2
2021-03-03,2867,2021,3,3
2021-03-04,2868,2021,3,4
2021-03-05,2869,2021,3,5
2021-03-06,2870,2021,3,6
2021-03-07,2871,2021,3,7
2021-03-08,2872,2021,3,8
2021-03-09,2873,2021,3,9
2021-03-10,2874,2021,3,10
2021-03-11,2875,2021,3,11
2021-03-12,2876,2021,3,12
2021-03-13,2877,2021,3,13
2021-03-14,2878,2021,3,14
2021-03-15,2879,2021,3,15
2021-03-16,2880,2021,3,16
2021-03-17,2881,2021,3,17
2021-03-18,2882,2021,3,18
2021-03-19,2883,2021,3,19
2021-03-20,2884,2021,3,20
2021-03-21,2885,2021,3,21
2021-03-22,2886,2021,3,22
2021-03-23,2887,2021,3,23
2021-03-24,2888,2021,3,24
2021-03-25,2889,2021,3,25
2021-03-26,2890,2021,3,26
2021-03-27,2891,2021,3,27
2021-03-28,2892,2021,3,28
2021-03-29,2893,2021,3,29
2021-03-30,2894,2021,3,30
2021-03-31,2895,2021,3,31
2021-04-01,2896,2021,4,1
2021-04-02,2897,2021,4,2
2021-04-03,2898,2021,4,3
2021-04-04,2899,2021,4,4
2021-04-05,2900,2021,4,5
2021-04-06,2901,2021,4,6
2021-04-07,2902,2021,4,7
2021-04-08,2903,2021,4,8
2021-04-09,2904,2021,4,9
2021-04-10,2905,2021,4,10
2021-04-11,2906,2021,4,11
2021-04-12,2907,2021,4,12
2021-04-13,2908,2021,4,13
2021-04-14,2909,2021,4,14
2021-04-15,2910,2021,4,15
2021-04-16,2911,2021,4,16
2021-04-17,2912,2021,4,17
2021-04-18,2913,2021,4,18
2021-04-19,2914,2021,4,19
2021-04-20,2915,2021,4,20
2021-04-21,2916,2021,4,21
2021-04-22,2917,2021,4,22
2021-04-23,2918,2021,4,23
2021-04-24,2919,2021,4,24
2021-04-25,2920,2021,4,25
2021-04-26,2921,2021,4,26
2021-04-27,2922,2021,4,27
2021-04-28,2923,2021,4,28
2021-04-29,2924,2021,4,29
2021-04-30,2925,2021,4,30
2021-05-01,2926,2021,5,1
2021-05-02,2927,2021,5,2
2021-05-03,2928,2021,5,3
2021-05-04,2929,2021,5,4
2021-05-05,2930,2021,5,5
2021-05-06,2931,2021,5,6
2021-05-07,2932,2021,5,7
2021-05-08,2933,2021,5,8
2021-05-09,2934,2021,5,9
2021-05-10,2935,2021,5,10
2021-05-11,2936,2021,5,11
2021-05-12,2937,2021,5,12
2021-05-13,2938,2021,5,13
2021-05-14,2939,2021,5,14
2021-05-15,2940,2021,5,15
2021-05-16,2941,2021,5,16
2021-05-17,2942,2021,5,17
2021-05-18,2943,2021,5,18
2021-05-19,2944,2021,5,19
2021-05-20,2945,2021,5,20
2021-05-21,2946,2021,5,21
2021-05-22,2947,2021,5,22
2021-05-23,2948,2021,5,23
2021-05-24,2949,2021,5,24
2021-05-25,2950,2021,5,25
2021-05-26,2951,2021,5,26
2021-05-27,2952,2021,5,27
2021-05-28,2953,2021,5,28
2021-05-29,2954,2021,5,29
2021-05-30,2955,2021,5,30
2021-05-31,2956,2021,5,31
2021-06-01,2957,2021,6,1
2021-06-02,2958,2021,6,2
2021-06-03,2959,2021,6,3
2021-06-04,2960,2021,6,4
2021-06-05,2961,2021,6,5
2021-06-06,2962,2021,6,6
2021-06-07,2963,2021,6,7
2021-06-08,2964,2021,6,8
2021-06-09,2965,2021,6,9
2021-06-10,2966,2021,6,10
2021-06-11,2967,2021,6,11
2021-06-12,2968,2021,6,12
2021-06-13,2969,2021,6,13
2021-06-14,2970,2021,6,14
2021-06-15,2971,2021,6,15
2021-06-16,2972,2021,6,16
2021-06-17,2973,2021,6,17
2021-06-18,2974,2021,6,18
2021-06-19,2975,2021,6,19
2021-06-20,2976,2021,6,20
2021-06-21,2977,2021,6,21
2021-06-22,2978,2021,6,22
2021-06-23,2979,2021,6,23
2021-06-24,2980,2021,6,24
2021-06-25,2981,2021,6,25
2021-06-26,2982,2021,6,26
2021-06-27,2983,2021,6,27
2021-06-28,2984,2021,6,28
2021-06-29,2985,2021,6,29
2021-06-30,2986,2021,6,30
2021-07-01,2987,2021,7,1
2021-07-02,2988,2021,7,2
2021-07-03,2989,2021,7,3
2021-07-04,2990,2021,7,4
2021-07-05,2991,2021,7,5
2021-07-06,2992,2021,7,6
2021-07-07,2993,2021,7,7
2021-07-08,2994,2021,7,8
2021-07-09,2995,2021,7,9
2021-07-10,2996,2021,7,10
2021-07-11,2997,2021,7,11
2021-07-12,2998,2021,7,12
2021-07-13,2999,2021,7,13
2021-07-14,3000,2021,7,14
2021-07-15,3001,2021,7,15
2021-07-16,3002,2021,7,16
2021-07-17,3003,2021,7,17
2021-07-18,3004,2021,7,18
2021-07-19,3005,2021,7,19
2021-07-20,3006,2021,7,20
2021-07-21,3007,2021,7,21
2021-07-22,3008,2021,7,22
2021-07-23,3009,2021,7,23
2021-07-24,3010,2021,7,24
2021-07-25,3011,2021,7,25
2021-07-26,3012,2021,7,26
2021-07-27,3013,2021,7,27
2021-07-28,3014,2021,7,28
2021-07-29,3015,2021,7,29
2021-07-30,3016,2021,7,30
2021-07-31,3017,2021,7,31
2021-08-01,3018,2021,8,1
2021-08-02,3019,2021,8,2
2021-08-03,3020,2021,8,3
2021-08-04,3021,2021,8,4
2021-08-05,3022,2021,8,5
2021-08-06,3023,2021,8,6
2021-08-07,3024,2021,8,7
2021-08-08,3025,2021,8,8
2021-08-09,3026,2021,8,9
2021-08-10,3027,2021,8,10
2021-08-11,3028,2021,8,11
2021-08-12,3029,2021,8,12
2021-08-13,3030,2021,8,13
2021-08-14,3031,2021,8,14
2021-08-15,3032,2021,8,15
2021-08-16,3033,2021,8,16
2021-08-17,3034,2021,8,17
2021-08-18,3035,2021,8,18
2021-08-19,3036,2021,8,19
2021-08-20,3037,2021,8,20
2021-08-21,3038,2021,8,21
2021-08-22,3039,2021,8,22
2021-08-23,3040,2021,8,23
2021-08-24,3041,2021,8,24
2021-08-25,3042,2021,8,25
2021-08-26,3043,2021,8,26
2021-08-27,3044,2021,8,27
2021-08-28,3045,2021,8,28
2021-08-29,3046,2021,8,29
2021-08-30,3047,2021,8,30
2021-08-31,3048,2021,8,31
2021-09-01,3049,2021,9,1
2021-09-02,3050,2021,9,2
2021-09-03,3051,2021,9,3
2021-09-04,3052,2021,9,4
2021-09-05,3053,2021,9,5
2021-09-06,3054,2021,9,6
2021-09-07,3055,2021,9,7
2021-09-08,3056,2021,9,8
2021-09-09,3057,2021,9,9
2021-09-10,3058,2021,9,10
2021-09-11,3059,2021,9,11
2021-09-12,3060,2021,9,12
2021-09-13,3061,2021,9,13
2021-09-14,3062,2021,9,14
2021-09-15,3063,2021,9,15
2021-09-16,3064,2021,9,16
2021-09-17,3065,2021,9,17
2021-09-18,3066,2021,9,18
2021-09-19,3067,2021,9,19
2021-09-20,3068,2021,9,20
2021-09-21,3069,2021,9,21
2021-09-22,3070,2021,9,22
2021-09-23,3071,2021,9,23
2021-09-24,3072,2021,9,24
2021-09-25,3073,2021,9,25
2021-09-26,3074,2021,9,26
2021-09-27,3075,2021,9,27
2021-09-28,3076,2021,9,28
2021-09-29,3077,2021,9,29
2021-09-30,3078,2021,9,30
2021-10-01,3079,2021,10,1
2021-10-02,3080,2021,10,2
2021-10-03,3081,2021,10,3
2021-10-04,3082,2021,10,4
2021-10-05,3083,2021,10,5
2021-10-06,3084,2021,10,6
2021-10-07,3085,2021,10,7
2021-10-08,3086,2021,10,8
2021-10-09,3087,2021,10,9
2021-10-10,3088,2021,10,10
2021-10-11,3089,2021,10,11
2021-10-12,3090,2021,10,12
2021-10-13,3091,2021,10,13
2021-10-14,3092,2021,10,14
2021-10-15,3093,2021,10,15
2021-10-16,3094,2021,10,16
2021-10-17,3095,2021,10,17
2021-10-18,3096,2021,10,18
2021-10-19,3097,2021,10,19
2021-10-20,3098,2021,10,20
2021-10-21,3099,2021,10,21
2021-10-22,3100,2021,10,22
2021-10-23,3101,2021,10,23
2021-10-24,3102,2021,10,24
2021-10-25,3103,2021,10,25
2021-10-26,3104,2021,10,26
2021-10-27,3105,2021,10,27
2021-10-28,3106,2021,10,28
2021-10-29,3107,2021,10,29
2021-10-30,3108,2021,10,30
2021-10-31,3109,2021,10,31
2021-11-01,3110,2021,11,1
2021-11-02,3111,2021,11,2
2021-11-03,3112,2021,11,3
2021-11-04,3113,2021,11,4
2021-11-05,3114,2021,11,5
2021-11-06,3115,2021,11,6
2021-11-07,3116,2021,11,7
2021-11-08,3117,2021,11,8
2021-11-09,3118,2021,11,9
2021-11-10,3119,2021,11,10
2021-11-11,3120,2021,11,11
2021-11-12,3121,2021,11,12
2021-11-13,3122,2021,11,13
2021-11-14,3123,2021,11,14
2021-11-15,3124,2021,11,15
2021-11-16,3125,2021,11,16
2021-11-17,3126,2021,11,17
2021-11-18,3127,2021,11,18
2021-11-19,3128,2021,11,19
2021-11-20,3129,2021,11,20
2021-11-21,3130,2021,11,21
2021-11-22,3131,2021,11,22
2021-11-23,3132,2021,11,23
2021-11-24,3133,2021,11,24
2021-11-25,3134,2021,11,25
2021-11-26,3135,2021,11,26
2021-11-27,3136,2021,11,27
2021-11-28,3137,2021,11,28
2021-11-29,3138,2021,11,29
2021-11-30,3139,2021,11,30
2021-12-01,3140,2021,12,1
2021-12-02,3141,2021,12,2
2021-12-03,3142,2021,12,3
2021-12-04,3143,2021,12,4
2021-12-05,3144,2021,12,5
2021-12-06,3145,2021,12,6
2021-12-07,3146,2021,12,7
2021-12-08,3147,2021,12,8
2021-12-09,3148,2021,12,9
2021-12-10,3149,2021,12,10
2021-12-11,3150,2021,12,11
2021-12-12,3151,2021,12,12
2021-12-13,3152,2021,12,13
2021-12-14,3153,2021,12,14
2021-12-15,3154,2021,12,15
2021-12-16,3155,2021,12,16
2021-12-17,3156,2021,12,17
2021-12-18,3157,2021,12,18
2021-12-19,3158,2021,12,19
2021-12-20,3159,2021,12,20
2021-12-21,3160,2021,12,21
2021-12-22,3161,2021,12,22
2021-12-23,3162,2021,12,23
2021-12-24,3163,2021,12,24
2021-12-25,3164,2021,12,25
2021-12-26,3165,2021,12,26
2021-12-27,3166,2021,12,27
2021-12-28,3167,2021,12,28
2021-12-29,3168,2021,12,29
2021-12-30,3169,2021,12,30
2021-12-31,3170,2021,12,31
2022-01-01,3171,2022,1,1
2022-01-02,3172,2022,1,2
2022-01-03,3173,2022,1,3
2022-01-04,3174,2022,1,4
2022-01-05,3175,2022,1,5
2022-01-06,3176,2022,1,6
2022-01-07,3177,2022,1,7
2022-01-08,3178,2022,1,8
2022-01-09,3179,2022,1,9
2022-01-10,3180,2022,1,10
2022-01-11,3181,2022,1,11
2022-01-12,3182,2022,1,12
2022-01-13,3183,2022,1,13
2022-01-14,3184,2022,1,14
2022-01-15,3185,2022,1,15
2022-01-16,3186,2022,1,16
2022-01-17,3187,2022,1,17
2022-01-18,3188,2022,1,18
2022-01-19,3189,2022,1,19
2022-01-20,3190,2022,1,20
2022-01-21,3191,2022,1,21
2022-01-22,3192,2022,1,22
2022-01-23,3193,2022,1,23
2022-01-24,3194,2022,1,24
2022-01-25,3195,2022,1,25
2022-01-26,3196,2022,1,26
2022-01-27,3197,2022,1,27
2022-01-28,3198,2022,1,28
2022-01-29,3199,2022,1,29
2022-01-30,3200,2022,1,30
2022-01-31,3201,2022,1,31
2022-02-01,3202,2022,2,1
2022-02-02,3203,2022,2,2
2022-02-03,3204,2022,2,3
2022-02-04,3205,2022,2,4
2022-02-05,3206,2022,2,5
2022-02-06,3207,2022,2,6
2022-02-07,3208,2022,2,7
2022-02-08,3209,2022,2,8
2022-02-09,3210,2022,2,9
2022-02-10,3211,2022,2,10
2022-02-11,3212,2022,2,11
2022-02-12,3213,2022,2,12
2022-02-13,3214,2022,2,13
2022-02-14,3215,2022,2,14
2022-02-15,3216,2022,2,15
2022-02-16,3217,2022,2,16
2022-02-17,3218,2022,2,17
2022-02-18,3219,2022,2,18
2022-02-19,3220,2022,2,19
2022-02-20,3221,2022,2,20
2022-02-21,3222,2022,2,21
2022-02-22,3223,2022,2,22
2022-02-23,3224,2022,2,23
2022-02-24,3225,2022,2,24
2022-02-25,3226,2022,2,25
2022-02-26,3227,2022,2,26
2022-02-27,3228,2022,2,27
2022-02-28,3229,2022,2,28
2022-03-01,3230,2022,3,1
2022-03-02,3231,2022,3,2
2022-03-03,3232,2022,3,3
2022-03-04,3233,2022,3,4
2022-03-05,3234,2022,3,5
2022-03-06,3235,2022,3,6
2022-03-07,3236,2022,3,7
2022-03-08,3237,2022,3,8
2022-03-09,3238,2022,3,9
2022-03-10,3239,2022,3,10
2022-03-11,3240,2022,3,11
2022-03-12,3241,2022,3,12
2022-03-13,3242,2022,3,13
2022-03-14,3243,2022,3,14
2022-03-15,3244,2022,3,15
2022-03-16,3245,2022,3,16
2022-03-17,3246,2022,3,17
2022-03-18,3247,2022,3,18
2022-03-19,3248,2022,3,19
2022-03-20,3249,2022,3,20
2022-03-21,3250,2022,3,21
2022-03-22,3251,2022,3,22
2022-03-23,3252,2022,3,23
2022-03-24,3253,2022,3,24
2022-03-25,3254,2022,3,25
2022-03-26,3255,2022,3,26
2022-03-27,3256,2022,3,27
2022-03-28,3257,2022,3,28
2022-03-29,3258,2022,3,29
2022-03-30,3259,2022,3,30
2022-03-31,3260,2022,3,31
2022-04-01,3261,2022,4,1
2022-04-02,3262,2022,4,2
2022-04-03,3263,2022,4,3
2022-04-04,3264,2022,4,4
2022-04-05,3265,2022,4,5
2022-04-06,3266,2022,4,6
2022-04-07,3267,2022,4,7
2022-04-08,3268,2022,4,8
2022-04-09,3269,2022,4,9
2022-04-10,3270,2022,4,10
2022-04-11,3271,2022,4,11
2022-04-12,3272,2022,4,12
2022-04-13,3273,2022,4,13
2022-04-14,3274,2022,4,14
2022-04-15,3275,2022,4,15
2022-04-16,3276,2022,4,16
2022-04-17,3277,2022,4,17
2022-04-18,3278,2022,4,18
2022-04-19,3279,2022,4,19
2022-04-20,3280,2022,4,20
2022-04-21,3281,2022,4,21
2022-04-22,3282,2022,4,22
2022-04-23,3283,2022,4,23
2022-04-24,3284,2022,4,24
2022-04-25,3285,2022,4,25
2022-04-26,3286,2022,4,26
2022-04-27,3287,2022,4,27
2022-04-28,3288,2022,4,28
2022-04-29,3289,2022,4,29
2022-04-30,3290,2022,4,30
2022-05-01,3291,2022,5,1
2022-05-02,3292,2022,5,2
2022-05-03,3293,2022,5,3
2022-05-04,3294,2022,5,4
2022-05-05,3295,2022,5,5
2022-05-06,3296,2022,5,6
2022-05-07,3297,2022,5,7
2022-05-08,3298,2022,5,8
2022-05-09,3299,2022,5,9
2022-05-10,3300,2022,5,10
2022-05-11,3301,2022,5,11
2022-05-12,3302,2022,5,12
2022-05-13,3303,2022,5,13
2022-05-14,3304,2022,5,14
2022-05-15,3305,2022,5,15
2022-05-16,3306,2022,5,16
2022-05-17,3307,2022,5,17
2022-05-18,3308,2022,5,18
2022-05-19,3309,2022,5,19
2022-05-20,3310,2022,5,20
2022-05-21,3311,2022,5,21
2022-05-22,3312,2022,5,22
2022-05-23,3313,2022,5,23
2022-05-24,3314,2022,5,24
2022-05-25,3315,2022,5,25
2022-05-26,3316,2022,5,26
2022-05-27,3317,2022,5,27
2022-05-28,3318,2022,5,28
2022-05-29,3319,2022,5,29
2022-05-30,3320,2022,5,30
2022-05-31,3321,2022,5,31
2022-06-01,3322,2022,6,1
2022-06-02,3323,2022,6,2
2022-06-03,3324,2022,6,3
2022-06-04,3325,2022,6,4
2022-06-05,3326,2022,6,5
2022-06-06,3327,2022,6,6
2022-06-07,3328,2022,6,7
2022-06-08,3329,2022,6,8
2022-06-09,3330,2022,6,9
2022-06-10,3331,2022,6,10
2022-06-11,3332,2022,6,11
2022-06-12,3333,2022,6,12
2022-06-13,3334,2022,6,13
2022-06-14,3335,2022,6,14
2022-06-15,3336,2022,6,15
2022-06-16,3337,2022,6,16
2022-06-17,3338,2022,6,17
2022-06-18,3339,2022,6,18
2022-06-19,3340,2022,6,19
2022-06-20,3341,2022,6,20
2022-06-21,3342,2022,6,21
2022-06-22,3343,2022,6,22
2022-06-23,3344,2022,6,23
2022-06-24,3345,2022,6,24
2022-06-25,3346,2022,6,25
2022-06-26,3347,2022,6,26
2022-06-27,3348,2022,6,27
2022-06-28,3349,2022,6,28
2022-06-29,3350,2022,6,29
2022-06-30,3351,2022,6,30
2022-07-01,3352,2022,7,1
2022-07-02,3353,2022,7,2
2022-07-03,3354,2022,7,3
2022-07-04,3355,2022,7,4
2022-07-05,3356,2022,7,5
2022-07-06,3357,2022,7,6
2022-07-07,3358,2022,7,7
2022-07-08,3359,2022,7,8
2022-07-09,3360,2022,7,9
2022-07-10,3361,2022,7,10
2022-07-11,3362,2022,7,11
2022-07-12,3363,2022,7,12
2022-07-13,3364,2022,7,13
2022-07-14,3365,2022,7,14
2022-07-15,3366,2022,7,15
2022-07-16,3367,2022,7,16
2022-07-17,3368,2022,7,17
2022-07-18,3369,2022,7,18
2022-07-19,3370,2022,7,19
2022-07-20,3371,2022,7,20
2022-07-21,3372,2022,7,21
2022-07-22,3373,2022,7,22
2022-07-23,3374,2022,7,23
2022-07-24,3375,2022,7,24
2022-07-25,3376,2022,7,25
2022-07-26,3377,2022,7,26
2022-07-27,3378,2022,7,27
2022-07-28,3379,2022,7,28
2022-07-29,3380,2022,7,29
2022-07-30,3381,2022,7,30
2022-07-31,3382,2022,7,31
2022-08-01,3383,2022,8,1
2022-08-02,3384,2022,8,2
2022-08-03,3385,2022,8,3
2022-08-04,3386,2022,8,4
2022-08-05,3387,2022,8,5
2022-08-06,3388,2022,8,6
2022-08-07,3389,2022,8,7
2022-08-08,3390,2022,8,8
2022-08-09,3391,2022,8,9
2022-08-10,3392,2022,8,10
2022-08-11,3393,2022,8,11
2022-08-12,3394,2022,8,12
2022-08-13,3395,2022,8,13
2022-08-14,3396,2022,8,14
2022-08-15,3397,2022,8,15
2022-08-16,3398,2022,8,16
2022-08-17,3399,2022,8,17
2022-08-18,3400,2022,8,18
2022-08-19,3401,2022,8,19
2022-08-20,3402,2022,8,20
2022-08-21,3403,2022,8,21
2022-08-22,3404,2022,8,22
2022-08-23,3405,2022,8,23
2022-08-24,3406,2022,8,24
2022-08-25,3407,2022,8,25
2022-08-26,3408,2022,8,26
2022-08-27,3409,2022,8,27
2022-08-28,3410,2022,8,28
2022-08-29,3411,2022,8,29
2022-08-30,3412,2022,8,30
2022-08-31,3413,2022,8,31
2022-09-01,3414,2022,9,1
2022-09-02,3415,2022,9,2
2022-09-03,3416,2022,9,3
2022-09-04,3417,2022,9,4
2022-09-05,3418,2022,9,5
2022-09-06,3419,2022,9,6
2022-09-07,3420,2022,9,7
2022-09-08,3421,2022,9,8
2022-09-09,3422,2022,9,9
2022-09-10,3423,2022,9,10
2022-09-11,3424,2022,9,11
2022-09-12,3425,2022,9,12
2022-09-13,3426,2022,9,13
2022-09-14,3427,2022,9,14
2022-09-15,3428,2022,9,15
2022-09-16,3429,2022,9,16
2022-09-17,3430,2022,9,17
2022-09-18,3431,2022,9,18
2022-09-19,3432,2022,9,19
2022-09-20,3433,2022,9,20
2022-09-21,3434,2022,9,21
2022-09-22,3435,2022,9,22
2022-09-23,3436,2022,9,23
2022-09-24,3437,2022,9,24
2022-09-25,3438,2022,9,25
2022-09-26,3439,2022,9,26
2022-09-27,3440,2022,9,27
2022-09-28,3441,2022,9,28
2022-09-29,3442,2022,9,29
2022-09-30,3443,2022,9,30
2022-10-01,3444,2022,10,1
2022-10-02,3445,2022,10,2
2022-10-03,3446,2022,10,3
2022-10-04,3447,2022,10,4
2022-10-05,3448,2022,10,5
2022-10-06,3449,2022,10,6
2022-10-07,3450,2022,10,7
2022-10-08,3451,2022,10,8
2022-10-09,3452,2022,10,9
2022-10-10,3453,2022,10,10
2022-10-11,3454,2022,10,11
2022-10-12,3455,2022,10,12
2022-10-13,3456,2022,10,13
2022-10-14,3457,2022,10,14
2022-10-15,3458,2022,10,15
2022-10-16,3459,2022,10,16
2022-10-17,3460,2022,10,17
2022-10-18,3461,2022,10,18
2022-10-19,3462,2022,10,19
2022-10-20,3463,2022,10,20
2022-10-21,3464,2022,10,21
2022-10-22,3465,2022,10,22
2022-10-23,3466,2022,10,23
2022-10-24,3467,2022,10,24
2022-10-25,3468,2022,10,25
2022-10-26,3469,2022,10,26
2022-10-27,3470,2022,10,27
2022-10-28,3471,2022,10,28
2022-10-29,3472,2022,10,29
2022-10-30,3473,2022,10,30
2022-10-31,3474,2022,10,31
2022-11-01,3475,2022,11,1
2022-11-02,3476,2022,11,2
2022-11-03,3477,2022,11,3
2022-11-04,3478,2022,11,4
2022-11-05,3479,2022,11,5
2022-11-06,3480,2022,11,6
2022-11-07,3481,2022,11,7
2022-11-08,3482,2022,11,8
2022-11-09,3483,2022,11,9
2022-11-10,3484,2022,11,10
2022-11-11,3485,2022,11,11
2022-11-12,3486,2022,11,12
2022-11-13,3487,2022,11,13
2022-11-14,3488,2022,11,14
2022-11-15,3489,2022,11,15
2022-11-16,3490,2022,11,16
2022-11-17,3491,2022,11,17
2022-11-18,3492,2022,11,18
2022-11-19,3493,2022,11,19
2022-11-20,3494,2022,11,20
2022-11-21,3495,2022,11,21
2022-11-22,3496,2022,11,22
2022-11-23,3497,2022,11,23
2022-11-24,3498,2022,11,24
2022-11-25,3499,2022,11,25
2022-11-26,3500,2022,11,26
2022-11-27,3501,2022,11,27
2022-11-28,3502,2022,11,28
2022-11-29,3503,2022,11,29
2022-11-30,3504,2022,11,30
2022-12-01,3505,2022,12,1
2022-12-02,3506,2022,12,2
2022-12-03,3507,2022,12,3
2022-12-04,3508,2022,12,4
2022-12-05,3509,2022,12,5
2022-12-06,3510,2022,12,6
2022-12-07,3511,2022,12,7
2022-12-08,3512,2022,12,8
2022-12-09,3513,2022,12,9
2022-12-10,3514,2022,12,10
2022-12-11,3515,2022,12,11
2022-12-12,3516,2022,12,12
2022-12-13,3517,2022,12,13
2022-12-14,3518,2022,12,14
2022-12-15,3519,2022,12,15
2022-12-16,3520,2022,12,16
2022-12-17,3521,2022,12,17
2022-12-18,3522,2022,12,18
2022-12-19,3523,2022,12,19
2022-12-20,3524,2022,12,20
2022-12-21,3525,2022,12,21
2022-12-22,3526,2022,12,22
2022-12-23,3527,2022,12,23
2022-12-24,3528,2022,12,24
2022-12-25,3529,2022,12,25
2022-12-26,3530,2022,12,26
2022-12-27,3531,2022,12,27
2022-12-28,3532,2022,12,28
2022-12-29,3533,2022,12,29
2022-12-30,3534,2022,12,30
2022-12-31,3535,2022,12,31
2023-01-01,3536,2023,1,1
2023-01-02,3537,2023,1,2
2023-01-03,3538,2023,1,3
2023-01-04,3539,2023,1,4
2023-01-05,3540,2023,1,5
2023-01-06,3541,2023,1,6
2023-01-07,3542,2023,1,7
2023-01-08,3543,2023,1,8
2023-01-09,3544,2023,1,9
2023-01-10,3545,2023,1,10
2023-01-11,3546,2023,1,11
2023-01-12,3547,2023,1,12
2023-01-13,3548,2023,1,13
2023-01-14,3549,2023,1,14
2023-01-15,3550,2023,1,15
2023-01-16,3551,2023,1,16
2023-01-17,3552,2023,1,17
2023-01-18,3553,2023,1,18
2023-01-19,3554,2023,1,19
2023-01-20,3555,2023,1,20
2023-01-21,3556,2023,1,21
2023-01-22,3557,2023,1,22
2023-01-23,3558,2023,1,23
2023-01-24,3559,2023,1,24
2023-01-25,3560,2023,1,25
2023-01-26,3561,2023,1,26
2023-01-27,3562,2023,1,27
2023-01-28,3563,2023,1,28
2023-01-29,3564,2023,1,29
2023-01-30,3565,2023,1,30
2023-01-31,3566,2023,1,31
2023-02-01,3567,2023,2,1
2023-02-02,3568,2023,2,2
2023-02-03,3569,2023,2,3
2023-02-04,3570,2023,2,4
2023-02-05,3571,2023,2,5
2023-02-06,3572,2023,2,6
2023-02-07,3573,2023,2,7
2023-02-08,3574,2023,2,8
2023-02-09,3575,2023,2,9
2023-02-10,3576,2023,2,10
2023-02-11,3577,2023,2,11
2023-02-12,3578,2023,2,12
2023-02-13,3579,2023,2,13
2023-02-14,3580,2023,2,14
2023-02-15,3581,2023,2,15
2023-02-16,3582,2023,2,16
2023-02-17,3583,2023,2,17
2023-02-18,3584,2023,2,18
2023-02-19,3585,2023,2,19
2023-02-20,3586,2023,2,20
2023-02-21,3587,2023,2,21
2023-02-22,3588,2023,2,22
2023-02-23,3589,2023,2,23
2023-02-24,3590,2023,2,24
2023-02-25,3591,2023,2,25
2023-02-26,3592,2023,2,26
2023-02-27,3593,2023,2,27
2023-02-28,3594,2023,2,28
2023-03-01,3595,2023,3,1
2023-03-02,3596,2023,3,2
2023-03-03,3597,2023,3,3
2023-03-04,3598,2023,3,4
2023-03-05,3599,2023,3,5
2023-03-06,3600,2023,3,6
2023-03-07,3601,2023,3,7
2023-03-08,3602,2023,3,8
2023-03-09,3603,2023,3,9
2023-03-10,3604,2023,3,10
2023-03-11,3605,2023,3,11
2023-03-12,3606,2023,3,12
2023-03-13,3607,2023,3,13
2023-03-14,3608,2023,3,14
2023-03-15,3609,2023,3,15
2023-03-16,3610,2023,3,16
2023-03-17,3611,2023,3,17
2023-03-18,3612,2023,3,18
2023-03-19,3613,2023,3,19
2023-03-20,3614,2023,3,20
2023-03-21,3615,2023,3,21
2023-03-22,3616,2023,3,22
2023-03-23,3617,2023,3,23
2023-03-24,3618,2023,3,24
2023-03-25,3619,2023,3,25
2023-03-26,3620,2023,3,26
2023-03-27,3621,2023,3,27
2023-03-28,3622,2023,3,28
2023-03-29,3623,2023,3,29
2023-03-30,3624,2023,3,30
2023-03-31,3625,2023,3,31
2023-04-01,3626,2023,4,1
2023-04-02,3627,2023,4,2
2023-04-03,3628,2023,4,3
2023-04-04,3629,2023,4,4
2023-04-05,3630,2023,4,5
2023-04-06,3631,2023,4,6
2023-04-07,3632,2023,4,7
2023-04-08,3633,2023,4,8
2023-04-09,3634,2023,4,9
2023-04-10,3635,2023,4,10
2023-04-11,3636,2023,4,11
2023-04-12,3637,2023,4,12
2023-04-13,3638,2023,4,13
2023-04-14,3639,2023,4,14
2023-04-15,3640,2023,4,15
2023-04-16,3641,2023,4,16
2023-04-17,3642,2023,4,17
2023-04-18,3643,2023,4,18
2023-04-19,3644,2023,4,19
2023-04-20,3645,2023,4,20
2023-04-21,3646,2023,4,21
2023-04-22,3647,2023,4,22
2023-04-23,3648,2023,4,23
2023-04-24,3649,2023,4,24
2023-04-25,3650,2023,4,25
2023-04-26,3651,2023,4,26
2023-04-27,3652,2023,4,27
2023-04-28,3653,2023,4,28
2023-04-29,3654,2023,4,29
2023-04-30,3655,2023,4,30
2023-05-01,3656,2023,5,1
2023-05-02,3657,2023,5,2
2023-05-03,3658,2023,5,3
2023-05-04,3659,2023,5,4
2023-05-05,3660,2023,5,5
2023-05-06,3661,2023,5,6
2023-05-07,3662,2023,5,7
2023-05-08,3663,2023,5,8
2023-05-09,3664,2023,5,9
2023-05-10,3665,2023,5,10
2023-05-11,3666,2023,5,11
2023-05-12,3667,2023,5,12
2023-05-13,3668,2023,5,13
2023-05-14,3669,2023,5,14
2023-05-15,3670,2023,5,15
2023-05-16,3671,2023,5,16
2023-05-17,3672,2023,5,17
2023-05-18,3673,2023,5,18
2023-05-19,3674,2023,5,19
2023-05-20,3675,2023,5,20
2023-05-21,3676,2023,5,21
2023-05-22,3677,2023,5,22
2023-05-23,3678,2023,5,23
2023-05-24,3679,2023,5,24
2023-05-25,3680,2023,5,25
2023-05-26,3681,2023,5,26
2023-05-27,3682,2023,5,27
2023-05-28,3683,2023,5,28
2023-05-29,3684,2023,5,29
2023-05-30,3685,2023,5,30
2023-05-31,3686,2023,5,31
2023-06-01,3687,2023,6,1
2023-06-02,3688,2023,6,2
2023-06-03,3689,2023,6,3
2023-06-04,3690,2023,6,4
2023-06-05,3691,2023,6,5
2023-06-06,3692,2023,6,6
2023-06-07,3693,2023,6,7
2023-06-08,3694,2023,6,8
2023-06-09,3695,2023,6,9
2023-06-10,3696,2023,6,10
2023-06-11,3697,2023,6,11
2023-06-12,3698,2023,6,12
2023-06-13,3699,2023,6,13
2023-06-14,3700,2023,6,14
2023-06-15,3701,2023,6,15
2023-06-16,3702,2023,6,16
2023-06-17,3703,2023,6,17
2023-06-18,3704,2023,6,18
2023-06-19,3705,2023,6,19
2023-06-20,3706,2023,6,20
2023-06-21,3707,2023,6,21
2023-06-22,3708,2023,6,22
2023-06-23,3709,2023,6,23
2023-06-24,3710,2023,6,24
2023-06-25,3711,2023,6,25
2023-06-26,3712,2023,6,26
2023-06-27,3713,2023,6,27
2023-06-28,3714,2023,6,28
2023-06-29,3715,2023,6,29
2023-06-30,3716,2023,6,30
2023-07-01,3717,2023,7,1
2023-07-02,3718,2023,7,2
2023-07-03,3719,2023,7,3
2023-07-04,3720,2023,7,4
2023-07-05,3721,2023,7,5
2023-07-06,3722,2023,7,6
2023-07-07,3723,2023,7,7
2023-07-08,3724,2023,7,8
2023-07-09,3725,2023,7,9
2023-07-10,3726,2023,7,10
2023-07-11,3727,2023,7,11
2023-07-12,3728,2023,7,12
2023-07-13,3729,2023,7,13
2023-07-14,3730,2023,7,14
2023-07-15,3731,2023,7,15
2023-07-16,3732,2023,7,16
2023-07-17,3733,2023,7,17
2023-07-18,3734,2023,7,18
2023-07-19,3735,2023,7,19
2023-07-20,3736,2023,7,20
2023-07-21,3737,2023,7,21
2023-07-22,3738,2023,7,22
2023-07-23,3739,2023,7,23
2023-07-24,3740,2023,7,24
2023-07-25,3741,2023,7,25
2023-07-26,3742,2023,7,26
2023-07-27,3743,2023,7,27
2023-07-28,3744,2023,7,28
2023-07-29,3745,2023,7,29
2023-07-30,3746,2023,7,30
2023-07-31,3747,2023,7,31
2023-08-01,3748,2023,8,1
2023-08-02,3749,2023,8,2
2023-08-03,3750,2023,8,3
2023-08-04,3751,2023,8,4
2023-08-05,3752,2023,8,5
2023-08-06,3753,2023,8,6
2023-08-07,3754,2023,8,7
2023-08-08,3755,2023,8,8
2023-08-09,3756,2023,8,9
2023-08-10,3757,2023,8,10
2023-08-11,3758,2023,8,11
2023-08-12,3759,2023,8,12
2023-08-13,3760,2023,8,13
2023-08-14,3761,2023,8,14
2023-08-15,3762,2023,8,15
2023-08-16,3763,2023,8,16
2023-08-17,3764,2023,8,17
2024-04-07,3765,2024,4,7
2028-03-15,3766,2028,3,15
