cryptocurrency_id,timestamp,current_supply
ethereum,2015-08-07,72279919
ethereum,2015-08-08,72307862
ethereum,2015-08-09,72335041
ethereum,2015-08-10,72362858
ethereum,2015-08-11,72390886
ethereum,2015-08-12,72418257
ethereum,2015-08-13,72446525
ethereum,2015-08-14,72477632
ethereum,2015-08-15,72506144
ethereum,2015-08-16,72533239
ethereum,2015-08-17,72561358
ethereum,2015-08-18,72587521
ethereum,2015-08-19,72614803
ethereum,2015-08-20,72635860
ethereum,2015-08-21,72662551
ethereum,2015-08-22,72690101
ethereum,2015-08-23,72716357
ethereum,2015-08-24,72743690
ethereum,2015-08-25,72770426
ethereum,2015-08-26,72796564
ethereum,2015-08-27,72821097
ethereum,2015-08-28,72845322
ethereum,2015-08-29,72867847
ethereum,2015-08-30,72889301
ethereum,2015-08-31,72910594
ethereum,2015-09-01,72930933
ethereum,2015-09-02,72949324
ethereum,2015-09-03,72966705
ethereum,2015-09-04,72989787
ethereum,2015-09-05,73015416
ethereum,2015-09-06,73041585
ethereum,2015-09-07,73067045
ethereum,2015-09-08,73092934
ethereum,2015-09-09,73119365
ethereum,2015-09-10,73145809
ethereum,2015-09-11,73173048
ethereum,2015-09-12,73199450
ethereum,2015-09-13,73225622
ethereum,2015-09-14,73251210
ethereum,2015-09-15,73276825
ethereum,2015-09-16,73303143
ethereum,2015-09-17,73328579
ethereum,2015-09-18,73354473
ethereum,2015-09-19,73381660
ethereum,2015-09-20,73409643
ethereum,2015-09-21,73436295
ethereum,2015-09-22,73462665
ethereum,2015-09-23,73489745
ethereum,2015-09-24,73516131
ethereum,2015-09-25,73543135
ethereum,2015-09-26,73569045
ethereum,2015-09-27,73594056
ethereum,2015-09-28,73618770
ethereum,2015-09-29,73643135
ethereum,2015-09-30,73668232
ethereum,2015-10-01,73695655
ethereum,2015-10-02,73722568
ethereum,2015-10-03,73749021
ethereum,2015-10-04,73774502
ethereum,2015-10-05,73800638
ethereum,2015-10-06,73825675
ethereum,2015-10-07,73851809
ethereum,2015-10-08,73878587
ethereum,2015-10-09,73904038
ethereum,2015-10-10,73929538
ethereum,2015-10-11,73956045
ethereum,2015-10-12,73982849
ethereum,2015-10-13,74009517
ethereum,2015-10-14,74035393
ethereum,2015-10-15,74061003
ethereum,2015-10-16,74086445
ethereum,2015-10-17,74112895
ethereum,2015-10-18,74138744
ethereum,2015-10-19,74164710
ethereum,2015-10-20,74190903
ethereum,2015-10-21,74216949
ethereum,2015-10-22,74242280
ethereum,2015-10-23,74269835
ethereum,2015-10-24,74296954
ethereum,2015-10-25,74323768
ethereum,2015-10-26,74349680
ethereum,2015-10-27,74377209
ethereum,2015-10-28,74403554
ethereum,2015-10-29,74431065
ethereum,2015-10-30,74458785
ethereum,2015-10-31,74486537
ethereum,2015-11-01,74514717
ethereum,2015-11-02,74541851
ethereum,2015-11-03,74569457
ethereum,2015-11-04,74597173
ethereum,2015-11-05,74624465
ethereum,2015-11-06,74651887
ethereum,2015-11-07,74678602
ethereum,2015-11-08,74705891
ethereum,2015-11-09,74732951
ethereum,2015-11-10,74760395
ethereum,2015-11-11,74788214
ethereum,2015-11-12,74816246
ethereum,2015-11-13,74844431
ethereum,2015-11-14,74872789
ethereum,2015-11-15,74900909
ethereum,2015-11-16,74928304
ethereum,2015-11-17,74956097
ethereum,2015-11-18,74983350
ethereum,2015-11-19,75009913
ethereum,2015-11-20,75035043
ethereum,2015-11-21,75061826
ethereum,2015-11-22,75088814
ethereum,2015-11-23,75116087
ethereum,2015-11-24,75142935
ethereum,2015-11-25,75169407
ethereum,2015-11-26,75195945
ethereum,2015-11-27,75223832
ethereum,2015-11-28,75251033
ethereum,2015-11-29,75278384
ethereum,2015-11-30,75305744
ethereum,2015-12-01,75333287
ethereum,2015-12-02,75359294
ethereum,2015-12-03,75387357
ethereum,2015-12-04,75414036
ethereum,2015-12-05,75440618
ethereum,2015-12-06,75466874
ethereum,2015-12-07,75493593
ethereum,2015-12-08,75519905
ethereum,2015-12-09,75548230
ethereum,2015-12-10,75575707
ethereum,2015-12-11,75602730
ethereum,2015-12-12,75629936
ethereum,2015-12-13,75657844
ethereum,2015-12-14,75684552
ethereum,2015-12-15,75711567
ethereum,2015-12-16,75738024
ethereum,2015-12-17,75764907
ethereum,2015-12-18,75791579
ethereum,2015-12-19,75818273
ethereum,2015-12-20,75844709
ethereum,2015-12-21,75871167
ethereum,2015-12-22,75898542
ethereum,2015-12-23,75925941
ethereum,2015-12-24,75952627
ethereum,2015-12-25,75979431
ethereum,2015-12-26,76005991
ethereum,2015-12-27,76032845
ethereum,2015-12-28,76059903
ethereum,2015-12-29,76086564
ethereum,2015-12-30,76113300
ethereum,2015-12-31,76140209
ethereum,2016-01-01,76166279
ethereum,2016-01-02,76193663
ethereum,2016-01-03,76221339
ethereum,2016-01-04,76248759
ethereum,2016-01-05,76276598
ethereum,2016-01-06,76304224
ethereum,2016-01-07,76331246
ethereum,2016-01-08,76359243
ethereum,2016-01-09,76386839
ethereum,2016-01-10,76414127
ethereum,2016-01-11,76441132
ethereum,2016-01-12,76467032
ethereum,2016-01-13,76493568
ethereum,2016-01-14,76520487
ethereum,2016-01-15,76547284
ethereum,2016-01-16,76573807
ethereum,2016-01-17,76600407
ethereum,2016-01-18,76627027
ethereum,2016-01-19,76653120
ethereum,2016-01-20,76679663
ethereum,2016-01-21,76705582
ethereum,2016-01-22,76731837
ethereum,2016-01-23,76757607
ethereum,2016-01-24,76784846
ethereum,2016-01-25,76810547
ethereum,2016-01-26,76837532
ethereum,2016-01-27,76863637
ethereum,2016-01-28,76890198
ethereum,2016-01-29,76916362
ethereum,2016-01-30,76942555
ethereum,2016-01-31,76968237
ethereum,2016-02-01,76994668
ethereum,2016-02-02,77020533
ethereum,2016-02-03,77047835
ethereum,2016-02-04,77074397
ethereum,2016-02-05,77100955
ethereum,2016-02-06,77127301
ethereum,2016-02-07,77153986
ethereum,2016-02-08,77180638
ethereum,2016-02-09,77207112
ethereum,2016-02-10,77233273
ethereum,2016-02-11,77259751
ethereum,2016-02-12,77286250
ethereum,2016-02-13,77313135
ethereum,2016-02-14,77339464
ethereum,2016-02-15,77365689
ethereum,2016-02-16,77392135
ethereum,2016-02-17,77417807
ethereum,2016-02-18,77444022
ethereum,2016-02-19,77470677
ethereum,2016-02-20,77497238
ethereum,2016-02-21,77523775
ethereum,2016-02-22,77550532
ethereum,2016-02-23,77576702
ethereum,2016-02-24,77603129
ethereum,2016-02-25,77629953
ethereum,2016-02-26,77656607
ethereum,2016-02-27,77682803
ethereum,2016-02-28,77709229
ethereum,2016-02-29,77734458
ethereum,2016-03-01,77760940
ethereum,2016-03-02,77787584
ethereum,2016-03-03,77813695
ethereum,2016-03-04,77839577
ethereum,2016-03-05,77866162
ethereum,2016-03-06,77891562
ethereum,2016-03-07,77917548
ethereum,2016-03-08,77943371
ethereum,2016-03-09,77969112
ethereum,2016-03-10,77995742
ethereum,2016-03-11,78022044
ethereum,2016-03-12,78048414
ethereum,2016-03-13,78075665
ethereum,2016-03-14,78102073
ethereum,2016-03-15,78133296
ethereum,2016-03-16,78164786
ethereum,2016-03-17,78196811
ethereum,2016-03-18,78228094
ethereum,2016-03-19,78260173
ethereum,2016-03-20,78291760
ethereum,2016-03-21,78323155
ethereum,2016-03-22,78354867
ethereum,2016-03-23,78386161
ethereum,2016-03-24,78418232
ethereum,2016-03-25,78450122
ethereum,2016-03-26,78482050
ethereum,2016-03-27,78513681
ethereum,2016-03-28,78544994
ethereum,2016-03-29,78576432
ethereum,2016-03-30,78608132
ethereum,2016-03-31,78639521
ethereum,2016-04-01,78671406
ethereum,2016-04-02,78702487
ethereum,2016-04-03,78734217
ethereum,2016-04-04,78766170
ethereum,2016-04-05,78797745
ethereum,2016-04-06,78829008
ethereum,2016-04-07,78860175
ethereum,2016-04-08,78892089
ethereum,2016-04-09,78923003
ethereum,2016-04-10,78954777
ethereum,2016-04-11,78985748
ethereum,2016-04-12,79017134
ethereum,2016-04-13,79048620
ethereum,2016-04-14,79080021
ethereum,2016-04-15,79111755
ethereum,2016-04-16,79143286
ethereum,2016-04-17,79174785
ethereum,2016-04-18,79206649
ethereum,2016-04-19,79237975
ethereum,2016-04-20,79269807
ethereum,2016-04-21,79301180
ethereum,2016-04-22,79332757
ethereum,2016-04-23,79364451
ethereum,2016-04-24,79395945
ethereum,2016-04-25,79428083
ethereum,2016-04-26,79459371
ethereum,2016-04-27,79491246
ethereum,2016-04-28,79522928
ethereum,2016-04-29,79554612
ethereum,2016-04-30,79586503
ethereum,2016-05-01,79617512
ethereum,2016-05-02,79649425
ethereum,2016-05-03,79681219
ethereum,2016-05-04,79712678
ethereum,2016-05-05,79744454
ethereum,2016-05-06,79776195
ethereum,2016-05-07,79807769
ethereum,2016-05-08,79839618
ethereum,2016-05-09,79871419
ethereum,2016-05-10,79903120
ethereum,2016-05-11,79934373
ethereum,2016-05-12,79966630
ethereum,2016-05-13,79998827
ethereum,2016-05-14,80030495
ethereum,2016-05-15,80062300
ethereum,2016-05-16,80093815
ethereum,2016-05-17,80126007
ethereum,2016-05-18,80158412
ethereum,2016-05-19,80190315
ethereum,2016-05-20,80222405
ethereum,2016-05-21,80254241
ethereum,2016-05-22,80286501
ethereum,2016-05-23,80318581
ethereum,2016-05-24,80350585
ethereum,2016-05-25,80382942
ethereum,2016-05-26,80414986
ethereum,2016-05-27,80447308
ethereum,2016-05-28,80479626
ethereum,2016-05-29,80511595
ethereum,2016-05-30,80543603
ethereum,2016-05-31,80575132
ethereum,2016-06-01,80607280
ethereum,2016-06-02,80639462
ethereum,2016-06-03,80671734
ethereum,2016-06-04,80703876
ethereum,2016-06-05,80735459
ethereum,2016-06-06,80767831
ethereum,2016-06-07,80799777
ethereum,2016-06-08,80832080
ethereum,2016-06-09,80864306
ethereum,2016-06-10,80895470
ethereum,2016-06-11,80927842
ethereum,2016-06-12,80960062
ethereum,2016-06-13,80992286
ethereum,2016-06-14,81024432
ethereum,2016-06-15,81056299
ethereum,2016-06-16,81088177
ethereum,2016-06-17,81121589
ethereum,2016-06-18,81155980
ethereum,2016-06-19,81189176
ethereum,2016-06-20,81220890
ethereum,2016-06-21,81252879
ethereum,2016-06-22,81285550
ethereum,2016-06-23,81317398
ethereum,2016-06-24,81349570
ethereum,2016-06-25,81381255
ethereum,2016-06-26,81413570
ethereum,2016-06-27,81445665
ethereum,2016-06-28,81477826
ethereum,2016-06-29,81509696
ethereum,2016-06-30,81541679
ethereum,2016-07-01,81574301
ethereum,2016-07-02,81606217
ethereum,2016-07-03,81638257
ethereum,2016-07-04,81670394
ethereum,2016-07-05,81701976
ethereum,2016-07-06,81734331
ethereum,2016-07-07,81766227
ethereum,2016-07-08,81798176
ethereum,2016-07-09,81830974
ethereum,2016-07-10,81862940
ethereum,2016-07-11,81894925
ethereum,2016-07-12,81926682
ethereum,2016-07-13,81958840
ethereum,2016-07-14,81990655
ethereum,2016-07-15,82022540
ethereum,2016-07-16,82054706
ethereum,2016-07-17,82086488
ethereum,2016-07-18,82118986
ethereum,2016-07-19,82150760
ethereum,2016-07-20,82182671
ethereum,2016-07-21,82215459
ethereum,2016-07-22,82247149
ethereum,2016-07-23,82279540
ethereum,2016-07-24,82311020
ethereum,2016-07-25,82343012
ethereum,2016-07-26,82373782
ethereum,2016-07-27,82406727
ethereum,2016-07-28,82439082
ethereum,2016-07-29,82471021
ethereum,2016-07-30,82502663
ethereum,2016-07-31,82534882
ethereum,2016-08-01,82566477
ethereum,2016-08-02,82597832
ethereum,2016-08-03,82629536
ethereum,2016-08-04,82662392
ethereum,2016-08-05,82694624
ethereum,2016-08-06,82726210
ethereum,2016-08-07,82758505
ethereum,2016-08-08,82790681
ethereum,2016-08-09,82823347
ethereum,2016-08-10,82855510
ethereum,2016-08-11,82887707
ethereum,2016-08-12,82919819
ethereum,2016-08-13,82951817
ethereum,2016-08-14,82983783
ethereum,2016-08-15,83016115
ethereum,2016-08-16,83048152
ethereum,2016-08-17,83080147
ethereum,2016-08-18,83112936
ethereum,2016-08-19,83144777
ethereum,2016-08-20,83177006
ethereum,2016-08-21,83209705
ethereum,2016-08-22,83241995
ethereum,2016-08-23,83274182
ethereum,2016-08-24,83306456
ethereum,2016-08-25,83338591
ethereum,2016-08-26,83370463
ethereum,2016-08-27,83402769
ethereum,2016-08-28,83434793
ethereum,2016-08-29,83466723
ethereum,2016-08-30,83498595
ethereum,2016-08-31,83530733
ethereum,2016-09-01,83562477
ethereum,2016-09-02,83594862
ethereum,2016-09-03,83626357
ethereum,2016-09-04,83658217
ethereum,2016-09-05,83690411
ethereum,2016-09-06,83722093
ethereum,2016-09-07,83754360
ethereum,2016-09-08,83786269
ethereum,2016-09-09,83818486
ethereum,2016-09-10,83850317
ethereum,2016-09-11,83882670
ethereum,2016-09-12,83914907
ethereum,2016-09-13,83946811
ethereum,2016-09-14,83979340
ethereum,2016-09-15,84011523
ethereum,2016-09-16,84043762
ethereum,2016-09-17,84075917
ethereum,2016-09-18,84105491
ethereum,2016-09-19,84139768
ethereum,2016-09-20,84172260
ethereum,2016-09-21,84204344
ethereum,2016-09-22,84235950
ethereum,2016-09-23,84270227
ethereum,2016-09-24,84303551
ethereum,2016-09-25,84337945
ethereum,2016-09-26,84370073
ethereum,2016-09-27,84405360
ethereum,2016-09-28,84437764
ethereum,2016-09-29,84470077
ethereum,2016-09-30,84501700
ethereum,2016-10-01,84536179
ethereum,2016-10-02,84571928
ethereum,2016-10-03,84605211
ethereum,2016-10-04,84637266
ethereum,2016-10-05,84670347
ethereum,2016-10-06,84703170
ethereum,2016-10-07,84739741
ethereum,2016-10-08,84775836
ethereum,2016-10-09,84809261
ethereum,2016-10-10,84842392
ethereum,2016-10-11,84874872
ethereum,2016-10-12,84907964
ethereum,2016-10-13,84942791
ethereum,2016-10-14,84975704
ethereum,2016-10-15,85007912
ethereum,2016-10-16,85040842
ethereum,2016-10-17,85073216
ethereum,2016-10-18,85106540
ethereum,2016-10-19,85139682
ethereum,2016-10-20,85174219
ethereum,2016-10-21,85206346
ethereum,2016-10-22,85238048
ethereum,2016-10-23,85269380
ethereum,2016-10-24,85301442
ethereum,2016-10-25,85333107
ethereum,2016-10-26,85365063
ethereum,2016-10-27,85396508
ethereum,2016-10-28,85427587
ethereum,2016-10-29,85457213
ethereum,2016-10-30,85489177
ethereum,2016-10-31,85521199
ethereum,2016-11-01,85551697
ethereum,2016-11-02,85582839
ethereum,2016-11-03,85614055
ethereum,2016-11-04,85644979
ethereum,2016-11-05,85676403
ethereum,2016-11-06,85708203
ethereum,2016-11-07,85741462
ethereum,2016-11-08,85773790
ethereum,2016-11-09,85804792
ethereum,2016-11-10,85836003
ethereum,2016-11-11,85867342
ethereum,2016-11-12,85899292
ethereum,2016-11-13,85931716
ethereum,2016-11-14,85963601
ethereum,2016-11-15,85995038
ethereum,2016-11-16,86026619
ethereum,2016-11-17,86057428
ethereum,2016-11-18,86090528
ethereum,2016-11-19,86122860
ethereum,2016-11-20,86155316
ethereum,2016-11-21,86187131
ethereum,2016-11-22,86218309
ethereum,2016-11-23,86250931
ethereum,2016-11-24,86283332
ethereum,2016-11-25,86316764
ethereum,2016-11-26,86349260
ethereum,2016-11-27,86382967
ethereum,2016-11-28,86416907
ethereum,2016-11-29,86449885
ethereum,2016-11-30,86481725
ethereum,2016-12-01,86513473
ethereum,2016-12-02,86545270
ethereum,2016-12-03,86577386
ethereum,2016-12-04,86608558
ethereum,2016-12-05,86639790
ethereum,2016-12-06,86671769
ethereum,2016-12-07,86703479
ethereum,2016-12-08,86735573
ethereum,2016-12-09,86767234
ethereum,2016-12-10,86798910
ethereum,2016-12-11,86830689
ethereum,2016-12-12,86862032
ethereum,2016-12-13,86893842
ethereum,2016-12-14,86925692
ethereum,2016-12-15,86957060
ethereum,2016-12-16,86988817
ethereum,2016-12-17,87020779
ethereum,2016-12-18,87052668
ethereum,2016-12-19,87084142
ethereum,2016-12-20,87115811
ethereum,2016-12-21,87147404
ethereum,2016-12-22,87178478
ethereum,2016-12-23,87209595
ethereum,2016-12-24,87240922
ethereum,2016-12-25,87272930
ethereum,2016-12-26,87304575
ethereum,2016-12-27,87335798
ethereum,2016-12-28,87367373
ethereum,2016-12-29,87399192
ethereum,2016-12-30,87430873
ethereum,2016-12-31,87462102
ethereum,2017-01-01,87493850
ethereum,2017-01-02,87525377
ethereum,2017-01-03,87556904
ethereum,2017-01-04,87589003
ethereum,2017-01-05,87620820
ethereum,2017-01-06,87652180
ethereum,2017-01-07,87684075
ethereum,2017-01-08,87715759
ethereum,2017-01-09,87747510
ethereum,2017-01-10,87778859
ethereum,2017-01-11,87810382
ethereum,2017-01-12,87841939
ethereum,2017-01-13,87873669
ethereum,2017-01-14,87905147
ethereum,2017-01-15,87936849
ethereum,2017-01-16,87968390
ethereum,2017-01-17,87999686
ethereum,2017-01-18,88031291
ethereum,2017-01-19,88063415
ethereum,2017-01-20,88094536
ethereum,2017-01-21,88126060
ethereum,2017-01-22,88157637
ethereum,2017-01-23,88189136
ethereum,2017-01-24,88220556
ethereum,2017-01-25,88251980
ethereum,2017-01-26,88283765
ethereum,2017-01-27,88314879
ethereum,2017-01-28,88346407
ethereum,2017-01-29,88377527
ethereum,2017-01-30,88409456
ethereum,2017-01-31,88440870
ethereum,2017-02-01,88472202
ethereum,2017-02-02,88503617
ethereum,2017-02-03,88534890
ethereum,2017-02-04,88566651
ethereum,2017-02-05,88598249
ethereum,2017-02-06,88629876
ethereum,2017-02-07,88661367
ethereum,2017-02-08,88693072
ethereum,2017-02-09,88724502
ethereum,2017-02-10,88755999
ethereum,2017-02-11,88787589
ethereum,2017-02-12,88819158
ethereum,2017-02-13,88850892
ethereum,2017-02-14,88882357
ethereum,2017-02-15,88914085
ethereum,2017-02-16,88945625
ethereum,2017-02-17,88976952
ethereum,2017-02-18,89008164
ethereum,2017-02-19,89039431
ethereum,2017-02-20,89070819
ethereum,2017-02-21,89102230
ethereum,2017-02-22,89133223
ethereum,2017-02-23,89164453
ethereum,2017-02-24,89195717
ethereum,2017-02-25,89227270
ethereum,2017-02-26,89259091
ethereum,2017-02-27,89290337
ethereum,2017-02-28,89322193
ethereum,2017-03-01,89353338
ethereum,2017-03-02,89384966
ethereum,2017-03-03,89416268
ethereum,2017-03-04,89447440
ethereum,2017-03-05,89479002
ethereum,2017-03-06,89510155
ethereum,2017-03-07,89541224
ethereum,2017-03-08,89572550
ethereum,2017-03-09,89603360
ethereum,2017-03-10,89634387
ethereum,2017-03-11,89665622
ethereum,2017-03-12,89696472
ethereum,2017-03-13,89728084
ethereum,2017-03-14,89759300
ethereum,2017-03-15,89790674
ethereum,2017-03-16,89822106
ethereum,2017-03-17,89853948
ethereum,2017-03-18,89885430
ethereum,2017-03-19,89916425
ethereum,2017-03-20,89948095
ethereum,2017-03-21,89979108
ethereum,2017-03-22,90010484
ethereum,2017-03-23,90041465
ethereum,2017-03-24,90072306
ethereum,2017-03-25,90103368
ethereum,2017-03-26,90134541
ethereum,2017-03-27,90165546
ethereum,2017-03-28,90196102
ethereum,2017-03-29,90227370
ethereum,2017-03-30,90258190
ethereum,2017-03-31,90289398
ethereum,2017-04-01,90320249
ethereum,2017-04-02,90350690
ethereum,2017-04-03,90381876
ethereum,2017-04-04,90412931
ethereum,2017-04-05,90444167
ethereum,2017-04-06,90474891
ethereum,2017-04-07,90505965
ethereum,2017-04-08,90536880
ethereum,2017-04-09,90567123
ethereum,2017-04-10,90597160
ethereum,2017-04-11,90627611
ethereum,2017-04-12,90657825
ethereum,2017-04-13,90688168
ethereum,2017-04-14,90719157
ethereum,2017-04-15,90749155
ethereum,2017-04-16,90779659
ethereum,2017-04-17,90810307
ethereum,2017-04-18,90840827
ethereum,2017-04-19,90870439
ethereum,2017-04-20,90900861
ethereum,2017-04-21,90931339
ethereum,2017-04-22,90961329
ethereum,2017-04-23,90991820
ethereum,2017-04-24,91021603
ethereum,2017-04-25,91052363
ethereum,2017-04-26,91081696
ethereum,2017-04-27,91111026
ethereum,2017-04-28,91140708
ethereum,2017-04-29,91169925
ethereum,2017-04-30,91199294
ethereum,2017-05-01,91228651
ethereum,2017-05-02,91258088
ethereum,2017-05-03,91287640
ethereum,2017-05-04,91317064
ethereum,2017-05-05,91346766
ethereum,2017-05-06,91376469
ethereum,2017-05-07,91406350
ethereum,2017-05-08,91435775
ethereum,2017-05-09,91465530
ethereum,2017-05-10,91495145
ethereum,2017-05-11,91524880
ethereum,2017-05-12,91554770
ethereum,2017-05-13,91584023
ethereum,2017-05-14,91612240
ethereum,2017-05-15,91640703
ethereum,2017-05-16,91669421
ethereum,2017-05-17,91697320
ethereum,2017-05-18,91725800
ethereum,2017-05-19,91754182
ethereum,2017-05-20,91782834
ethereum,2017-05-21,91811488
ethereum,2017-05-22,91840257
ethereum,2017-05-23,91868833
ethereum,2017-05-24,91897474
ethereum,2017-05-25,91926312
ethereum,2017-05-26,91955276
ethereum,2017-05-27,91984052
ethereum,2017-05-28,92012875
ethereum,2017-05-29,92042412
ethereum,2017-05-30,92072232
ethereum,2017-05-31,92100980
ethereum,2017-06-01,92129050
ethereum,2017-06-02,92155870
ethereum,2017-06-03,92183397
ethereum,2017-06-04,92210629
ethereum,2017-06-05,92238419
ethereum,2017-06-06,92265903
ethereum,2017-06-07,92293673
ethereum,2017-06-08,92321305
ethereum,2017-06-09,92348955
ethereum,2017-06-10,92377113
ethereum,2017-06-11,92405040
ethereum,2017-06-12,92433141
ethereum,2017-06-13,92461417
ethereum,2017-06-14,92489686
ethereum,2017-06-15,92517884
ethereum,2017-06-16,92546255
ethereum,2017-06-17,92574554
ethereum,2017-06-18,92603142
ethereum,2017-06-19,92631775
ethereum,2017-06-20,92658480
ethereum,2017-06-21,92684635
ethereum,2017-06-22,92711168
ethereum,2017-06-23,92737271
ethereum,2017-06-24,92763766
ethereum,2017-06-25,92790149
ethereum,2017-06-26,92816848
ethereum,2017-06-27,92843430
ethereum,2017-06-28,92870070
ethereum,2017-06-29,92897082
ethereum,2017-06-30,92923938
ethereum,2017-07-01,92950618
ethereum,2017-07-02,92977334
ethereum,2017-07-03,93004465
ethereum,2017-07-04,93031831
ethereum,2017-07-05,93058591
ethereum,2017-07-06,93085517
ethereum,2017-07-07,93112805
ethereum,2017-07-08,93139869
ethereum,2017-07-09,93166813
ethereum,2017-07-10,93191246
ethereum,2017-07-11,93215214
ethereum,2017-07-12,93239149
ethereum,2017-07-13,93262924
ethereum,2017-07-14,93286695
ethereum,2017-07-15,93310844
ethereum,2017-07-16,93334853
ethereum,2017-07-17,93358372
ethereum,2017-07-18,93382326
ethereum,2017-07-19,93406809
ethereum,2017-07-20,93431302
ethereum,2017-07-21,93455144
ethereum,2017-07-22,93479452
ethereum,2017-07-23,93503935
ethereum,2017-07-24,93527994
ethereum,2017-07-25,93552687
ethereum,2017-07-26,93577198
ethereum,2017-07-27,93601554
ethereum,2017-07-28,93626239
ethereum,2017-07-29,93650732
ethereum,2017-07-30,93675450
ethereum,2017-07-31,93699508
ethereum,2017-08-01,93720925
ethereum,2017-08-02,93742064
ethereum,2017-08-03,93763027
ethereum,2017-08-04,93784332
ethereum,2017-08-05,93805523
ethereum,2017-08-06,93826789
ethereum,2017-08-07,93848410
ethereum,2017-08-08,93870046
ethereum,2017-08-09,93891771
ethereum,2017-08-10,93913239
ethereum,2017-08-11,93935141
ethereum,2017-08-12,93957058
ethereum,2017-08-13,93979096
ethereum,2017-08-14,94001135
ethereum,2017-08-15,94023355
ethereum,2017-08-16,94045925
ethereum,2017-08-17,94068458
ethereum,2017-08-18,94090768
ethereum,2017-08-19,94113332
ethereum,2017-08-20,94135465
ethereum,2017-08-21,94158211
ethereum,2017-08-22,94180730
ethereum,2017-08-23,94203343
ethereum,2017-08-24,94225872
ethereum,2017-08-25,94244696
ethereum,2017-08-26,94263259
ethereum,2017-08-27,94281897
ethereum,2017-08-28,94300323
ethereum,2017-08-29,94319403
ethereum,2017-08-30,94338347
ethereum,2017-08-31,94357109
ethereum,2017-09-01,94375942
ethereum,2017-09-02,94394790
ethereum,2017-09-03,94413432
ethereum,2017-09-04,94432353
ethereum,2017-09-05,94451455
ethereum,2017-09-06,94470343
ethereum,2017-09-07,94489472
ethereum,2017-09-08,94508739
ethereum,2017-09-09,94527779
ethereum,2017-09-10,94546767
ethereum,2017-09-11,94565613
ethereum,2017-09-12,94584926
ethereum,2017-09-13,94603824
ethereum,2017-09-14,94623114
ethereum,2017-09-15,94642650
ethereum,2017-09-16,94661988
ethereum,2017-09-17,94681208
ethereum,2017-09-18,94700275
ethereum,2017-09-19,94719648
ethereum,2017-09-20,94738827
ethereum,2017-09-21,94758167
ethereum,2017-09-22,94773910
ethereum,2017-09-23,94788916
ethereum,2017-09-24,94804377
ethereum,2017-09-25,94819252
ethereum,2017-09-26,94834459
ethereum,2017-09-27,94849870
ethereum,2017-09-28,94864868
ethereum,2017-09-29,94879720
ethereum,2017-09-30,94894652
ethereum,2017-10-01,94909784
ethereum,2017-10-02,94924874
ethereum,2017-10-03,94940052
ethereum,2017-10-04,94955370
ethereum,2017-10-05,94970847
ethereum,2017-10-06,94985872
ethereum,2017-10-07,95000887
ethereum,2017-10-08,95016086
ethereum,2017-10-09,95031295
ethereum,2017-10-10,95046779
ethereum,2017-10-11,95062279
ethereum,2017-10-12,95077671
ethereum,2017-10-13,95093104
ethereum,2017-10-14,95108426
ethereum,2017-10-15,95124003
ethereum,2017-10-16,95140175
ethereum,2017-10-17,95160320
ethereum,2017-10-18,95180700
ethereum,2017-10-19,95201124
ethereum,2017-10-20,95221601
ethereum,2017-10-21,95241745
ethereum,2017-10-22,95262127
ethereum,2017-10-23,95282599
ethereum,2017-10-24,95303129
ethereum,2017-10-25,95323347
ethereum,2017-10-26,95343543
ethereum,2017-10-27,95364016
ethereum,2017-10-28,95384459
ethereum,2017-10-29,95404750
ethereum,2017-10-30,95424849
ethereum,2017-10-31,95445483
ethereum,2017-11-01,95465714
ethereum,2017-11-02,95486011
ethereum,2017-11-03,95506320
ethereum,2017-11-04,95526508
ethereum,2017-11-05,95547099
ethereum,2017-11-06,95567340
ethereum,2017-11-07,95587753
ethereum,2017-11-08,95608008
ethereum,2017-11-09,95628319
ethereum,2017-11-10,95648845
ethereum,2017-11-11,95669265
ethereum,2017-11-12,95689477
ethereum,2017-11-13,95709898
ethereum,2017-11-14,95729946
ethereum,2017-11-15,95750442
ethereum,2017-11-16,95770663
ethereum,2017-11-17,95791028
ethereum,2017-11-18,95811360
ethereum,2017-11-19,95831783
ethereum,2017-11-20,95852191
ethereum,2017-11-21,95872585
ethereum,2017-11-22,95893088
ethereum,2017-11-23,95913435
ethereum,2017-11-24,95933850
ethereum,2017-11-25,95954161
ethereum,2017-11-26,95974526
ethereum,2017-11-27,95994798
ethereum,2017-11-28,96015108
ethereum,2017-11-29,96035533
ethereum,2017-11-30,96055949
ethereum,2017-12-01,96076426
ethereum,2017-12-02,96096631
ethereum,2017-12-03,96116967
ethereum,2017-12-04,96137394
ethereum,2017-12-05,96158030
ethereum,2017-12-06,96178671
ethereum,2017-12-07,96199580
ethereum,2017-12-08,96220011
ethereum,2017-12-09,96240577
ethereum,2017-12-10,96260969
ethereum,2017-12-11,96281299
ethereum,2017-12-12,96301868
ethereum,2017-12-13,96322476
ethereum,2017-12-14,96343264
ethereum,2017-12-15,96364094
ethereum,2017-12-16,96384476
ethereum,2017-12-17,96404823
ethereum,2017-12-18,96425385
ethereum,2017-12-19,96446016
ethereum,2017-12-20,96466647
ethereum,2017-12-21,96487062
ethereum,2017-12-22,96507634
ethereum,2017-12-23,96528469
ethereum,2017-12-24,96548973
ethereum,2017-12-25,96569420
ethereum,2017-12-26,96589804
ethereum,2017-12-27,96610337
ethereum,2017-12-28,96630771
ethereum,2017-12-29,96651232
ethereum,2017-12-30,96671779
ethereum,2017-12-31,96692234
ethereum,2018-01-01,96712858
ethereum,2018-01-02,96733419
ethereum,2018-01-03,96754018
ethereum,2018-01-04,96774982
ethereum,2018-01-05,96795899
ethereum,2018-01-06,96816848
ethereum,2018-01-07,96838028
ethereum,2018-01-08,96858632
ethereum,2018-01-09,96879368
ethereum,2018-01-10,96900449
ethereum,2018-01-11,96921481
ethereum,2018-01-12,96942398
ethereum,2018-01-13,96963077
ethereum,2018-01-14,96984103
ethereum,2018-01-15,97004517
ethereum,2018-01-16,97025404
ethereum,2018-01-17,97046248
ethereum,2018-01-18,97066797
ethereum,2018-01-19,97087435
ethereum,2018-01-20,97108196
ethereum,2018-01-21,97128471
ethereum,2018-01-22,97149036
ethereum,2018-01-23,97169524
ethereum,2018-01-24,97190099
ethereum,2018-01-25,97210437
ethereum,2018-01-26,97230838
ethereum,2018-01-27,97251261
ethereum,2018-01-28,97271824
ethereum,2018-01-29,97292381
ethereum,2018-01-30,97312686
ethereum,2018-01-31,97333220
ethereum,2018-02-01,97353767
ethereum,2018-02-02,97374406
ethereum,2018-02-03,97394727
ethereum,2018-02-04,97415043
ethereum,2018-02-05,97435676
ethereum,2018-02-06,97456058
ethereum,2018-02-07,97476492
ethereum,2018-02-08,97496874
ethereum,2018-02-09,97517146
ethereum,2018-02-10,97537836
ethereum,2018-02-11,97557955
ethereum,2018-02-12,97578446
ethereum,2018-02-13,97598891
ethereum,2018-02-14,97618943
ethereum,2018-02-15,97639547
ethereum,2018-02-16,97659924
ethereum,2018-02-17,97680472
ethereum,2018-02-18,97700819
ethereum,2018-02-19,97721246
ethereum,2018-02-20,97741653
ethereum,2018-02-21,97762324
ethereum,2018-02-22,97782727
ethereum,2018-02-23,97803388
ethereum,2018-02-24,97823870
ethereum,2018-02-25,97844089
ethereum,2018-02-26,97864424
ethereum,2018-02-27,97884837
ethereum,2018-02-28,97905406
ethereum,2018-02-28,97905406
ethereum,2018-03-01,97925794
ethereum,2018-03-02,97946468
ethereum,2018-03-03,97966904
ethereum,2018-03-04,97987125
ethereum,2018-03-05,98007442
ethereum,2018-03-06,98027888
ethereum,2018-03-07,98048505
ethereum,2018-03-08,98068805
ethereum,2018-03-09,98089180
ethereum,2018-03-10,98109641
ethereum,2018-03-11,98130173
ethereum,2018-03-12,98150534
ethereum,2018-03-13,98170915
ethereum,2018-03-14,98191325
ethereum,2018-03-15,98211821
ethereum,2018-03-16,98232355
ethereum,2018-03-17,98252768
ethereum,2018-03-18,98273102
ethereum,2018-03-19,98293411
ethereum,2018-03-20,98313822
ethereum,2018-03-21,98334114
ethereum,2018-03-22,98354601
ethereum,2018-03-23,98374835
ethereum,2018-03-24,98395360
ethereum,2018-03-25,98415690
ethereum,2018-03-26,98436122
ethereum,2018-03-27,98456390
ethereum,2018-03-28,98476744
ethereum,2018-03-29,98497146
ethereum,2018-03-30,98517639
ethereum,2018-03-31,98538100
ethereum,2018-04-01,98558305
ethereum,2018-04-02,98578770
ethereum,2018-04-03,98599160
ethereum,2018-04-04,98619459
ethereum,2018-04-05,98640059
ethereum,2018-04-06,98660492
ethereum,2018-04-07,98680745
ethereum,2018-04-08,98701103
ethereum,2018-04-09,98721400
ethereum,2018-04-10,98741932
ethereum,2018-04-11,98762171
ethereum,2018-04-12,98782370
ethereum,2018-04-13,98803003
ethereum,2018-04-14,98823389
ethereum,2018-04-15,98843786
ethereum,2018-04-16,98864372
ethereum,2018-04-17,98884758
ethereum,2018-04-18,98905009
ethereum,2018-04-19,98925668
ethereum,2018-04-20,98946021
ethereum,2018-04-21,98966560
ethereum,2018-04-22,98987011
ethereum,2018-04-23,99007490
ethereum,2018-04-24,99027860
ethereum,2018-04-25,99048447
ethereum,2018-04-26,99069249
ethereum,2018-04-27,99089619
ethereum,2018-04-28,99109887
ethereum,2018-04-29,99130618
ethereum,2018-04-30,99151166
ethereum,2018-05-01,99171615
ethereum,2018-05-02,99192481
ethereum,2018-05-03,99213097
ethereum,2018-05-04,99233690
ethereum,2018-05-05,99254405
ethereum,2018-05-06,99275029
ethereum,2018-05-07,99295750
ethereum,2018-05-08,99316126
ethereum,2018-05-09,99336656
ethereum,2018-05-10,99357119
ethereum,2018-05-11,99377783
ethereum,2018-05-12,99398394
ethereum,2018-05-13,99418836
ethereum,2018-05-14,99439231
ethereum,2018-05-15,99459796
ethereum,2018-05-16,99480231
ethereum,2018-05-17,99500881
ethereum,2018-05-18,99521576
ethereum,2018-05-19,99542286
ethereum,2018-05-20,99562943
ethereum,2018-05-21,99583652
ethereum,2018-05-22,99604180
ethereum,2018-05-23,99625069
ethereum,2018-05-24,99645420
ethereum,2018-05-25,99666066
ethereum,2018-05-26,99686779
ethereum,2018-05-27,99707202
ethereum,2018-05-28,99727874
ethereum,2018-05-29,99748524
ethereum,2018-05-30,99769203
ethereum,2018-05-31,99789947
ethereum,2018-06-01,99810507
ethereum,2018-06-02,99831219
ethereum,2018-06-03,99851704
ethereum,2018-06-04,99872509
ethereum,2018-06-05,99892853
ethereum,2018-06-06,99913479
ethereum,2018-06-07,99934282
ethereum,2018-06-08,99954974
ethereum,2018-06-09,99975789
ethereum,2018-06-10,99996245
ethereum,2018-06-11,100017060
ethereum,2018-06-12,100037651
ethereum,2018-06-13,100058182
ethereum,2018-06-14,100078675
ethereum,2018-06-15,100099202
ethereum,2018-06-16,100119780
ethereum,2018-06-17,100140202
ethereum,2018-06-18,100160820
ethereum,2018-06-19,100181296
ethereum,2018-06-20,100201885
ethereum,2018-06-21,100222343
ethereum,2018-06-22,100242991
ethereum,2018-06-23,100263641
ethereum,2018-06-24,100283997
ethereum,2018-06-25,100304533
ethereum,2018-06-26,100325174
ethereum,2018-06-27,100345760
ethereum,2018-06-28,100366144
ethereum,2018-06-29,100386520
ethereum,2018-06-30,100407160
ethereum,2018-07-01,100427587
ethereum,2018-07-02,100448254
ethereum,2018-07-03,100468746
ethereum,2018-07-04,100489218
ethereum,2018-07-05,100509636
ethereum,2018-07-06,100530058
ethereum,2018-07-07,100550579
ethereum,2018-07-08,100570994
ethereum,2018-07-09,100591644
ethereum,2018-07-10,100612003
ethereum,2018-07-11,100632678
ethereum,2018-07-12,100653188
ethereum,2018-07-13,100673482
ethereum,2018-07-14,100693933
ethereum,2018-07-15,100714546
ethereum,2018-07-16,100734925
ethereum,2018-07-17,100755664
ethereum,2018-07-18,100775993
ethereum,2018-07-19,100796423
ethereum,2018-07-20,100816608
ethereum,2018-07-21,100837178
ethereum,2018-07-22,100857948
ethereum,2018-07-23,100878384
ethereum,2018-07-24,100898948
ethereum,2018-07-25,100919718
ethereum,2018-07-26,100940142
ethereum,2018-07-27,100960655
ethereum,2018-07-28,100981096
ethereum,2018-07-29,101001590
ethereum,2018-07-30,101022005
ethereum,2018-07-31,101042599
ethereum,2018-08-01,101063027
ethereum,2018-08-02,101083578
ethereum,2018-08-03,101104095
ethereum,2018-08-04,101124697
ethereum,2018-08-05,101145226
ethereum,2018-08-06,101165637
ethereum,2018-08-07,101186035
ethereum,2018-08-08,101206594
ethereum,2018-08-09,101227121
ethereum,2018-08-10,101247565
ethereum,2018-08-11,101268202
ethereum,2018-08-12,101288554
ethereum,2018-08-13,101308953
ethereum,2018-08-14,101329287
ethereum,2018-08-15,101349634
ethereum,2018-08-16,101370062
ethereum,2018-08-17,101390564
ethereum,2018-08-18,101411036
ethereum,2018-08-19,101431491
ethereum,2018-08-20,101451938
ethereum,2018-08-21,101472431
ethereum,2018-08-22,101492732
ethereum,2018-08-23,101513076
ethereum,2018-08-24,101533810
ethereum,2018-08-25,101554233
ethereum,2018-08-26,101574654
ethereum,2018-08-27,101595197
ethereum,2018-08-28,101615586
ethereum,2018-08-29,101635856
ethereum,2018-08-30,101656344
ethereum,2018-08-31,101676775
ethereum,2018-09-01,101697161
ethereum,2018-09-02,101717661
ethereum,2018-09-03,101737989
ethereum,2018-09-04,101758533
ethereum,2018-09-05,101778862
ethereum,2018-09-06,101799428
ethereum,2018-09-07,101819646
ethereum,2018-09-08,101839936
ethereum,2018-09-09,101860203
ethereum,2018-09-10,101880640
ethereum,2018-09-11,101900885
ethereum,2018-09-12,101921288
ethereum,2018-09-13,101941711
ethereum,2018-09-14,101962143
ethereum,2018-09-15,101982580
ethereum,2018-09-16,102003089
ethereum,2018-09-17,102023565
ethereum,2018-09-18,102043747
ethereum,2018-09-19,102064296
ethereum,2018-09-20,102084720
ethereum,2018-09-21,102105440
ethereum,2018-09-22,102125761
ethereum,2018-09-23,102146083
ethereum,2018-09-24,102166426
ethereum,2018-09-25,102186844
ethereum,2018-09-26,102207447
ethereum,2018-09-27,102227961
ethereum,2018-09-28,102248376
ethereum,2018-09-29,102268616
ethereum,2018-09-30,102289127
ethereum,2018-10-01,102309429
ethereum,2018-10-02,102329944
ethereum,2018-10-03,102350237
ethereum,2018-10-04,102370609
ethereum,2018-10-05,102390786
ethereum,2018-10-06,102411278
ethereum,2018-10-07,102431799
ethereum,2018-10-08,102452224
ethereum,2018-10-09,102472577
ethereum,2018-10-10,102492939
ethereum,2018-10-11,102513424
ethereum,2018-10-12,102533808
ethereum,2018-10-13,102554245
ethereum,2018-10-14,102574706
ethereum,2018-10-15,102595024
ethereum,2018-10-16,102615404
ethereum,2018-10-17,102635802
ethereum,2018-10-18,102656241
ethereum,2018-10-19,102676535
ethereum,2018-10-20,102696985
ethereum,2018-10-21,102717340
ethereum,2018-10-22,102737590
ethereum,2018-10-23,102758166
ethereum,2018-10-24,102778549
ethereum,2018-10-25,102798796
ethereum,2018-10-26,102819296
ethereum,2018-10-27,102839541
ethereum,2018-10-28,102859850
ethereum,2018-10-29,102880246
ethereum,2018-10-30,102900417
ethereum,2018-10-31,102920922
ethereum,2018-11-01,102941161
ethereum,2018-11-02,102961301
ethereum,2018-11-03,102981481
ethereum,2018-11-04,103001764
ethereum,2018-11-05,103022158
ethereum,2018-11-06,103042410
ethereum,2018-11-07,103062892
ethereum,2018-11-08,103083125
ethereum,2018-11-09,103103372
ethereum,2018-11-10,103123789
ethereum,2018-11-11,103144099
ethereum,2018-11-12,103164409
ethereum,2018-11-13,103184681
ethereum,2018-11-14,103204800
ethereum,2018-11-15,103224808
ethereum,2018-11-16,103245086
ethereum,2018-11-17,103265107
ethereum,2018-11-18,103285316
ethereum,2018-11-19,103305230
ethereum,2018-11-20,103325245
ethereum,2018-11-21,103345472
ethereum,2018-11-22,103365408
ethereum,2018-11-23,103385530
ethereum,2018-11-24,103405536
ethereum,2018-11-25,103425554
ethereum,2018-11-26,103445602
ethereum,2018-11-27,103465351
ethereum,2018-11-28,103485244
ethereum,2018-11-29,103505344
ethereum,2018-11-30,103525266
ethereum,2018-12-01,103545029
ethereum,2018-12-02,103564659
ethereum,2018-12-03,103584257
ethereum,2018-12-04,103603918
ethereum,2018-12-05,103623626
ethereum,2018-12-06,103643369
ethereum,2018-12-07,103662859
ethereum,2018-12-08,103682399
ethereum,2018-12-09,103701976
ethereum,2018-12-10,103722004
ethereum,2018-12-11,103741364
ethereum,2018-12-12,103760970
ethereum,2018-12-13,103780735
ethereum,2018-12-14,103800147
ethereum,2018-12-15,103819961
ethereum,2018-12-16,103839487
ethereum,2018-12-17,103858553
ethereum,2018-12-18,103877422
ethereum,2018-12-19,103896218
ethereum,2018-12-20,103915024
ethereum,2018-12-21,103933854
ethereum,2018-12-22,103952892
ethereum,2018-12-23,103971762
ethereum,2018-12-24,103990807
ethereum,2018-12-25,104009886
ethereum,2018-12-26,104029131
ethereum,2018-12-27,104048066
ethereum,2018-12-28,104067047
ethereum,2018-12-29,104086202
ethereum,2018-12-30,104105049
ethereum,2018-12-31,104124050
ethereum,2019-01-01,104142768
ethereum,2019-01-02,104161888
ethereum,2019-01-03,104179821
ethereum,2019-01-04,104197653
ethereum,2019-01-05,104215675
ethereum,2019-01-06,104233482
ethereum,2019-01-07,104251524
ethereum,2019-01-08,104269302
ethereum,2019-01-09,104287324
ethereum,2019-01-10,104305171
ethereum,2019-01-11,104322969
ethereum,2019-01-12,104340667
ethereum,2019-01-13,104358625
ethereum,2019-01-14,104376633
ethereum,2019-01-15,104394554
ethereum,2019-01-16,104412158
ethereum,2019-01-17,104429862
ethereum,2019-01-18,104447654
ethereum,2019-01-19,104465664
ethereum,2019-01-20,104483428
ethereum,2019-01-21,104499569
ethereum,2019-01-22,104515654
ethereum,2019-01-23,104531413
ethereum,2019-01-24,104547493
ethereum,2019-01-25,104563573
ethereum,2019-01-26,104579578
ethereum,2019-01-27,104595424
ethereum,2019-01-28,104610841
ethereum,2019-01-29,104626304
ethereum,2019-01-30,104641860
ethereum,2019-01-31,104657513
ethereum,2019-02-01,104672814
ethereum,2019-02-02,104688425
ethereum,2019-02-03,104703652
ethereum,2019-02-04,104719046
ethereum,2019-02-05,104734465
ethereum,2019-02-06,104749767
ethereum,2019-02-07,104765166
ethereum,2019-02-08,104780637
ethereum,2019-02-09,104795984
ethereum,2019-02-10,104809355
ethereum,2019-02-11,104822486
ethereum,2019-02-12,104835850
ethereum,2019-02-13,104848904
ethereum,2019-02-14,104861988
ethereum,2019-02-15,104875052
ethereum,2019-02-16,104888333
ethereum,2019-02-17,104901323
ethereum,2019-02-18,104914620
ethereum,2019-02-19,104928151
ethereum,2019-02-20,104941570
ethereum,2019-02-21,104954910
ethereum,2019-02-22,104968202
ethereum,2019-02-23,104981854
ethereum,2019-02-24,104995212
ethereum,2019-02-25,105008584
ethereum,2019-02-26,105022102
ethereum,2019-02-27,105035616
ethereum,2019-02-28,105048571
ethereum,2019-03-01,105061441
ethereum,2019-03-02,105075075
ethereum,2019-03-03,105088673
ethereum,2019-03-04,105102318
ethereum,2019-03-05,105116071
ethereum,2019-03-06,105129637
ethereum,2019-03-07,105143309
ethereum,2019-03-08,105156930
ethereum,2019-03-09,105170461
ethereum,2019-03-10,105184305
ethereum,2019-03-11,105197819
ethereum,2019-03-12,105211479
ethereum,2019-03-13,105225067
ethereum,2019-03-14,105238690
ethereum,2019-03-15,105252247
ethereum,2019-03-16,105266061
ethereum,2019-03-17,105279633
ethereum,2019-03-18,105293114
ethereum,2019-03-19,105306734
ethereum,2019-03-20,105320490
ethereum,2019-03-21,105334073
ethereum,2019-03-22,105347683
ethereum,2019-03-23,105361399
ethereum,2019-03-24,105375024
ethereum,2019-03-25,105388658
ethereum,2019-03-26,105402211
ethereum,2019-03-27,105415947
ethereum,2019-03-28,105429546
ethereum,2019-03-29,105443085
ethereum,2019-03-30,105456676
ethereum,2019-03-31,105470335
ethereum,2019-04-01,105484031
ethereum,2019-04-02,105497650
ethereum,2019-04-03,105511202
ethereum,2019-04-04,105524933
ethereum,2019-04-05,105538575
ethereum,2019-04-06,105552184
ethereum,2019-04-07,105565861
ethereum,2019-04-08,105579580
ethereum,2019-04-09,105593212
ethereum,2019-04-10,105606943
ethereum,2019-04-11,105620509
ethereum,2019-04-12,105634095
ethereum,2019-04-13,105647795
ethereum,2019-04-14,105661432
ethereum,2019-04-15,105675141
ethereum,2019-04-16,105688801
ethereum,2019-04-17,105702375
ethereum,2019-04-18,105715972
ethereum,2019-04-19,105729673
ethereum,2019-04-20,105743285
ethereum,2019-04-21,105757007
ethereum,2019-04-22,105770660
ethereum,2019-04-23,105784200
ethereum,2019-04-24,105797801
ethereum,2019-04-25,105811485
ethereum,2019-04-26,105825242
ethereum,2019-04-27,105838930
ethereum,2019-04-28,105852531
ethereum,2019-04-29,105866212
ethereum,2019-04-30,105879861
ethereum,2019-05-01,105893550
ethereum,2019-05-02,105907195
ethereum,2019-05-03,105920677
ethereum,2019-05-04,105934506
ethereum,2019-05-05,105948142
ethereum,2019-05-06,105961710
ethereum,2019-05-07,105975331
ethereum,2019-05-08,105988904
ethereum,2019-05-09,106002516
ethereum,2019-05-10,106016244
ethereum,2019-05-11,106029838
ethereum,2019-05-12,106043527
ethereum,2019-05-13,106057082
ethereum,2019-05-14,106070801
ethereum,2019-05-15,106084542
ethereum,2019-05-16,106098122
ethereum,2019-05-17,106111904
ethereum,2019-05-18,106125475
ethereum,2019-05-19,106139067
ethereum,2019-05-20,106152571
ethereum,2019-05-21,106166086
ethereum,2019-05-22,106179746
ethereum,2019-05-23,106193281
ethereum,2019-05-24,106206881
ethereum,2019-05-25,106220650
ethereum,2019-05-26,106234302
ethereum,2019-05-27,106247887
ethereum,2019-05-28,106261396
ethereum,2019-05-29,106275239
ethereum,2019-05-30,106288632
ethereum,2019-05-31,106302384
ethereum,2019-06-01,106316018
ethereum,2019-06-02,106329552
ethereum,2019-06-03,106343050
ethereum,2019-06-04,106356619
ethereum,2019-06-05,106370285
ethereum,2019-06-06,106383985
ethereum,2019-06-07,106397498
ethereum,2019-06-08,106410980
ethereum,2019-06-09,106424475
ethereum,2019-06-10,106438231
ethereum,2019-06-11,106451789
ethereum,2019-06-12,106465361
ethereum,2019-06-13,106478933
ethereum,2019-06-14,106492556
ethereum,2019-06-15,106506153
ethereum,2019-06-16,106519848
ethereum,2019-06-17,106533488
ethereum,2019-06-18,106546962
ethereum,2019-06-19,106560528
ethereum,2019-06-20,106574156
ethereum,2019-06-21,106587625
ethereum,2019-06-22,106601328
ethereum,2019-06-23,106614985
ethereum,2019-06-24,106628668
ethereum,2019-06-25,106642309
ethereum,2019-06-26,106655977
ethereum,2019-06-27,106669570
ethereum,2019-06-28,106683210
ethereum,2019-06-29,106696841
ethereum,2019-06-30,106710476
ethereum,2019-07-01,106724089
ethereum,2019-07-02,106737728
ethereum,2019-07-03,106751276
ethereum,2019-07-04,106764907
ethereum,2019-07-05,106778434
ethereum,2019-07-06,106792219
ethereum,2019-07-07,106805911
ethereum,2019-07-08,106819573
ethereum,2019-07-09,106833245
ethereum,2019-07-10,106846860
ethereum,2019-07-11,106860543
ethereum,2019-07-12,106874040
ethereum,2019-07-13,106887692
ethereum,2019-07-14,106901471
ethereum,2019-07-15,106914975
ethereum,2019-07-16,106928521
ethereum,2019-07-17,106942169
ethereum,2019-07-18,106955873
ethereum,2019-07-19,106969358
ethereum,2019-07-20,106983064
ethereum,2019-07-21,106996551
ethereum,2019-07-22,107010219
ethereum,2019-07-23,107023884
ethereum,2019-07-24,107037548
ethereum,2019-07-25,107051108
ethereum,2019-07-26,107064779
ethereum,2019-07-27,107078460
ethereum,2019-07-28,107092025
ethereum,2019-07-29,107105514
ethereum,2019-07-30,107119257
ethereum,2019-07-31,107132781
ethereum,2019-08-01,107146313
ethereum,2019-08-02,107160090
ethereum,2019-08-03,107173765
ethereum,2019-08-04,107187363
ethereum,2019-08-05,107201011
ethereum,2019-08-06,107214614
ethereum,2019-08-07,107228304
ethereum,2019-08-08,107241825
ethereum,2019-08-09,107255365
ethereum,2019-08-10,107269096
ethereum,2019-08-11,107282630
ethereum,2019-08-12,107296309
ethereum,2019-08-13,107309873
ethereum,2019-08-14,107323549
ethereum,2019-08-15,107337058
ethereum,2019-08-16,107350730
ethereum,2019-08-17,107364376
ethereum,2019-08-18,107377934
ethereum,2019-08-19,107391415
ethereum,2019-08-20,107405038
ethereum,2019-08-21,107418668
ethereum,2019-08-22,107432126
ethereum,2019-08-23,107445842
ethereum,2019-08-24,107459130
ethereum,2019-08-25,107472943
ethereum,2019-08-26,107486439
ethereum,2019-08-27,107499979
ethereum,2019-08-28,107513598
ethereum,2019-08-29,107527351
ethereum,2019-08-30,107540974
ethereum,2019-08-31,107554554
ethereum,2019-09-01,107568118
ethereum,2019-09-02,107581748
ethereum,2019-09-03,107595232
ethereum,2019-09-04,107608696
ethereum,2019-09-05,107622328
ethereum,2019-09-06,107635890
ethereum,2019-09-07,107649491
ethereum,2019-09-08,107663009
ethereum,2019-09-09,107676531
ethereum,2019-09-10,107690027
ethereum,2019-09-11,107703574
ethereum,2019-09-12,107717215
ethereum,2019-09-13,107730587
ethereum,2019-09-14,107744211
ethereum,2019-09-15,107757733
ethereum,2019-09-16,107771456
ethereum,2019-09-17,107785017
ethereum,2019-09-18,107798713
ethereum,2019-09-19,107812126
ethereum,2019-09-20,107825784
ethereum,2019-09-21,107839353
ethereum,2019-09-22,107852819
ethereum,2019-09-23,107866491
ethereum,2019-09-24,107879817
ethereum,2019-09-25,107893414
ethereum,2019-09-26,107906894
ethereum,2019-09-27,107920293
ethereum,2019-09-28,107933824
ethereum,2019-09-29,107947400
ethereum,2019-09-30,107960845
ethereum,2019-10-01,107974416
ethereum,2019-10-02,107987784
ethereum,2019-10-03,108001273
ethereum,2019-10-04,108014799
ethereum,2019-10-05,108028348
ethereum,2019-10-06,108041928
ethereum,2019-10-07,108055323
ethereum,2019-10-08,108068687
ethereum,2019-10-09,108082111
ethereum,2019-10-10,108095480
ethereum,2019-10-11,108108902
ethereum,2019-10-12,108122216
ethereum,2019-10-13,108135648
ethereum,2019-10-14,108149060
ethereum,2019-10-15,108162651
ethereum,2019-10-16,108175986
ethereum,2019-10-17,108189291
ethereum,2019-10-18,108202601
ethereum,2019-10-19,108215936
ethereum,2019-10-20,108229314
ethereum,2019-10-21,108242513
ethereum,2019-10-22,108255960
ethereum,2019-10-23,108269380
ethereum,2019-10-24,108282581
ethereum,2019-10-25,108295505
ethereum,2019-10-26,108308697
ethereum,2019-10-27,108321625
ethereum,2019-10-28,108334773
ethereum,2019-10-29,108347873
ethereum,2019-10-30,108361056
ethereum,2019-10-31,108374175
ethereum,2019-11-01,108387409
ethereum,2019-11-02,108400442
ethereum,2019-11-03,108413604
ethereum,2019-11-04,108426645
ethereum,2019-11-05,108439774
ethereum,2019-11-06,108452860
ethereum,2019-11-07,108465892
ethereum,2019-11-08,108478946
ethereum,2019-11-09,108491828
ethereum,2019-11-10,108504456
ethereum,2019-11-11,108518095
ethereum,2019-11-12,108530782
ethereum,2019-11-13,108543474
ethereum,2019-11-14,108555906
ethereum,2019-11-15,108568660
ethereum,2019-11-16,108581328
ethereum,2019-11-17,108594024
ethereum,2019-11-18,108606578
ethereum,2019-11-19,108619118
ethereum,2019-11-20,108631754
ethereum,2019-11-21,108644504
ethereum,2019-11-22,108657031
ethereum,2019-11-23,108669691
ethereum,2019-11-24,108682350
ethereum,2019-11-25,108694535
ethereum,2019-11-26,108706491
ethereum,2019-11-27,108718310
ethereum,2019-11-28,108730201
ethereum,2019-11-29,108741935
ethereum,2019-11-30,108753796
ethereum,2019-12-01,108765488
ethereum,2019-12-02,108777367
ethereum,2019-12-03,108789263
ethereum,2019-12-04,108800974
ethereum,2019-12-05,108812720
ethereum,2019-12-06,108824595
ethereum,2019-12-07,108836430
ethereum,2019-12-08,108848109
ethereum,2019-12-09,108859927
ethereum,2019-12-10,108871892
ethereum,2019-12-11,108883501
ethereum,2019-12-12,108902517
ethereum,2019-12-13,108906232
ethereum,2019-12-14,108917292
ethereum,2019-12-15,108927913
ethereum,2019-12-16,108938553
ethereum,2019-12-17,108948991
ethereum,2019-12-18,108959466
ethereum,2019-12-19,108969871
ethereum,2019-12-20,108980308
ethereum,2019-12-21,108990878
ethereum,2019-12-22,109001174
ethereum,2019-12-23,109011639
ethereum,2019-12-24,109022063
ethereum,2019-12-25,109032395
ethereum,2019-12-26,109042710
ethereum,2019-12-27,109053182
ethereum,2019-12-28,109063648
ethereum,2019-12-29,109074001
ethereum,2019-12-30,109084449
ethereum,2019-12-31,109094846
ethereum,2020-01-01,109105142
ethereum,2020-01-02,109117254
ethereum,2020-01-03,109130945
ethereum,2020-01-04,109144665
ethereum,2020-01-05,109158089
ethereum,2020-01-06,109172208
ethereum,2020-01-07,109185400
ethereum,2020-01-08,109198985
ethereum,2020-01-09,109213182
ethereum,2020-01-10,109226359
ethereum,2020-01-11,109239922
ethereum,2020-01-12,109253589
ethereum,2020-01-13,109267266
ethereum,2020-01-14,109280832
ethereum,2020-01-15,109294448
ethereum,2020-01-16,109308081
ethereum,2020-01-17,109321883
ethereum,2020-01-18,109335448
ethereum,2020-01-19,109349093
ethereum,2020-01-20,109362951
ethereum,2020-01-21,109376398
ethereum,2020-01-22,109390178
ethereum,2020-01-23,109403750
ethereum,2020-01-24,109417315
ethereum,2020-01-25,109430866
ethereum,2020-01-26,109444721
ethereum,2020-01-27,109458131
ethereum,2020-01-28,109471732
ethereum,2020-01-29,109485243
ethereum,2020-01-30,109499084
ethereum,2020-01-31,109512537
ethereum,2020-02-01,109526152
ethereum,2020-02-02,109539709
ethereum,2020-02-03,109553353
ethereum,2020-02-04,109567212
ethereum,2020-02-05,109580790
ethereum,2020-02-06,109594813
ethereum,2020-02-07,109608309
ethereum,2020-02-08,109621899
ethereum,2020-02-09,109635498
ethereum,2020-02-10,109649388
ethereum,2020-02-11,109662884
ethereum,2020-02-12,109676433
ethereum,2020-02-13,109690155
ethereum,2020-02-14,109704006
ethereum,2020-02-15,109717351
ethereum,2020-02-16,109731372
ethereum,2020-02-17,109744742
ethereum,2020-02-18,109758428
ethereum,2020-02-19,109772372
ethereum,2020-02-20,109785581
ethereum,2020-02-21,109799057
ethereum,2020-02-22,109812791
ethereum,2020-02-23,109826402
ethereum,2020-02-24,109839921
ethereum,2020-02-25,109853522
ethereum,2020-02-26,109867276
ethereum,2020-02-27,109880802
ethereum,2020-02-28,109894447
ethereum,2020-02-29,109908119
ethereum,2020-03-01,109921594
ethereum,2020-03-02,109935264
ethereum,2020-03-03,109948966
ethereum,2020-03-04,109962850
ethereum,2020-03-05,109976103
ethereum,2020-03-06,109989893
ethereum,2020-03-07,110003601
ethereum,2020-03-08,110017254
ethereum,2020-03-09,110030784
ethereum,2020-03-10,110044461
ethereum,2020-03-11,110058163
ethereum,2020-03-12,110071955
ethereum,2020-03-13,110085367
ethereum,2020-03-14,110098986
ethereum,2020-03-15,110112626
ethereum,2020-03-16,110126185
ethereum,2020-03-17,110139853
ethereum,2020-03-18,110153597
ethereum,2020-03-19,110167055
ethereum,2020-03-20,110180910
ethereum,2020-03-21,110194618
ethereum,2020-03-22,110208209
ethereum,2020-03-23,110221816
ethereum,2020-03-24,110235642
ethereum,2020-03-25,110249242
ethereum,2020-03-26,110262908
ethereum,2020-03-27,110276607
ethereum,2020-03-28,110290236
ethereum,2020-03-29,110303936
ethereum,2020-03-30,110317557
ethereum,2020-03-31,110331171
ethereum,2020-04-01,110344850
ethereum,2020-04-02,110358440
ethereum,2020-04-03,110372129
ethereum,2020-04-04,110385715
ethereum,2020-04-05,110399204
ethereum,2020-04-06,110412852
ethereum,2020-04-07,110426629
ethereum,2020-04-08,110440172
ethereum,2020-04-09,110453874
ethereum,2020-04-10,110467427
ethereum,2020-04-11,110481001
ethereum,2020-04-12,110494829
ethereum,2020-04-13,110508442
ethereum,2020-04-14,110522099
ethereum,2020-04-15,110535751
ethereum,2020-04-16,110549397
ethereum,2020-04-17,110562889
ethereum,2020-04-18,110576436
ethereum,2020-04-19,110590154
ethereum,2020-04-20,110603794
ethereum,2020-04-21,110617395
ethereum,2020-04-22,110631080
ethereum,2020-04-23,110644733
ethereum,2020-04-24,110658330
ethereum,2020-04-25,110671961
ethereum,2020-04-26,110685537
ethereum,2020-04-27,110699109
ethereum,2020-04-28,110712778
ethereum,2020-04-29,110726519
ethereum,2020-04-30,110740130
ethereum,2020-05-01,110753940
ethereum,2020-05-02,110767384
ethereum,2020-05-03,110781120
ethereum,2020-05-04,110794696
ethereum,2020-05-05,110808462
ethereum,2020-05-06,110821984
ethereum,2020-05-07,110835707
ethereum,2020-05-08,110849340
ethereum,2020-05-09,110862902
ethereum,2020-05-10,110876568
ethereum,2020-05-11,110890253
ethereum,2020-05-12,110903744
ethereum,2020-05-13,110917554
ethereum,2020-05-14,110931215
ethereum,2020-05-15,110944918
ethereum,2020-05-16,110958345
ethereum,2020-05-17,110972120
ethereum,2020-05-18,110985453
ethereum,2020-05-19,110999324
ethereum,2020-05-20,111012837
ethereum,2020-05-21,111026304
ethereum,2020-05-22,111039772
ethereum,2020-05-23,111053005
ethereum,2020-05-24,111066618
ethereum,2020-05-25,111080087
ethereum,2020-05-26,111093711
ethereum,2020-05-27,111107148
ethereum,2020-05-28,111120870
ethereum,2020-05-29,111134444
ethereum,2020-05-30,111148375
ethereum,2020-05-31,111161742
ethereum,2020-06-01,111175324
ethereum,2020-06-02,111189237
ethereum,2020-06-03,111202553
ethereum,2020-06-04,111215945
ethereum,2020-06-05,111230295
ethereum,2020-06-06,111243265
ethereum,2020-06-07,111256915
ethereum,2020-06-08,111270537
ethereum,2020-06-09,111284137
ethereum,2020-06-10,111297612
ethereum,2020-06-11,111311420
ethereum,2020-06-12,111325496
ethereum,2020-06-13,111338763
ethereum,2020-06-14,111352393
ethereum,2020-06-15,111366070
ethereum,2020-06-16,111380012
ethereum,2020-06-17,111393090
ethereum,2020-06-18,111406775
ethereum,2020-06-19,111420818
ethereum,2020-06-20,111434124
ethereum,2020-06-21,111447736
ethereum,2020-06-22,111461673
ethereum,2020-06-23,111474956
ethereum,2020-06-24,111488663
ethereum,2020-06-25,111502268
ethereum,2020-06-26,111515835
ethereum,2020-06-27,111529373
ethereum,2020-06-28,111543075
ethereum,2020-06-29,111556606
ethereum,2020-06-30,111570339
ethereum,2020-07-01,111584192
ethereum,2020-07-02,111597471
ethereum,2020-07-03,111611101
ethereum,2020-07-04,111624668
ethereum,2020-07-05,111638250
ethereum,2020-07-06,111651929
ethereum,2020-07-07,111665378
ethereum,2020-07-08,111679089
ethereum,2020-07-09,111692690
ethereum,2020-07-10,111706189
ethereum,2020-07-11,111719894
ethereum,2020-07-12,111733621
ethereum,2020-07-13,111747478
ethereum,2020-07-14,111760839
ethereum,2020-07-15,111774466
ethereum,2020-07-16,111787978
ethereum,2020-07-17,111801565
ethereum,2020-07-18,111815262
ethereum,2020-07-19,111829058
ethereum,2020-07-20,111842432
ethereum,2020-07-21,111856010
ethereum,2020-07-22,111869609
ethereum,2020-07-23,111883360
ethereum,2020-07-24,111896996
ethereum,2020-07-25,111910430
ethereum,2020-07-26,111924124
ethereum,2020-07-27,111937715
ethereum,2020-07-28,111951376
ethereum,2020-07-29,111964816
ethereum,2020-07-30,111978292
ethereum,2020-07-31,111991940
ethereum,2020-08-01,112005665
ethereum,2020-08-02,112019505
ethereum,2020-08-03,112032996
ethereum,2020-08-04,112046503
ethereum,2020-08-05,112060119
ethereum,2020-08-06,112073894
ethereum,2020-08-07,112087509
ethereum,2020-08-08,112101270
ethereum,2020-08-09,112114931
ethereum,2020-08-10,112128336
ethereum,2020-08-11,112141946
ethereum,2020-08-12,112155629
ethereum,2020-08-13,112169419
ethereum,2020-08-14,112183306
ethereum,2020-08-15,112196482
ethereum,2020-08-16,112210102
ethereum,2020-08-17,112223527
ethereum,2020-08-18,112237450
ethereum,2020-08-19,112251050
ethereum,2020-08-20,112264761
ethereum,2020-08-21,112278319
ethereum,2020-08-22,112292128
ethereum,2020-08-23,112305742
ethereum,2020-08-24,112319169
ethereum,2020-08-25,112332639
ethereum,2020-08-26,112346341
ethereum,2020-08-27,112359774
ethereum,2020-08-28,112374000
ethereum,2020-08-29,112387200
ethereum,2020-08-30,112400815
ethereum,2020-08-31,112414645
ethereum,2020-09-01,112428226
ethereum,2020-09-02,112441802
ethereum,2020-09-03,112455161
ethereum,2020-09-04,112469235
ethereum,2020-09-05,112482975
ethereum,2020-09-06,112496757
ethereum,2020-09-07,112510617
ethereum,2020-09-08,112523857
ethereum,2020-09-09,112537219
ethereum,2020-09-10,112551104
ethereum,2020-09-11,112564739
ethereum,2020-09-12,112578114
ethereum,2020-09-13,112592254
ethereum,2020-09-14,112605265
ethereum,2020-09-15,112618840
ethereum,2020-09-16,112632456
ethereum,2020-09-17,112646128
ethereum,2020-09-18,112659737
ethereum,2020-09-19,112673182
ethereum,2020-09-20,112686874
ethereum,2020-09-21,112700391
ethereum,2020-09-22,112714460
ethereum,2020-09-23,112728435
ethereum,2020-09-24,112741514
ethereum,2020-09-25,112755175
ethereum,2020-09-26,112768353
ethereum,2020-09-27,112781260
ethereum,2020-09-28,112794713
ethereum,2020-09-29,112807979
ethereum,2020-09-30,112821330
ethereum,2020-10-01,112834466
ethereum,2020-10-02,112847651
ethereum,2020-10-03,112860970
ethereum,2020-10-04,112880935
ethereum,2020-10-05,112887664
ethereum,2020-10-06,112901088
ethereum,2020-10-07,112914291
ethereum,2020-10-08,112927511
ethereum,2020-10-09,112940851
ethereum,2020-10-10,112954374
ethereum,2020-10-11,112968029
ethereum,2020-10-12,112981561
ethereum,2020-10-13,112995283
ethereum,2020-10-14,113008923
ethereum,2020-10-15,113022541
ethereum,2020-10-16,113036064
ethereum,2020-10-17,113049621
ethereum,2020-10-18,113063013
ethereum,2020-10-19,113076793
ethereum,2020-10-20,113090339
ethereum,2020-10-21,113094862
ethereum,2020-10-22,113094862
ethereum,2020-10-23,113130976
ethereum,2020-10-24,113144649
ethereum,2020-10-25,113158097
ethereum,2020-10-26,113171568
ethereum,2020-10-27,113185195
ethereum,2020-10-28,113198836
ethereum,2020-10-29,113212436
ethereum,2020-10-30,113225928
ethereum,2020-10-31,113239474
ethereum,2020-11-01,113253054
ethereum,2020-11-02,113265346
ethereum,2020-11-03,113280047
ethereum,2020-11-04,113293543
ethereum,2020-11-05,113307161
ethereum,2020-11-06,113320746
ethereum,2020-11-07,113334253
ethereum,2020-11-08,113347833
ethereum,2020-11-09,113361345
ethereum,2020-11-10,113374799
ethereum,2020-11-11,113388347
ethereum,2020-11-12,113401877
ethereum,2020-11-13,113415467
ethereum,2020-11-14,113429044
ethereum,2020-11-15,113441637
ethereum,2020-11-16,113456135
ethereum,2020-11-17,113469713
ethereum,2020-11-18,113483121
ethereum,2020-11-19,113496867
ethereum,2020-11-20,113510302
ethereum,2020-11-21,113523970
ethereum,2020-11-22,113537501
ethereum,2020-11-23,113550997
ethereum,2020-11-24,113564659
ethereum,2020-11-25,113578176
ethereum,2020-11-26,113591759
ethereum,2020-11-27,113605091
ethereum,2020-11-28,113618778
ethereum,2020-11-29,113632316
ethereum,2020-11-30,113646028
ethereum,2020-12-01,113659576
ethereum,2020-12-02,113672966
ethereum,2020-12-03,113685443
ethereum,2020-12-04,113698989
ethereum,2020-12-05,113713549
ethereum,2020-12-06,113727154
ethereum,2020-12-07,113740601
ethereum,2020-12-08,113754066
ethereum,2020-12-09,113767767
ethereum,2020-12-10,113781073
ethereum,2020-12-11,113794578
ethereum,2020-12-12,113808107
ethereum,2020-12-13,113821547
ethereum,2020-12-14,113835112
ethereum,2020-12-15,113848590
ethereum,2020-12-16,113862173
ethereum,2020-12-17,113875758
ethereum,2020-12-18,113889272
ethereum,2020-12-19,113902341
ethereum,2020-12-20,113916376
ethereum,2020-12-21,113929919
ethereum,2020-12-22,113943369
ethereum,2020-12-23,113957065
ethereum,2020-12-24,113970473
ethereum,2020-12-25,113983877
ethereum,2020-12-26,113997617
ethereum,2020-12-27,114011137
ethereum,2020-12-28,114024762
ethereum,2020-12-29,114038069
ethereum,2020-12-30,114051640
ethereum,2020-12-31,114065121
ethereum,2021-01-01,114078663
ethereum,2021-01-02,114092306
ethereum,2021-01-03,114105798
ethereum,2021-01-04,114119300
ethereum,2021-01-05,114132899
ethereum,2021-01-06,114146411
ethereum,2021-01-07,114159769
ethereum,2021-01-08,114173412
ethereum,2021-01-09,114186843
ethereum,2021-01-10,114200383
ethereum,2021-01-11,114213945
ethereum,2021-01-12,114227566
ethereum,2021-01-13,114241205
ethereum,2021-01-14,114254557
ethereum,2021-01-15,114268212
ethereum,2021-01-16,114281695
ethereum,2021-01-17,114295213
ethereum,2021-01-18,114307599
ethereum,2021-01-19,114322309
ethereum,2021-01-20,114335927
ethereum,2021-01-21,114349427
ethereum,2021-01-22,114362874
ethereum,2021-01-23,114376451
ethereum,2021-01-24,114389939
ethereum,2021-01-25,114403483
ethereum,2021-01-26,114417059
ethereum,2021-01-27,114430439
ethereum,2021-01-28,114443969
ethereum,2021-01-29,114457409
ethereum,2021-01-30,114470724
ethereum,2021-01-31,114484460
ethereum,2021-02-01,114498001
ethereum,2021-02-02,114511513
ethereum,2021-02-03,114525091
ethereum,2021-02-04,114537532
ethereum,2021-02-05,114552111
ethereum,2021-02-06,114565643
ethereum,2021-02-07,114579281
ethereum,2021-02-08,114592724
ethereum,2021-02-09,114606240
ethereum,2021-02-10,114619828
ethereum,2021-02-11,114633376
ethereum,2021-02-12,114646921
ethereum,2021-02-13,114660325
ethereum,2021-02-14,114673948
ethereum,2021-02-15,114687424
ethereum,2021-02-16,114700893
ethereum,2021-02-17,114714506
ethereum,2021-02-18,114727980
ethereum,2021-02-19,114741652
ethereum,2021-02-20,114753977
ethereum,2021-02-21,114768679
ethereum,2021-02-22,114782170
ethereum,2021-02-23,114795725
ethereum,2021-02-24,114808030
ethereum,2021-02-25,114822722
ethereum,2021-02-26,114836338
ethereum,2021-02-27,114849884
ethereum,2021-02-28,114863309
ethereum,2021-03-01,114876787
ethereum,2021-03-02,114890415
ethereum,2021-03-03,114903790
ethereum,2021-03-04,114917418
ethereum,2021-03-05,114930978
ethereum,2021-03-06,114944639
ethereum,2021-03-07,114958100
ethereum,2021-03-08,114971627
ethereum,2021-03-09,114985099
ethereum,2021-03-10,114998705
ethereum,2021-03-11,115012059
ethereum,2021-03-12,115025567
ethereum,2021-03-13,115037940
ethereum,2021-03-14,115052797
ethereum,2021-03-15,115066252
ethereum,2021-03-16,115079788
ethereum,2021-03-17,115093346
ethereum,2021-03-18,115106895
ethereum,2021-03-19,115120404
ethereum,2021-03-20,115133992
ethereum,2021-03-21,115147387
ethereum,2021-03-22,115160871
ethereum,2021-03-23,115174425
ethereum,2021-03-24,115187969
ethereum,2021-03-25,115201515
ethereum,2021-03-26,115215082
ethereum,2021-03-27,115228588
ethereum,2021-03-28,115242089
ethereum,2021-03-29,115254421
ethereum,2021-03-30,115269229
ethereum,2021-03-31,115282663
ethereum,2021-04-01,115296165
ethereum,2021-04-02,115309596
ethereum,2021-04-03,115323164
ethereum,2021-04-04,115336796
ethereum,2021-04-05,115350369
ethereum,2021-04-06,115363863
ethereum,2021-04-07,115377423
ethereum,2021-04-08,115389791
ethereum,2021-04-09,115404317
ethereum,2021-04-10,115416709
ethereum,2021-04-11,115431483
ethereum,2021-04-12,115445074
ethereum,2021-04-13,115458521
ethereum,2021-04-14,115471966
ethereum,2021-04-15,115485451
ethereum,2021-04-16,115498854
ethereum,2021-04-17,115512314
ethereum,2021-04-18,115525850
ethereum,2021-04-19,115539159
ethereum,2021-04-20,115552842
ethereum,2021-04-21,115566443
ethereum,2021-04-22,115579831
ethereum,2021-04-23,115593273
ethereum,2021-04-24,115606817
ethereum,2021-04-25,115620360
ethereum,2021-04-26,115633812
ethereum,2021-04-27,115647351
ethereum,2021-04-28,115660911
ethereum,2021-04-29,115674376
ethereum,2021-04-30,115687765
ethereum,2021-05-01,115701306
ethereum,2021-05-02,115714719
ethereum,2021-05-03,115728277
ethereum,2021-05-04,115740714
ethereum,2021-05-05,115755361
ethereum,2021-05-06,115768823
ethereum,2021-05-07,115782244
ethereum,2021-05-08,115795729
ethereum,2021-05-09,115809211
ethereum,2021-05-10,115822780
ethereum,2021-05-11,115836248
ethereum,2021-05-12,115849686
ethereum,2021-05-13,115862202
ethereum,2021-05-14,115876840
ethereum,2021-05-15,115890387
ethereum,2021-05-16,115903816
ethereum,2021-05-17,115917251
ethereum,2021-05-18,115930774
ethereum,2021-05-19,115944200
ethereum,2021-05-20,115957765
ethereum,2021-05-21,115971128
ethereum,2021-05-22,115984622
ethereum,2021-05-23,115998099
ethereum,2021-05-24,116011609
ethereum,2021-05-25,116024910
ethereum,2021-05-26,116037192
ethereum,2021-05-27,116051687
ethereum,2021-05-28,116065183
ethereum,2021-05-29,116078700
ethereum,2021-05-30,116092123
ethereum,2021-05-31,116105542
ethereum,2021-06-01,116118990
ethereum,2021-06-02,116132574
ethereum,2021-06-03,116145925
ethereum,2021-06-04,116159552
ethereum,2021-06-05,116172897
ethereum,2021-06-06,116186502
ethereum,2021-06-07,116199906
ethereum,2021-06-08,116213374
ethereum,2021-06-09,116226768
ethereum,2021-06-10,116239053
ethereum,2021-06-11,116253611
ethereum,2021-06-12,116267000
ethereum,2021-06-13,116280456
ethereum,2021-06-14,116293929
ethereum,2021-06-15,116307515
ethereum,2021-06-16,116320848
ethereum,2021-06-17,116334380
ethereum,2021-06-18,116347678
ethereum,2021-06-19,116361120
ethereum,2021-06-20,116374558
ethereum,2021-06-21,116387771
ethereum,2021-06-22,116401289
ethereum,2021-06-23,116413528
ethereum,2021-06-24,116428006
ethereum,2021-06-25,116440042
ethereum,2021-06-26,116454584
ethereum,2021-06-27,116465803
ethereum,2021-06-28,116481536
ethereum,2021-06-29,116494894
ethereum,2021-06-30,116508373
ethereum,2021-07-01,116521595
ethereum,2021-07-02,116535039
ethereum,2021-07-03,116548369
ethereum,2021-07-04,116561829
ethereum,2021-07-05,116575221
ethereum,2021-07-06,116587523
ethereum,2021-07-07,116602108
ethereum,2021-07-08,116615512
ethereum,2021-07-09,116628872
ethereum,2021-07-10,116642308
ethereum,2021-07-11,116654535
ethereum,2021-07-12,116667885
ethereum,2021-07-13,116681089
ethereum,2021-07-14,116694341
ethereum,2021-07-15,116708888
ethereum,2021-07-16,116722133
ethereum,2021-07-17,116735326
ethereum,2021-07-18,116747505
ethereum,2021-07-19,116761978
ethereum,2021-07-20,116775177
ethereum,2021-07-21,116788631
ethereum,2021-07-22,116801994
ethereum,2021-07-23,116815210
ethereum,2021-07-24,116828651
ethereum,2021-07-25,116841967
ethereum,2021-07-26,116855201
ethereum,2021-07-27,116868282
ethereum,2021-07-28,116881406
ethereum,2021-07-29,116894570
ethereum,2021-07-30,116907694
ethereum,2021-07-31,116920843
ethereum,2021-08-01,116933971
ethereum,2021-08-02,116947287
ethereum,2021-08-03,116960469
ethereum,2021-08-04,116972576
ethereum,2021-08-05,116986907
ethereum,2021-08-06,117001530
ethereum,2021-08-07,117013900
ethereum,2021-08-08,117027422
ethereum,2021-08-09,117040954
ethereum,2021-08-10,117054492
ethereum,2021-08-11,117067838
ethereum,2021-08-12,117081389
ethereum,2021-08-13,117094872
ethereum,2021-08-14,117108415
ethereum,2021-08-15,117121737
ethereum,2021-08-16,117135303
ethereum,2021-08-17,117148860
ethereum,2021-08-18,117162209
ethereum,2021-08-19,117175961
ethereum,2021-08-20,117189429
ethereum,2021-08-21,117202834
ethereum,2021-08-22,117216412
ethereum,2021-08-23,117229809
ethereum,2021-08-24,117243357
ethereum,2021-08-25,117256900
ethereum,2021-08-26,117270375
ethereum,2021-08-27,117283845
ethereum,2021-08-28,117297267
ethereum,2021-08-29,117309645
ethereum,2021-08-30,117324268
ethereum,2021-08-31,117336669
ethereum,2021-09-01,117351272
ethereum,2021-09-02,117364883
ethereum,2021-09-03,117378395
ethereum,2021-09-04,117391819
ethereum,2021-09-05,117405426
ethereum,2021-09-06,117418935
ethereum,2021-09-07,117432365
ethereum,2021-09-08,117444835
ethereum,2021-09-09,117459416
ethereum,2021-09-10,117472918
ethereum,2021-09-11,117485210
ethereum,2021-09-12,117499888
ethereum,2021-09-13,117513276
ethereum,2021-09-14,117526719
ethereum,2021-09-15,117540244
ethereum,2021-09-16,117553779
ethereum,2021-09-17,117567268
ethereum,2021-09-18,117580755
ethereum,2021-09-19,117594292
ethereum,2021-09-20,117607752
ethereum,2021-09-21,117620223
ethereum,2021-09-22,117633647
ethereum,2021-09-23,117648136
ethereum,2021-09-24,117660467
ethereum,2021-09-25,117675289
ethereum,2021-09-26,117688669
ethereum,2021-09-27,117702174
ethereum,2021-09-28,117715458
ethereum,2021-09-29,117728920
ethereum,2021-09-30,117742218
ethereum,2021-10-01,117755799
ethereum,2021-10-02,117769187
ethereum,2021-10-03,117782549
ethereum,2021-10-04,117794761
ethereum,2021-10-05,117809281
ethereum,2021-10-06,117822787
ethereum,2021-10-07,117836044
ethereum,2021-10-08,117849508
ethereum,2021-10-09,117861729
ethereum,2021-10-10,117876205
ethereum,2021-10-11,117889632
ethereum,2021-10-12,117902986
ethereum,2021-10-13,117916302
ethereum,2021-10-14,117927426
ethereum,2021-10-15,117942971
ethereum,2021-10-16,117956494
ethereum,2021-10-17,117969971
ethereum,2021-10-18,117983263
ethereum,2021-10-19,117996710
ethereum,2021-10-20,118010080
ethereum,2021-10-21,118023603
ethereum,2021-10-22,118037111
ethereum,2021-10-23,118050426
ethereum,2021-10-24,118063808
ethereum,2021-10-25,118077297
ethereum,2021-10-26,118090745
ethereum,2021-10-27,118104048
ethereum,2021-10-28,118117480
ethereum,2021-10-29,118130863
ethereum,2021-10-30,118144222
ethereum,2021-10-31,118157544
ethereum,2021-11-01,118171079
ethereum,2021-11-02,118184395
ethereum,2021-11-03,118197827
ethereum,2021-11-04,118211012
ethereum,2021-11-05,118224502
ethereum,2021-11-06,118237830
ethereum,2021-11-07,118251312
ethereum,2021-11-08,118264661
ethereum,2021-11-09,118277978
ethereum,2021-11-10,118291392
ethereum,2021-11-11,118304766
ethereum,2021-11-12,118318114
ethereum,2021-11-13,118331329
ethereum,2021-11-14,118344549
ethereum,2021-11-15,118357786
ethereum,2021-11-16,118370949
ethereum,2021-11-17,118384361
ethereum,2021-11-18,118397658
ethereum,2021-11-19,118410711
ethereum,2021-11-20,118423907
ethereum,2021-11-21,118437143
ethereum,2021-11-22,118450484
ethereum,2021-11-23,118463751
ethereum,2021-11-24,118476951
ethereum,2021-11-25,118490202
ethereum,2021-11-26,118503312
ethereum,2021-11-27,118516726
ethereum,2021-11-28,118529922
ethereum,2021-11-29,118543045
ethereum,2021-11-30,118556244
ethereum,2021-12-01,118568213
ethereum,2021-12-02,118582414
ethereum,2021-12-03,118595599
ethereum,2021-12-04,118608537
ethereum,2021-12-05,118621737
ethereum,2021-12-06,118634879
ethereum,2021-12-07,118647984
ethereum,2021-12-08,118661032
ethereum,2021-12-09,118674202
ethereum,2021-12-10,118687707
ethereum,2021-12-11,118701322
ethereum,2021-12-12,118723944
ethereum,2021-12-13,118728555
ethereum,2021-12-14,118742020
ethereum,2021-12-15,118755585
ethereum,2021-12-16,118768979
ethereum,2021-12-17,118782543
ethereum,2021-12-18,118796198
ethereum,2021-12-19,118809706
ethereum,2021-12-20,118823509
ethereum,2021-12-21,118837043
ethereum,2021-12-22,118850578
ethereum,2021-12-23,118864069
ethereum,2021-12-24,118877602
ethereum,2021-12-25,118891225
ethereum,2021-12-26,118904796
ethereum,2021-12-27,118918391
ethereum,2021-12-28,118931929
ethereum,2021-12-29,118945540
ethereum,2021-12-30,118959084
ethereum,2021-12-31,118972550
ethereum,2022-01-01,118986204
ethereum,2022-01-02,118999915
ethereum,2022-01-03,119013565
ethereum,2022-01-04,119027165
ethereum,2022-01-05,119040730
ethereum,2022-01-06,119054135
ethereum,2022-01-07,119067595
ethereum,2022-01-08,119081291
ethereum,2022-01-09,119094904
ethereum,2022-01-10,119108405
ethereum,2022-01-11,119122094
ethereum,2022-01-12,119135634
ethereum,2022-01-13,119149215
ethereum,2022-01-14,119162692
ethereum,2022-01-15,119176305
ethereum,2022-01-16,119189938
ethereum,2022-01-17,119203468
ethereum,2022-01-18,119217055
ethereum,2022-01-19,119230639
ethereum,2022-01-20,119244234
ethereum,2022-01-21,119257687
ethereum,2022-01-22,119271475
ethereum,2022-01-23,119284947
ethereum,2022-01-24,119298547
ethereum,2022-01-25,119312111
ethereum,2022-01-26,119325623
ethereum,2022-01-27,119339225
ethereum,2022-01-28,119352764
ethereum,2022-01-29,119366263
ethereum,2022-01-30,119379965
ethereum,2022-01-31,119393471
ethereum,2022-02-01,119407035
ethereum,2022-02-02,119420606
ethereum,2022-02-03,119434052
ethereum,2022-02-04,119447840
ethereum,2022-02-05,119461267
ethereum,2022-02-06,119474958
ethereum,2022-02-07,119488518
ethereum,2022-02-08,119501995
ethereum,2022-02-09,119515597
ethereum,2022-02-10,119529134
ethereum,2022-02-11,119542825
ethereum,2022-02-12,119556345
ethereum,2022-02-13,119569866
ethereum,2022-02-14,119583412
ethereum,2022-02-15,119597059
ethereum,2022-02-16,119610484
ethereum,2022-02-17,119624092
ethereum,2022-02-18,119637600
ethereum,2022-02-19,119651034
ethereum,2022-02-20,119664760
ethereum,2022-02-21,119678263
ethereum,2022-02-22,119691776
ethereum,2022-02-23,119705079
ethereum,2022-02-24,119719028
ethereum,2022-02-25,119732489
ethereum,2022-02-26,119746107
ethereum,2022-02-27,119759647
ethereum,2022-02-28,119773111
ethereum,2022-03-01,119786758
ethereum,2022-03-02,119800188
ethereum,2022-03-03,119813728
ethereum,2022-03-04,119827428
ethereum,2022-03-05,119840855
ethereum,2022-03-06,119854352
ethereum,2022-03-07,119868002
ethereum,2022-03-08,119881538
ethereum,2022-03-09,119895238
ethereum,2022-03-10,119908895
ethereum,2022-03-11,119922223
ethereum,2022-03-12,119935990
ethereum,2022-03-13,119949323
ethereum,2022-03-14,119963010
ethereum,2022-03-15,119976459
ethereum,2022-03-16,119989941
ethereum,2022-03-17,120003464
ethereum,2022-03-18,120016999
ethereum,2022-03-19,120030563
ethereum,2022-03-20,120044055
ethereum,2022-03-21,120057484
ethereum,2022-03-22,120070979
ethereum,2022-03-23,120084545
ethereum,2022-03-24,120098075
ethereum,2022-03-25,120111652
ethereum,2022-03-26,120125122
ethereum,2022-03-27,120138567
ethereum,2022-03-28,120152170
ethereum,2022-03-29,120165777
ethereum,2022-03-30,120179254
ethereum,2022-03-31,120192745
ethereum,2022-04-01,120206294
ethereum,2022-04-02,120219619
ethereum,2022-04-03,120233135
ethereum,2022-04-04,120246451
ethereum,2022-04-05,120259969
ethereum,2022-04-06,120273502
ethereum,2022-04-07,120286996
ethereum,2022-04-08,120300393
ethereum,2022-04-09,120313838
ethereum,2022-04-10,120327321
ethereum,2022-04-11,120340877
ethereum,2022-04-12,120354410
ethereum,2022-04-13,120367761
ethereum,2022-04-14,120381235
ethereum,2022-04-15,120394719
ethereum,2022-04-16,120408182
ethereum,2022-04-17,120421661
ethereum,2022-04-18,120435098
ethereum,2022-04-19,120448503
ethereum,2022-04-20,120462014
ethereum,2022-04-21,120475198
ethereum,2022-04-22,120488609
ethereum,2022-04-23,120501963
ethereum,2022-04-24,120515346
ethereum,2022-04-25,120528672
ethereum,2022-04-26,120541977
ethereum,2022-04-27,120555410
ethereum,2022-04-28,120567623
ethereum,2022-04-29,120582183
ethereum,2022-04-30,120595615
ethereum,2022-05-01,120609038
ethereum,2022-05-02,120621174
ethereum,2022-05-03,120635663
ethereum,2022-05-04,120648764
ethereum,2022-05-05,120661975
ethereum,2022-05-06,120676275
ethereum,2022-05-07,120688378
ethereum,2022-05-08,120701742
ethereum,2022-05-09,120714799
ethereum,2022-05-10,120727999
ethereum,2022-05-11,120741356
ethereum,2022-05-12,120754445
ethereum,2022-05-13,120767801
ethereum,2022-05-14,120780919
ethereum,2022-05-15,120794109
ethereum,2022-05-16,120807342
ethereum,2022-05-17,120820600
ethereum,2022-05-18,120833794
ethereum,2022-05-19,120846643
ethereum,2022-05-20,120859500
ethereum,2022-05-21,120872338
ethereum,2022-05-22,120885175
ethereum,2022-05-23,120898127
ethereum,2022-05-24,120910892
ethereum,2022-05-25,120923878
ethereum,2022-05-26,120936715
ethereum,2022-05-27,120949699
ethereum,2022-05-28,120962600
ethereum,2022-05-29,120975477
ethereum,2022-05-30,120988237
ethereum,2022-05-31,121001145
ethereum,2022-06-01,121013996
ethereum,2022-06-02,121026901
ethereum,2022-06-03,121039762
ethereum,2022-06-04,121052085
ethereum,2022-06-05,121064459
ethereum,2022-06-06,121076584
ethereum,2022-06-07,121089052
ethereum,2022-06-08,121101323
ethereum,2022-06-09,121113438
ethereum,2022-06-10,121125711
ethereum,2022-06-11,121138069
ethereum,2022-06-12,121150292
ethereum,2022-06-13,121162535
ethereum,2022-06-14,121174629
ethereum,2022-06-15,121186726
ethereum,2022-06-16,121198918
ethereum,2022-06-17,121211219
ethereum,2022-06-18,121223421
ethereum,2022-06-19,121235428
ethereum,2022-06-20,121247724
ethereum,2022-06-21,121259033
ethereum,2022-06-22,121270271
ethereum,2022-06-23,121281346
ethereum,2022-06-24,121292519
ethereum,2022-06-25,121303677
ethereum,2022-06-26,121313866
ethereum,2022-06-27,121326007
ethereum,2022-06-28,121337057
ethereum,2022-06-29,121348189
ethereum,2022-06-30,121359996
ethereum,2022-07-01,121373531
ethereum,2022-07-02,121387106
ethereum,2022-07-03,121400775
ethereum,2022-07-04,121414263
ethereum,2022-07-05,121427866
ethereum,2022-07-06,121441464
ethereum,2022-07-07,121454898
ethereum,2022-07-08,121468538
ethereum,2022-07-09,121481877
ethereum,2022-07-10,121495454
ethereum,2022-07-11,121509009
ethereum,2022-07-12,121522607
ethereum,2022-07-13,121535971
ethereum,2022-07-14,121549576
ethereum,2022-07-15,121563063
ethereum,2022-07-16,121576547
ethereum,2022-07-17,121590016
ethereum,2022-07-18,121603594
ethereum,2022-07-19,121617132
ethereum,2022-07-20,121630690
ethereum,2022-07-21,121644242
ethereum,2022-07-22,121657776
ethereum,2022-07-23,121671333
ethereum,2022-07-24,121684775
ethereum,2022-07-25,121698159
ethereum,2022-07-26,121711615
ethereum,2022-07-27,121725128
ethereum,2022-07-28,121738650
ethereum,2022-07-29,121752110
ethereum,2022-07-30,121765573
ethereum,2022-07-31,121779006
ethereum,2022-08-01,121792524
ethereum,2022-08-02,121806026
ethereum,2022-08-03,121819396
ethereum,2022-08-04,121832819
ethereum,2022-08-05,121845295
ethereum,2022-08-06,121859851
ethereum,2022-08-07,121873320
ethereum,2022-08-08,121885552
ethereum,2022-08-09,121900051
ethereum,2022-08-10,121913355
ethereum,2022-08-11,121926610
ethereum,2022-08-12,121939871
ethereum,2022-08-13,121953213
ethereum,2022-08-14,121966461
ethereum,2022-08-15,121979668
ethereum,2022-08-16,121993031
ethereum,2022-08-17,122006166
ethereum,2022-08-18,122019430
ethereum,2022-08-19,122032594
ethereum,2022-08-20,122045915
ethereum,2022-08-21,122059257
ethereum,2022-08-22,122072405
ethereum,2022-08-23,122085726
ethereum,2022-08-24,122099891
ethereum,2022-08-25,122111778
ethereum,2022-08-26,122124891
ethereum,2022-08-27,122137998
ethereum,2022-08-28,122151022
ethereum,2022-08-29,122164250
ethereum,2022-08-30,122177169
ethereum,2022-08-31,122190341
ethereum,2022-09-01,122203407
ethereum,2022-09-02,122216523
ethereum,2022-09-03,122229575
ethereum,2022-09-04,122242710
ethereum,2022-09-05,122255564
ethereum,2022-09-06,122266531
ethereum,2022-09-07,122281658
ethereum,2022-09-08,122294748
ethereum,2022-09-09,122307424
ethereum,2022-09-10,122320055
ethereum,2022-09-11,122332759
ethereum,2022-09-12,122345444
ethereum,2022-09-13,122358166
ethereum,2022-09-14,122370574
ethereum,2022-09-15,122384189
ethereum,2022-09-16,122398373
ethereum,2022-09-17,122412631
ethereum,2022-09-18,122426891
ethereum,2022-09-19,122441143
ethereum,2022-09-20,122455419
ethereum,2022-09-21,122469523
ethereum,2022-09-22,122483831
ethereum,2022-09-23,122498165
ethereum,2022-09-24,122512501
ethereum,2022-09-25,122526837
ethereum,2022-09-26,122541133
ethereum,2022-09-27,122555413
ethereum,2022-09-28,122569737
ethereum,2022-09-29,122584047
ethereum,2022-09-30,122598371
ethereum,2022-10-01,122612643
ethereum,2022-10-02,122626993
ethereum,2022-10-03,122641315
ethereum,2022-10-04,122655571
ethereum,2022-10-05,122669869
ethereum,2022-10-06,122684183
ethereum,2022-10-07,122698475
ethereum,2022-10-08,122712813
ethereum,2022-10-09,122727135
ethereum,2022-10-10,122740269
ethereum,2022-10-11,122755795
ethereum,2022-10-12,122770123
ethereum,2022-10-13,122784437
ethereum,2022-10-14,122798761
ethereum,2022-10-15,122813095
ethereum,2022-10-16,122373863
ethereum,2022-10-17,122373863
ethereum,2022-10-18,122373863
ethereum,2022-10-19,122373863
ethereum,2022-10-20,122373863
ethereum,2022-10-21,122373863
ethereum,2022-10-22,122373863
ethereum,2022-10-23,122373863
ethereum,2022-10-24,122373863
ethereum,2022-10-25,122373863
ethereum,2022-10-26,122373863
ethereum,2022-10-27,122373863
ethereum,2022-10-28,122373863
ethereum,2022-10-29,122373863
ethereum,2022-10-30,122373863
ethereum,2022-10-31,122373863
ethereum,2022-11-01,122373863
ethereum,2022-11-02,122373863
ethereum,2022-11-03,122373863
ethereum,2022-11-04,122373863
ethereum,2022-11-05,122373863
ethereum,2022-11-06,122373863
ethereum,2022-11-07,122373863
ethereum,2022-11-08,122373866
ethereum,2022-11-09,122373866
ethereum,2022-11-10,122373866
ethereum,2022-11-11,122373866
ethereum,2022-11-12,122373866
ethereum,2022-11-13,122373866
ethereum,2022-11-14,122373866
ethereum,2022-11-15,122373866
ethereum,2022-11-16,122373866
ethereum,2022-11-17,122373866
ethereum,2022-11-18,122373866
ethereum,2022-11-19,122373866
ethereum,2022-11-20,122373866
ethereum,2022-11-21,122373866
ethereum,2022-11-22,122373866
ethereum,2022-11-23,122373866
ethereum,2022-11-24,122373866
ethereum,2022-11-25,122373866
ethereum,2022-11-26,122373866
ethereum,2022-11-27,122373866
ethereum,2022-11-28,122373866
ethereum,2022-11-29,122373866
ethereum,2022-11-30,122373866
ethereum,2022-12-01,122373866
ethereum,2022-12-02,122373866
ethereum,2022-12-03,122373866
ethereum,2022-12-04,122373866
ethereum,2022-12-05,122373866
ethereum,2022-12-06,122373866
ethereum,2022-12-07,122373866
ethereum,2022-12-08,122373866
ethereum,2022-12-09,122373866
ethereum,2022-12-10,122373866
ethereum,2022-12-11,122373866
ethereum,2022-12-12,122373866
ethereum,2022-12-13,122373866
ethereum,2022-12-14,122373866
ethereum,2022-12-15,122373866
ethereum,2022-12-16,122373866
ethereum,2022-12-17,122373866
ethereum,2022-12-18,122373866
ethereum,2022-12-19,122373866
ethereum,2022-12-20,122373866
ethereum,2022-12-21,122373866
ethereum,2022-12-22,122373866
ethereum,2022-12-23,122373866
ethereum,2022-12-24,122373866
ethereum,2022-12-25,122373866
ethereum,2022-12-26,122373866
ethereum,2022-12-27,122373866
ethereum,2022-12-28,122373866
ethereum,2022-12-29,122373866
ethereum,2022-12-30,122373866
ethereum,2022-12-31,122373866
ethereum,2023-01-01,122373866
ethereum,2023-01-02,122373866
ethereum,2023-01-03,122373866
ethereum,2023-01-04,122373866
ethereum,2023-01-05,122373866
ethereum,2023-01-06,122373866
ethereum,2023-01-07,122373866
ethereum,2023-01-08,122373866
ethereum,2023-01-09,122373866
ethereum,2023-01-10,122373866
ethereum,2023-01-11,122373866
ethereum,2023-01-12,122373866
ethereum,2023-01-13,122373866
ethereum,2023-01-14,122373866
ethereum,2023-01-15,122373866
ethereum,2023-01-16,122373866
ethereum,2023-01-17,122373866
ethereum,2023-01-18,122373866
ethereum,2023-01-19,122373866
ethereum,2023-01-20,122373866
ethereum,2023-01-21,122373866
ethereum,2023-01-22,122373866
ethereum,2023-01-23,122373866
ethereum,2023-01-24,122373866
ethereum,2023-01-25,122373866
ethereum,2023-01-26,122373866
ethereum,2023-01-27,122373866
ethereum,2023-01-28,122373866
ethereum,2023-01-29,122373866
ethereum,2023-01-30,122373866
ethereum,2023-01-31,122373866
ethereum,2023-02-01,122373866
ethereum,2023-02-02,122373866
ethereum,2023-02-03,122373866
ethereum,2023-02-04,122373866
ethereum,2023-02-05,122373866
ethereum,2023-02-06,122373866
ethereum,2023-02-07,122373866
ethereum,2023-02-08,122373866
ethereum,2023-02-09,122373866
ethereum,2023-02-10,122373866
ethereum,2023-02-11,122373866
ethereum,2023-02-12,122373866
ethereum,2023-02-13,122373866
ethereum,2023-02-14,122373866
ethereum,2023-02-15,122373866
ethereum,2023-02-16,122373866
ethereum,2023-02-17,122373866
ethereum,2023-02-18,122373866
ethereum,2023-02-19,122373866
ethereum,2023-02-20,122373866
ethereum,2023-02-21,122373866
ethereum,2023-02-22,122373866
ethereum,2023-02-23,122373866
ethereum,2023-02-24,122373866
ethereum,2023-02-25,122373866
ethereum,2023-02-26,122373866
ethereum,2023-02-27,122373866
ethereum,2023-02-28,122373866
ethereum,2023-03-01,122373866
ethereum,2023-03-02,122373866
ethereum,2023-03-03,122373866
ethereum,2023-03-04,122373866
ethereum,2023-03-05,122373866
ethereum,2023-03-06,122373866
ethereum,2023-03-07,122373866
ethereum,2023-03-08,122373866
ethereum,2023-03-09,122373866
ethereum,2023-03-10,122373866
ethereum,2023-03-11,122373866
ethereum,2023-03-12,122373866
ethereum,2023-03-13,122373866
ethereum,2023-03-14,122373866
ethereum,2023-03-15,122373866
ethereum,2023-03-16,122373866
ethereum,2023-03-17,122373866
ethereum,2023-03-18,122373866
ethereum,2023-03-19,122373866
ethereum,2023-03-20,122373866
ethereum,2023-03-21,122373866
ethereum,2023-03-22,122373866
ethereum,2023-03-23,122373866
ethereum,2023-03-24,122373866
ethereum,2023-03-25,122373866
ethereum,2023-03-26,122373866
ethereum,2023-03-27,122373866
ethereum,2023-03-28,122373866
ethereum,2023-03-29,122373866
ethereum,2023-03-30,122373866
ethereum,2023-03-31,120457776
ethereum,2023-04-01,120457776
ethereum,2023-04-02,120457776
ethereum,2023-04-03,120457776
ethereum,2023-04-04,120457776
ethereum,2023-04-05,120457776
ethereum,2023-04-06,120457776
ethereum,2023-04-07,120457776
ethereum,2023-04-08,120457776
ethereum,2023-04-09,120457776
ethereum,2023-04-10,120457776
ethereum,2023-04-11,120457776
ethereum,2023-04-12,120457776
ethereum,2023-04-13,120457776
ethereum,2023-04-14,120109686
ethereum,2023-04-15,120109686
ethereum,2023-04-16,119716878
ethereum,2023-04-17,119434715
ethereum,2023-04-18,119344051
ethereum,2023-04-19,119344051
ethereum,2023-04-20,120428889
ethereum,2023-04-21,120416479
ethereum,2023-04-22,120414184
ethereum,2023-04-23,120412139
ethereum,2023-04-24,120409031
ethereum,2023-04-25,120406936
ethereum,2023-04-26,120404793
ethereum,2023-04-27,120402439
ethereum,2023-04-28,120404320
ethereum,2023-04-29,120398383
ethereum,2023-04-30,120396526
ethereum,2023-05-01,120393879
ethereum,2023-05-02,120388949
ethereum,2023-05-03,120381822
ethereum,2023-05-04,120375861
ethereum,2023-05-05,120369776
ethereum,2023-05-06,120357218
ethereum,2023-05-07,120344574
ethereum,2023-05-08,120334907
ethereum,2023-05-09,120325421
ethereum,2023-05-10,120317700
ethereum,2023-05-11,120309683
ethereum,2023-05-12,122841588
ethereum,2023-05-13,122951965
ethereum,2023-05-14,122951965
ethereum,2023-05-15,122962329
ethereum,2023-05-16,120286999
ethereum,2023-05-17,120282980
ethereum,2023-05-18,120275672
ethereum,2023-05-19,120272752
ethereum,2023-05-20,120272752
ethereum,2023-05-21,120271085
ethereum,2023-05-22,120269409
ethereum,2023-05-23,120266407
ethereum,2023-05-24,120262782
ethereum,2023-05-25,120260125
ethereum,2023-05-26,120258105
ethereum,2023-05-27,120256773
ethereum,2023-05-28,120256010
ethereum,2023-05-29,120254302
ethereum,2023-05-30,120248574
ethereum,2023-05-31,120248574
ethereum,2023-06-01,120245588
ethereum,2023-06-02,120242777
ethereum,2023-06-03,120236711
ethereum,2023-06-04,120235693
ethereum,2023-06-05,120233888
ethereum,2023-06-06,120231504
ethereum,2023-06-07,120231504
ethereum,2023-06-08,120229122
ethereum,2023-06-09,120227838
ethereum,2023-06-10,120227838
ethereum,2023-06-11,120227281
ethereum,2023-06-12,120226966
ethereum,2023-06-13,120224090
ethereum,2023-06-14,120217444
ethereum,2023-06-15,120217444
ethereum,2023-06-16,120214903
ethereum,2023-06-17,120210867
ethereum,2023-06-18,120210867
ethereum,2023-06-19,120206250
ethereum,2023-06-20,120200572
ethereum,2023-06-21,120200572
ethereum,2023-06-22,120198228
ethereum,2023-06-23,120196489
ethereum,2023-06-24,120193579
ethereum,2023-06-25,120191632
ethereum,2023-06-26,120188176
ethereum,2023-06-27,120186524
ethereum,2023-06-28,120221676
ethereum,2023-06-29,120221505
ethereum,2023-06-30,120219087
ethereum,2023-07-01,120219087
ethereum,2023-07-02,120218755
ethereum,2023-07-03,120219234
ethereum,2023-07-04,120219082
ethereum,2023-07-05,120217554
ethereum,2023-07-06,120214104
ethereum,2023-07-07,120210439
ethereum,2023-07-08,120209152
ethereum,2023-07-09,120208689
ethereum,2023-07-10,120208382
ethereum,2023-07-11,120208181
ethereum,2023-07-12,120207912
ethereum,2023-07-13,120206568
ethereum,2023-07-14,120204712
ethereum,2023-07-15,120201621
ethereum,2023-07-16,120200189
ethereum,2023-07-17,120201013
ethereum,2023-07-18,120200809
ethereum,2023-07-19,120199213
ethereum,2023-07-20,120282354
ethereum,2023-07-21,120282354
ethereum,2023-07-22,120194007
ethereum,2023-07-23,120194013
ethereum,2023-07-24,120292111
ethereum,2023-07-25,120292111
ethereum,2023-07-26,120191707
ethereum,2023-07-27,120843952
ethereum,2023-07-28,120932192
ethereum,2023-07-29,121016780
ethereum,2023-07-30,121082840
ethereum,2023-07-31,121154225
ethereum,2023-08-01,121154225
ethereum,2023-08-02,120170968
ethereum,2023-08-03,120168132
ethereum,2023-08-04,120165838
ethereum,2023-08-05,120163084
ethereum,2023-08-06,120161621
ethereum,2023-08-07,120159238
ethereum,2023-08-08,120156267
ethereum,2023-08-09,120152466
ethereum,2023-08-10,120152466
ethereum,2023-08-11,120149688
ethereum,2023-08-12,120147264
ethereum,2023-08-13,120145768
ethereum,2023-08-14,120144363
ethereum,2023-08-15,120142222
ethereum,2023-08-16,120135854
ethereum,2023-08-17,120135854
ethereum,2023-08-18,120212696
ethereum,2023-08-19,120211284
ethereum,2023-08-20,120211597
