cryptocurrency_id,timestamp,price_btc,price_eth,price_eur,price_usd,price_satoshis,market_cap_btc,market_cap_eth,market_cap_eur,market_cap_usd,market_cap_satoshis,total_volume_btc,total_volume_eth,total_volume_eur,total_volume_usd,total_volume_satoshis
gmd-protocol,2022-11-03,0.0012033287940292,0.0158833530903302,24.941974257376152,24.31657623323362,120332.87940292829,0.0,0.0,0.0,0.0,0.0,45.13211500083407,595.721902300125,935475.0390061304,912018.82679967,4513211500.083406
gmd-protocol,2022-11-04,0.0012033287940292,0.0158833530903302,24.941974257376152,24.31657623323362,120332.87940292829,0.0,0.0,0.0,0.0,0.0,45.13211500083407,595.721902300125,935475.0390061304,912018.82679967,4513211500.083406
gmd-protocol,2022-11-05,0.0022099150560047,0.0284257143639845,46.817896220900366,46.735968068875565,220991.5056004701,0.0,0.0,0.0,0.0,0.0,45.37487789985118,583.6483691883132,961284.1537863791,959601.9715302852,4537487789.985118
gmd-protocol,2022-11-06,0.0017506246383838,0.0228926296956611,37.30203304267119,37.24058607564638,175062.4638383882,0.0,0.0,0.0,0.0,0.0,25.43848676499541,332.6548962926888,542039.2544797107,541146.3629807924,2543848676.4995413
gmd-protocol,2022-11-07,0.0014774055322432,0.0196614746916852,31.12729794201591,30.90831254761616,147740.55322432815,0.0,0.0,0.0,0.0,0.0,14.93578176691178,198.76702015917067,314680.3764499752,312466.5509365905,1493578176.6911778
gmd-protocol,2022-11-08,0.0015359597422813,0.0201547029532545,31.575567557304076,31.63653115283561,153595.97422813697,0.0,0.0,0.0,0.0,0.0,11.408434395130644,149.7002818928238,234529.44829886663,234982.25911217605,1140843439.5130644
gmd-protocol,2022-11-09,0.001555519104317,0.0216030531488469,28.612967851805703,28.843543135631915,155551.91043170198,0.0,0.0,0.0,0.0,0.0,41.79191234725262,580.4061815274582,768740.5710021515,774935.4046267369,4179191234.7252617
gmd-protocol,2022-11-10,0.0009615334993105,0.0138112770818377,15.099637384578951,15.126805126586374,96153.34993105529,0.0,0.0,0.0,0.0,0.0,58.62944592835267,842.1417698413163,920699.4599893586,922356.0113858118,5862944592.835267
gmd-protocol,2022-11-11,0.0015596682130598,0.021067698807561,26.886218488081298,27.3996607305103,155966.82130598312,0.0,0.0,0.0,0.0,0.0,22.865037110669803,308.8565318172691,394157.1536484039,401684.3160468044,2286503711.0669804
gmd-protocol,2022-11-12,0.0014025503323318,0.0185009249942958,23.009475607347436,23.86426989055732,140255.03323318672,0.0,0.0,0.0,0.0,0.0,11.627801942003648,153.3813700787994,190759.375249496,197846.02190822692,1162780194.2003648
gmd-protocol,2022-11-13,0.0014193280623728,0.0189991830778986,23.00283329497854,23.83439137568488,141932.80623728916,0.0,0.0,0.0,0.0,0.0,5.659891289694063,75.76353463632833,91728.99434318989,95045.020047632,565989128.9694064
gmd-protocol,2022-11-14,0.0017201024519172,0.0229714763488291,27.21441220065776,28.112261612022586,172010.24519172296,0.0,0.0,0.0,0.0,0.0,20.7235054008254,276.75648834131306,327874.6667630226,338691.8056519348,2072350540.0825405
gmd-protocol,2022-11-15,0.0021936121168317,0.0293880042814078,35.36234376717934,36.488864480278814,219361.2116831795,0.0,0.0,0.0,0.0,0.0,26.39427312472809,353.6062759875959,425491.5226624031,439046.1958674156,2639427312.4728093
gmd-protocol,2022-11-16,0.0027396177511017,0.0368990496130807,44.66594506082225,46.25795897697388,273961.77511017007,0.0,0.0,0.0,0.0,0.0,22.532663691309157,303.4853585417635,367366.1108763336,380460.0230288968,2253266369.130915
gmd-protocol,2022-11-17,0.0032986940906585,0.0452102212607306,52.95903497879095,55.033695221241125,329869.40906585625,0.0,0.0,0.0,0.0,0.0,48.27806988265679,661.6746389478556,775082.4785070308,805446.1889375977,4827806988.265678
gmd-protocol,2022-11-18,0.0027765471940379,0.0385984567270743,44.77501774769632,46.39585701242531,277654.7194037938,0.0,0.0,0.0,0.0,0.0,28.757434642967134,399.7744389260577,463746.7172472188,480534.1787830021,2875743464.2967134
gmd-protocol,2022-11-19,0.002844884810896,0.0391632625986245,45.92378862273217,47.5058768391049,284488.481089604,0.0,0.0,0.0,0.0,0.0,19.68639159574336,271.00686844351355,317789.2064116639,328737.13936390006,1968639159.574336
gmd-protocol,2022-11-20,0.0033155947144367,0.0454636094244714,53.565600276368016,55.416282444898,331559.4714436741,0.0,0.0,0.0,0.0,0.0,9.220726890637392,126.43509296849484,148966.8712315302,154113.65071066402,922072689.0637392
gmd-protocol,2022-11-21,0.0028808760823382,0.0410270175878016,45.42926804243351,46.92946215927916,288087.6082338256,0.0,0.0,0.0,0.0,0.0,25.52902425466878,363.56292223635216,402573.6798737327,415867.7233872528,2552902425.466878
gmd-protocol,2022-11-22,0.0027024593017809,0.0384892982815201,41.7224160772164,42.734190778078045,270245.93017809634,0.0,0.0,0.0,0.0,0.0,17.55418648962134,250.01239406018183,271013.5438984657,277585.6620327524,1755418648.962134
gmd-protocol,2022-11-23,0.0029708937182063,0.0423385107402981,46.7255870201571,48.1623171016153,297089.3718206346,0.0,0.0,0.0,0.0,0.0,9.444665188554776,134.59689118921662,148543.69324611878,153111.15202208946,944466518.8554776
gmd-protocol,2022-11-24,0.0033663729794958,0.0471269494535126,53.72001642488577,55.95094859834757,336637.29794958304,0.0,0.0,0.0,0.0,0.0,16.741290084046263,234.36676101636263,267154.7044152647,278249.34036358126,1674129008.404626
gmd-protocol,2022-11-25,0.0045870327386942,0.0632345706343221,73.14034401353267,76.12838304817335,458703.2738694226,0.0,0.0,0.0,0.0,0.0,63.77506139357944,879.1715372732508,1016894.8415088926,1058438.5547841694,6377506139.357944
gmd-protocol,2022-11-26,0.0046164881169916,0.0636168977150796,73.36201413251004,76.39552774834077,461648.811699168,0.0,0.0,0.0,0.0,0.0,17.20306403772052,237.06452557421449,273379.113099535,284683.31830269704,1720306403.7720518
gmd-protocol,2022-11-27,0.0052912932103143,0.0722172591385044,83.60131342236534,87.06656261441903,529129.3210314302,0.0,0.0,0.0,0.0,0.0,33.97677283709455,463.7258437849458,536825.8235052004,559077.0917571331,3397677283.709455
gmd-protocol,2022-11-28,0.0049375879424805,0.0679301869473799,78.35902709139748,81.2567230936398,493758.7942480592,0.0,0.0,0.0,0.0,0.0,14.04873432677669,193.27922060514567,222952.00947017208,231196.7155431567,1404873432.677669
gmd-protocol,2022-11-29,0.0043734496773186,0.060640429711003,68.56346036375244,70.91588200150674,437344.96773186274,0.0,0.0,0.0,0.0,0.0,10.975019949262862,152.17505056972982,172057.6205975753,177960.94093010973,1097501994.9262862
gmd-protocol,2022-11-30,0.0045039509540899,0.0608561171612948,71.78258035204992,74.0894288073971,450395.0954089928,0.0,0.0,0.0,0.0,0.0,13.204966300307198,178.4217866654859,210456.6777391659,217220.04093367705,1320496630.03072
gmd-protocol,2022-12-01,0.0045763167113571,0.0606051298717568,75.48746975545677,78.69491719029924,457631.6711357185,0.0,0.0,0.0,0.0,0.0,6.0987461502419045,80.76698484897302,100600.31781018514,104874.80511715027,609874615.0241904
gmd-protocol,2022-12-02,0.0039991957266437,0.0531813734049894,64.46559428511495,67.855377524741,399919.57266437047,0.0,0.0,0.0,0.0,0.0,84.0752139120626,1118.0336374569538,1355262.1576833748,1426525.6742670622,8407521391.20626
gmd-protocol,2022-12-03,0.0047832600031463,0.0631603262163484,77.52455030289713,81.68509914262812,478326.0003146368,0.0,0.0,0.0,0.0,0.0,33.552438177722784,443.0415530966041,543800.1863964578,572984.5831548705,3355243817.7722783
gmd-protocol,2022-12-04,0.0043085712864068,0.0586372717743632,69.18703190959494,72.90581154487587,430857.1286406876,0.0,0.0,0.0,0.0,0.0,11.768365722661168,160.16094741123848,188976.40091190345,199133.81873809604,1176836572.2661166
gmd-protocol,2022-12-05,0.0040794246936421,0.0545170025831319,66.37173120566388,69.96912373328685,407942.4693642192,0.0,0.0,0.0,0.0,0.0,23.3641411091548,312.2359246355468,380131.6631643742,400735.0552974352,2336414110.91548
gmd-protocol,2022-12-06,0.0040396435627595,0.0544321965729068,65.31052383805141,68.5613607584115,403964.3562759592,0.0,0.0,0.0,0.0,0.0,25.09653060462929,338.1633220719013,405745.5898872264,425941.61139134725,2509653060.462929
gmd-protocol,2022-12-07,0.0042877159727898,0.0575944055446834,69.95949840558849,73.22366284802769,428771.59727898974,0.0,0.0,0.0,0.0,0.0,14.204732826625166,190.8039497630727,231768.14645431947,242581.96530362385,1420473282.6625166
gmd-protocol,2022-12-08,0.0043401153315656,0.0592739760986973,69.59311694535627,73.17264980096968,434011.53315656143,0.0,0.0,0.0,0.0,0.0,45.58565353202463,622.5739943472921,730959.3121204645,768556.3186736588,4558565353.202463
gmd-protocol,2022-12-09,0.0047401590940459,0.0637532095249304,77.35620863361191,81.669674143157,474015.9094045991,0.0,0.0,0.0,0.0,0.0,24.285022760637617,326.6236667713021,396315.23965167376,418414.2042640863,2428502276.0637617
gmd-protocol,2022-12-10,0.0044051324712125,0.0597554807090874,71.64188017879852,75.559090086134,440513.2471212564,0.0,0.0,0.0,0.0,0.0,9.663765901484414,131.0886745579152,157164.48104897357,165757.86610126137,966376590.1484414
gmd-protocol,2022-12-11,0.0045704468352204,0.0618508575820132,74.20861348773356,78.22697683372873,457044.6835220455,0.0,0.0,0.0,0.0,0.0,8.604344648776278,116.44071458329292,139705.48381304793,147270.47349556864,860434464.8776278
gmd-protocol,2022-12-12,0.0043626901090212,0.0590093220413472,70.90893793586187,74.61389067745098,436269.010902122,0.0,0.0,0.0,0.0,0.0,11.566854741645637,156.4521520893409,188001.7522428363,197824.73969225603,1156685474.1645634
gmd-protocol,2022-12-13,0.0042700147134883,0.057596561321039,69.6226616016866,73.38712770441228,427001.471348838,0.0,0.0,0.0,0.0,0.0,5.243805703989676,70.73164779301594,85500.34005283545,90123.30511185325,524380570.3989676
gmd-protocol,2022-12-14,0.0040262622846073,0.0542303170008775,67.3394102576508,71.56192143172996,402626.2284607354,0.0,0.0,0.0,0.0,0.0,13.263636193445253,178.6498604685398,221834.8870497735,235745.0220774534,1326363619.344525
gmd-protocol,2022-12-15,0.0039297554074986,0.0535128325540914,65.59197526597485,70.02400458838757,392975.5407498685,0.0,0.0,0.0,0.0,0.0,18.335266349029386,249.67763543197216,306035.9264512314,326714.67860412155,1833526634.902938
gmd-protocol,2022-12-16,0.0040264774906842,0.0552105165781074,65.61644374741954,69.79359011585328,402647.74906842754,0.0,0.0,0.0,0.0,0.0,15.845867070919118,217.2763932339256,258228.05360110253,274666.8655013585,1584586707.0919118
gmd-protocol,2022-12-17,0.0035211149598067,0.0501375925816371,55.28178593634259,58.586659392684005,352111.4959806745,0.0,0.0,0.0,0.0,0.0,15.330154173577055,218.287966437391,240684.6442302268,255073.3308218901,1533015417.3577058
gmd-protocol,2022-12-18,0.0035982725038713,0.0507833816344026,57.00654525968684,60.3955830043954,359827.25038713164,0.0,0.0,0.0,0.0,0.0,4.618112934318235,65.17666222386835,73163.62607926947,77513.20189013224,461811293.4318236
gmd-protocol,2022-12-19,0.0030899367593013,0.0437103835569857,48.910468180032346,51.76959962830461,308993.67593013094,0.0,0.0,0.0,0.0,0.0,17.047078862154137,241.14873980768127,269837.4346141715,285611.16821219603,1704707886.2154138
gmd-protocol,2022-12-20,0.0031981126016658,0.0450162343310072,49.52591102843392,52.5449884285745,319811.2601665822,0.0,0.0,0.0,0.0,0.0,15.004393134885852,211.1999674441597,232357.74720594104,246522.1716207546,1500439313.4885852
gmd-protocol,2022-12-21,0.0033302799489198,0.0462079516140367,52.98747297794537,56.29706482486964,333027.9948919841,0.0,0.0,0.0,0.0,0.0,5.1104586218534855,70.90810032373852,81311.56908241271,86390.28091695861,511045862.1853486
gmd-protocol,2022-12-22,0.0033163808927798,0.0459385334522589,52.56631092791276,55.76067257788189,331638.08927798783,0.0,0.0,0.0,0.0,0.0,4.008539419304747,55.52631864733525,63537.37290572254,67398.42656855538,400853941.9304747
gmd-protocol,2022-12-23,0.0032302657637645,0.044619240568611,51.26587521201912,54.35071297929821,323026.57637645304,0.0,0.0,0.0,0.0,0.0,6.003150933502532,82.92074252103447,95272.89986109352,101005.78627870014,600315093.3502532
gmd-protocol,2022-12-24,0.0031005052226896,0.0426442679416285,48.80296070157893,52.05821280658749,310050.5222689602,0.0,0.0,0.0,0.0,0.0,5.9158628351403095,81.36662309144621,93117.60526848413,99328.73008972435,591586283.5140309
gmd-protocol,2022-12-25,0.0031241721043616,0.0431001200046832,49.34806277940032,52.640348068658206,312417.21043616766,0.0,0.0,0.0,0.0,0.0,2.0514657393837097,28.301392048630287,32404.059928568007,34565.91601382023,205146573.9383709
gmd-protocol,2022-12-26,0.002900458484996,0.0400528915534282,45.98749499408322,48.84123979400705,290045.8484996067,0.0,0.0,0.0,0.0,0.0,5.946267724428419,82.11295474360323,94279.56256750262,100130.06195762422,594626772.442842
gmd-protocol,2022-12-27,0.0029175647637742,0.0401939775582715,46.29068392621375,49.265691222039145,291756.4763774245,0.0,0.0,0.0,0.0,0.0,2.338582161633426,32.21759464947438,37104.42661763348,39489.05200080626,233858216.1633426
gmd-protocol,2022-12-28,0.0026854331621327,0.0370046241672991,42.15735819534154,44.844102934453474,268543.3162132796,0.0,0.0,0.0,0.0,0.0,7.465763638517817,102.87643031332232,117201.5287324392,124670.93868167444,746576363.8517817
gmd-protocol,2022-12-29,0.0026277537239976,0.0365282326867385,40.89773497979911,43.46735089532729,262775.3723997697,0.0,0.0,0.0,0.0,0.0,5.888566448158542,81.85657713859833,91648.24991336824,97406.53461358495,588856644.8158542
gmd-protocol,2022-12-30,0.0025213698574979,0.0349223312729684,39.364713105678426,41.96472134611998,252136.9857497928,0.0,0.0,0.0,0.0,0.0,2.9114017190083614,40.32448274002709,45454.05865915779,48456.26336869183,291140171.9008361
gmd-protocol,2022-12-31,0.0025654580642677,0.0355295981851438,39.71831609655317,42.60232295104714,256545.80642677136,0.0,0.0,0.0,0.0,0.0,2.1289879848771087,29.484827172676518,32960.90430277588,35354.24529206759,212898798.4877109
gmd-protocol,2023-01-01,0.0026075535042377,0.0360474364432427,40.21339126271538,43.13487308166325,260755.3504237701,0.0,0.0,0.0,0.0,0.0,1.7305340521165506,23.92331208359054,26688.09779669677,28626.974127369296,173053405.21165505
gmd-protocol,2023-01-02,0.0028227133190476,0.0390656632753847,43.44498907694066,46.90320962586545,282271.3319047617,0.0,0.0,0.0,0.0,0.0,5.4076288151701055,74.84026273095975,83229.98060833241,89855.08595055282,540762881.5170106
gmd-protocol,2023-01-03,0.0026584562971661,0.0365336054444837,41.55551018931512,44.360466869970175,265845.6297166197,0.0,0.0,0.0,0.0,0.0,7.848172444143581,107.85283017074418,122678.26645025412,130958.93059041673,784817244.4143581
gmd-protocol,2023-01-04,0.0026082865428514,0.0358115253781266,41.24419983692172,43.49929003069296,260828.65428514377,0.0,0.0,0.0,0.0,0.0,3.9323044052346288,53.99016430481193,62180.57182160692,65580.39042185691,393230440.5234629
gmd-protocol,2023-01-05,0.0025471013227177,0.034181006694734,40.46870100366526,42.9433547653747,254710.1322717785,0.0,0.0,0.0,0.0,0.0,5.481649397749467,73.56138253767442,87093.2100367897,92418.9441100769,548164939.7749467
gmd-protocol,2023-01-06,0.0026389107710111,0.0355077965868388,42.2067024533898,44.40833445043925,263891.0771011197,0.0,0.0,0.0,0.0,0.0,2.2625662280247245,30.443902185509845,36187.45302658923,38075.10237714076,226256622.80247244
gmd-protocol,2023-01-07,0.0025701542044489,0.0343147553126102,40.87739383531916,43.59092917656004,257015.4204448954,0.0,0.0,0.0,0.0,0.0,0.7227418585861511,9.649502737475723,11494.95370493962,12258.01514789616,72274185.85861512
gmd-protocol,2023-01-08,0.0025402877254508,0.0340485133982436,40.36672328765378,43.04507387425792,254028.77254508747,0.0,0.0,0.0,0.0,0.0,1.549920909015485,20.77422266309034,24629.189766632528,26263.347793009183,154992090.9015485
gmd-protocol,2023-01-09,0.0026330044736728,0.0348943336697378,42.12674327799657,44.901091947232175,263300.4473672855,0.0,0.0,0.0,0.0,0.0,1.4018191585681177,18.57784365837911,22428.39934593806,23905.470560958584,140181915.85681176
gmd-protocol,2023-01-10,0.0026975370021871,0.0350831601795744,43.20267123309573,46.37534790963767,269753.7002187194,0.0,0.0,0.0,0.0,0.0,8.804700457331531,114.51065035522308,141012.55287900034,151368.09860914762,880470045.7331531
gmd-protocol,2023-01-11,0.00258769318662,0.033772459059916,42.01843390762255,45.12099891394437,258769.31866200772,0.0,0.0,0.0,0.0,0.0,1.92170309819463,25.08050009354553,31204.22275680696,33508.28601122486,192170309.81946295
gmd-protocol,2023-01-12,0.0027175058981104,0.0350610645216599,45.32436422252096,48.79169740705611,271750.58981104527,0.0,0.0,0.0,0.0,0.0,3.830197284246324,49.41692829701778,63882.56852579423,68769.61225078414,383019728.4246324
gmd-protocol,2023-01-13,0.0026132189917986,0.0347984123054255,45.40856957722319,49.311581231713326,261321.89917986447,0.0,0.0,0.0,0.0,0.0,5.693845831629149,75.82096849685936,98939.04621807384,107443.17339205506,569384583.1629149
gmd-protocol,2023-01-14,0.002403504558167,0.0329458370166747,44.15404760674941,47.89170807148004,240350.45581670996,0.0,0.0,0.0,0.0,0.0,3.1734520936423194,43.49982824126448,58298.51844644595,63233.51488188808,317345209.36423194
gmd-protocol,2023-01-15,0.0026128147728526,0.0353319351483828,50.54878937623538,54.8126072842718,261281.47728526907,0.0,0.0,0.0,0.0,0.0,9.896413707444164,133.8248125913736,191460.84800014552,207610.6747806589,989641370.7444164
gmd-protocol,2023-01-16,0.0026088123686353,0.0350657100905435,50.26004873510922,54.39764219580675,260881.2368635309,0.0,0.0,0.0,0.0,0.0,2.1523187402568413,28.929863211193936,41465.47527884701,44879.06686254605,215231874.0256841
gmd-protocol,2023-01-17,0.0025030979968389,0.0336117791646124,48.94760015409488,53.009104751012856,250309.7996838978,0.0,0.0,0.0,0.0,0.0,3.2529436194531867,43.68075988637735,63610.68716042421,68888.88461038767,325294361.9453187
gmd-protocol,2023-01-18,0.0022705636178089,0.0306631592969453,44.51603505396456,48.043950373867936,227056.3617808993,0.0,0.0,0.0,0.0,0.0,4.025967857025923,54.3692732307105,78931.9994576682,85187.39506466112,402596785.7025923
gmd-protocol,2023-01-19,0.0022120203148368,0.0302254412853412,42.432842256805415,45.81474963026229,221202.03148368828,0.0,0.0,0.0,0.0,0.0,5.180181970107344,70.78293311081492,99370.62644712711,107290.48843168865,518018197.0107344
gmd-protocol,2023-01-20,0.002322049665884,0.0315663097569293,45.16342429852064,48.93997537855776,232204.96658840025,0.0,0.0,0.0,0.0,0.0,6.652094475601505,90.42962251595752,129381.97218148732,140200.85127155963,665209447.5601505
gmd-protocol,2023-01-21,0.0023707711492397,0.0323659365872881,49.43424829776813,53.76794463537973,237077.11492397825,0.0,0.0,0.0,0.0,0.0,4.643321712732148,63.39095874220418,96820.44534210888,105308.2938243516,464332171.2732148
gmd-protocol,2023-01-22,0.0022689837010725,0.0317787242347547,47.471683478963286,51.63675584192913,226898.3701072526,0.0,0.0,0.0,0.0,0.0,4.014120895935334,56.220607021812334,83983.44885776847,91351.991874345,401412089.5935334
gmd-protocol,2023-01-23,0.0020670041390874,0.0288397417659496,43.27768680114184,47.018425734123056,206700.41390874225,0.0,0.0,0.0,0.0,0.0,13.422959380307455,187.28297391499635,281041.8329698496,305333.8920906939,1342295938.0307455
gmd-protocol,2023-01-24,0.0021768574926963,0.0306490343312016,45.99037874660746,50.01221069398576,217685.74926963708,0.0,0.0,0.0,0.0,0.0,8.699253564936257,122.4810177341032,183788.7723962265,199860.9939464156,869925356.4936256
gmd-protocol,2023-01-25,0.0020480084901831,0.0297852772746875,42.539464903087925,46.31814553388796,204800.84901832,0.0,0.0,0.0,0.0,0.0,6.111496518300456,88.88274596194823,126942.73138600632,138218.755694303,611149651.8300456
gmd-protocol,2023-01-26,0.0020497740396004,0.0293763352512015,43.46357195292188,47.4691622730048,204977.4039600483,0.0,0.0,0.0,0.0,0.0,4.214864495333296,60.40532764159221,89372.32237580695,97608.84996216415,421486449.5333296
gmd-protocol,2023-01-27,0.0020752123921524,0.0298066800092715,43.86499633838206,47.79306015986103,207521.2392152426,0.0,0.0,0.0,0.0,0.0,9.84645527996762,141.4265560794897,208130.3708647563,226768.22446533872,984645527.9967622
gmd-protocol,2023-01-28,0.0020425496909144,0.0294881000763487,43.37630543522226,47.15656425191241,204254.96909144748,0.0,0.0,0.0,0.0,0.0,8.510917573460175,122.87132609997182,180740.84652262545,196492.46879076795,851091757.3460174
gmd-protocol,2023-01-29,0.0020716365937158,0.0303368366480676,43.87241922597175,47.700270535939886,207163.6593715843,0.0,0.0,0.0,0.0,0.0,9.606423656218988,140.6754959411681,203441.5916316552,221191.79043008917,960642365.6218988
gmd-protocol,2023-01-30,0.0024698166121429,0.0356581101800773,54.00528700149712,58.71129049078607,246981.6612142957,0.0,0.0,0.0,0.0,0.0,43.14163782395154,622.8597165117837,943339.8904769736,1025542.2277416014,4314163782.395154
gmd-protocol,2023-01-31,0.0022383217146851,0.0325771115141717,47.11894995239831,51.12228496578378,223832.17146851856,0.0,0.0,0.0,0.0,0.0,16.18537577529318,235.56613335391728,340718.63133582764,369666.8746204824,1618537577.529318
gmd-protocol,2023-02-01,0.0024731873449595,0.0360728559464533,52.69688867321078,57.242019506028434,247318.73449595968,0.0,0.0,0.0,0.0,0.0,14.088267403443304,205.48546053951583,300182.62080740364,326073.5096180999,1408826740.3443303
gmd-protocol,2023-02-02,0.002475467604689,0.0357525424015237,53.34720549011036,58.74143110883468,247546.76046890556,0.0,0.0,0.0,0.0,0.0,14.745725645596163,212.9687257416705,317775.62131144083,349907.6398817854,1474572564.5596163
gmd-protocol,2023-02-03,0.002536931402639,0.0362177540861858,54.7560204106034,59.713168834574496,253693.1402639072,0.0,0.0,0.0,0.0,0.0,13.19810550320742,188.4188665966496,284862.150219415,310651.16754427046,1319810550.320742
gmd-protocol,2023-02-04,0.0025720746384061,0.0362136355078098,55.81758425983895,60.313992392715846,257207.46384061463,0.0,0.0,0.0,0.0,0.0,8.314471823904602,117.06396368707996,180435.56150238312,194970.62132193297,831447182.3904604
gmd-protocol,2023-02-05,0.0028341742244003,0.0396542647766495,61.199150146167725,66.16481987801257,283417.4224400305,0.0,0.0,0.0,0.0,0.0,17.57762494821786,245.9368192118672,379558.7791172677,410355.99666713615,1757762494.8217862
gmd-protocol,2023-02-06,0.0027881564037584,0.0392087033812446,59.35175728597848,64.01526968233685,278815.6403758426,0.0,0.0,0.0,0.0,0.0,11.738155996951573,165.06888785250837,249871.27148853624,269504.6880100704,1173815599.695157
gmd-protocol,2023-02-07,0.0027342648382789,0.0384839151688622,58.09288539028687,62.30514964214312,273426.4838278905,0.0,0.0,0.0,0.0,0.0,11.116900234652114,156.46686435844725,236192.48661859988,253318.5970064119,1111690023.4652114
gmd-protocol,2023-02-08,0.0030808918604811,0.0428543816819973,66.839408507242,71.7125640872252,308089.1860481198,0.0,0.0,0.0,0.0,0.0,31.14624388610285,433.2359212527361,675712.2978812589,724977.4130045705,3114624388.6102858
gmd-protocol,2023-02-09,0.0031149331173247,0.0432739893429437,66.69685169110579,71.47893542918945,311493.3117324744,0.0,0.0,0.0,0.0,0.0,18.4694512625941,256.58555320569707,395467.3199324811,423821.8492939448,1846945126.25941
gmd-protocol,2023-02-10,0.0031572723401808,0.0445473792836091,64.14091584393839,68.88332620303892,315727.2340180892,0.0,0.0,0.0,0.0,0.0,28.32493740557422,399.6493155602504,575429.4310612647,617975.1674120837,2832493740.557422
gmd-protocol,2023-02-11,0.002970262033395,0.042415891698276,60.14172260997441,64.28247845997373,297026.2033395013,0.0,0.0,0.0,0.0,0.0,12.72485861393868,181.71333666066465,257652.32440988065,275391.67944107816,1272485861.393868
gmd-protocol,2023-02-12,0.0030861974837465,0.043817453922072,63.15879902212033,67.50728049521989,308619.7483746594,0.0,0.0,0.0,0.0,0.0,14.607310353117017,207.3928035046201,298937.50601023034,319519.34459213243,1460731035.3117015
gmd-protocol,2023-02-13,0.0032250135745846,0.0463754392883683,65.77124265497217,70.23352998240412,322501.3574584612,0.0,0.0,0.0,0.0,0.0,8.507988734239333,122.34420286483856,173512.75540522335,185284.8268811147,850798873.4239334
gmd-protocol,2023-02-14,0.0030201299526845,0.0436768180897752,61.39980974410796,65.87340438253484,302012.9952684579,0.0,0.0,0.0,0.0,0.0,6.725319114380524,97.26089411926864,136727.0020034477,146688.9413912078,672531911.4380524
gmd-protocol,2023-02-15,0.0031887784914554,0.0455060622486031,66.05743341371823,70.91664170322318,318877.8491455497,0.0,0.0,0.0,0.0,0.0,8.542607125921712,121.9088791144337,176965.16171073273,189982.7819284719,854260712.5921713
gmd-protocol,2023-02-16,0.0031179075901093,0.0452630303555565,70.94798625130473,75.85472499214671,311790.75901093613,0.0,0.0,0.0,0.0,0.0,17.837490146334027,258.94893758930743,405892.0827783421,433963.4419866933,1783749014.6334026
gmd-protocol,2023-02-17,0.0034001474330341,0.0491245282635326,75.84708096846842,80.89863439606196,340014.7433034172,0.0,0.0,0.0,0.0,0.0,20.3583417407568,294.1325204095681,454133.48238756,484379.5976005314,2035834174.07568
gmd-protocol,2023-02-18,0.0032745457147494,0.0475245194116945,75.26051499096732,80.65271345438732,327454.571474946,0.0,0.0,0.0,0.0,0.0,7.670233176854749,111.3205242069882,176288.7891259931,188919.3715496908,767023317.6854749
gmd-protocol,2023-02-19,0.0041276079310113,0.0601027299806712,94.88646235121313,101.68502118245073,412760.793101131,0.0,0.0,0.0,0.0,0.0,33.911744513627674,493.7940952101752,779571.4910034835,835427.3266349721,3391174451.362767
gmd-protocol,2023-02-20,0.0043952246097294,0.0636849570336244,100.1203978048098,106.99893108878324,439522.4609729431,0.0,0.0,0.0,0.0,0.0,46.4556435069065,673.1227464820832,1058229.7655264158,1130932.9191680527,4645564350.69065
gmd-protocol,2023-02-21,0.0037248290868105,0.0542861404589482,86.37535233416604,92.30670422772704,372482.9086810597,0.0,0.0,0.0,0.0,0.0,21.48296835462436,313.0955569757072,498170.2294435431,532379.3279175402,2148296835.462436
gmd-protocol,2023-02-22,0.0035468877695623,0.0522455385740506,81.255528410225,86.55328167498786,354688.7769562338,0.0,0.0,0.0,0.0,0.0,18.447219344576467,271.72692581980607,422606.705632483,450160.1053614476,1844721934.4576464
gmd-protocol,2023-02-23,0.0033718145006245,0.0496025178508871,76.77130701792036,81.42291683371354,337181.450062454,0.0,0.0,0.0,0.0,0.0,27.4360518947946,403.6097637095237,624678.9563852742,662528.5499132689,2743605189.47946
gmd-protocol,2023-02-24,0.0034164358485258,0.0495059037815373,77.1620742752659,81.7886973043803,341643.58485258865,0.0,0.0,0.0,0.0,0.0,21.46286542451857,311.00790346780906,484750.567396521,513816.1175331369,2146286542.4518569
gmd-protocol,2023-02-25,0.0032875963877151,0.0473716578907489,71.99647549258574,76.20618114522954,328759.6387715169,0.0,0.0,0.0,0.0,0.0,14.324084403616986,206.39870164778412,313689.23374303465,332030.9557707684,1432408440.3616986
gmd-protocol,2023-02-26,0.0031130087061742,0.045229275971607,68.19577562071747,72.09999008375239,311300.8706174245,0.0,0.0,0.0,0.0,0.0,78.47443904081905,1140.164514495125,1719116.6944618945,1817536.2842542557,7847443904.081905
gmd-protocol,2023-02-27,0.0042307505149622,0.0606888372236109,94.38054956587683,99.60692491623162,423075.0514962213,0.0,0.0,0.0,0.0,0.0,123.7723324112212,1775.476693302101,2761141.4836938875,2914041.226867636,12377233241.122118
gmd-protocol,2023-02-28,0.0039225897787568,0.0564778887373599,86.98589038353009,92.28792389947878,392258.977875686,0.0,0.0,0.0,0.0,0.0,90.74749635260224,1306.5926572165097,2012382.689889364,2135043.048042444,9074749635.260223
gmd-protocol,2023-03-01,0.0036036985043768,0.0519409925699802,78.88848738839422,83.44358949535594,360369.85043768544,0.0,0.0,0.0,0.0,0.0,35.88689448296688,517.2466335448247,785599.2446065377,830960.550074555,3588689448.296688
gmd-protocol,2023-03-02,0.0037385712143725,0.0530872760793645,82.7924863587941,88.33214873453126,373857.1214372525,0.0,0.0,0.0,0.0,0.0,36.01633839436915,511.4278129460753,797599.4127772669,850966.9543525293,3601633839.436915
gmd-protocol,2023-03-03,0.0037462376161943,0.0533686975813967,82.94063160378747,87.9176497565031,374623.7616194395,0.0,0.0,0.0,0.0,0.0,27.299473729244028,388.90681981548585,604402.5567856585,640670.9386209928,2729947372.9244027
gmd-protocol,2023-03-04,0.0035173524579173,0.050080922291472,73.91884114859404,78.6607469574288,351735.2457917318,0.0,0.0,0.0,0.0,0.0,39.9699729455998,569.1022247642715,839988.063814572,893873.4361670298,3996997294.55998
gmd-protocol,2023-03-05,0.003397985237677,0.0484394989171823,71.39273794491213,75.9725938180454,339798.52376770735,0.0,0.0,0.0,0.0,0.0,21.669247378584192,308.902897308831,455277.6987990424,484483.83800553,2166924737.858419
gmd-protocol,2023-03-06,0.0032714791262174,0.0469056556981977,68.98329470047808,73.31636520017365,327147.9126217429,0.0,0.0,0.0,0.0,0.0,18.856613302174853,270.3614411284753,397615.65404847707,422591.2175998462,1885661330.2174852
gmd-protocol,2023-03-07,0.0031687811567394,0.045320554281775,66.45993845681524,71.01869981675225,316878.1156739455,0.0,0.0,0.0,0.0,0.0,22.510603525316878,321.9512419830141,472122.6398788942,504507.4794951675,2251060352.5316877
gmd-protocol,2023-03-08,0.0030063955877097,0.0427034700119723,63.3064002597523,66.77939632439518,300639.5587709728,0.0,0.0,0.0,0.0,0.0,20.823775933560743,295.7852568537966,438491.2948776837,462546.9754288103,2082377593.356074
gmd-protocol,2023-03-09,0.003004876974189,0.0425103855482245,61.82584150377511,65.22112270980226,300487.6974189081,0.0,0.0,0.0,0.0,0.0,16.405031436062828,232.0841143474688,337536.2393011724,356072.6703755861,1640503143.6062827
gmd-protocol,2023-03-10,0.0029088597014539,0.0411464833576874,55.9831312106825,59.25376105990623,290885.9701453909,0.0,0.0,0.0,0.0,0.0,21.98455291604864,310.976510910534,423108.79066879087,447827.5266577176,2198455291.604864
gmd-protocol,2023-03-11,0.0028075134910789,0.0396219418110942,53.20966438732241,56.70290345773996,280751.34910789574,0.0,0.0,0.0,0.0,0.0,18.06285828506727,254.9179272645032,342338.0262564036,364812.6759723567,1806285828.506727
gmd-protocol,2023-03-12,0.0024627886147351,0.0342063720270888,47.32669377810533,50.38635478613887,246278.8614735164,0.0,0.0,0.0,0.0,0.0,37.63515730440323,522.7254114908537,723223.8911530991,769980.1668019834,3763515730.4403234
gmd-protocol,2023-03-13,0.0024733880699967,0.034455362503043,51.02813255382138,54.54240905398803,247338.8069996721,0.0,0.0,0.0,0.0,0.0,14.361325555823278,200.05945854293816,296286.55244225555,316691.6273774393,1436132555.5823278
gmd-protocol,2023-03-14,0.0025160432940946,0.0362061802188273,56.68392646277587,60.790377235404726,251604.32940946412,0.0,0.0,0.0,0.0,0.0,31.077022304135628,447.202269074201,700134.0760328777,750855.0880883329,3107702230.413563
gmd-protocol,2023-03-15,0.0026159288901232,0.0379782430156657,60.49595666629076,64.88893775210857,261592.88901232017,0.0,0.0,0.0,0.0,0.0,19.04642107748405,276.5173055699231,440467.4257399772,472452.4570846054,1904642107.7484047
gmd-protocol,2023-03-16,0.0025574460018758,0.0377433043737608,59.118411956638326,62.57942990707919,255744.60018758796,0.0,0.0,0.0,0.0,0.0,15.281325374118572,225.5248847509484,353246.0462695694,373926.4209040906,1528132537.4118571
gmd-protocol,2023-03-17,0.0028288563801693,0.0423623092666234,67.04589118727705,71.16552085874841,282885.6380169367,0.0,0.0,0.0,0.0,0.0,33.9033282720259,507.704557748326,803532.7894860079,852905.8004632245,3390332827.2025905
gmd-protocol,2023-03-18,0.0029634426376854,0.045354034625366,75.65458056036871,81.34463798760137,296344.26376854704,0.0,0.0,0.0,0.0,0.0,26.4534315435719,404.8567820850288,675337.2723875119,726130.0708429776,2645343154.35719
gmd-protocol,2023-03-19,0.0030209949285865,0.0462222272418648,75.91017459024064,81.79702465784067,302099.4928586525,0.0,0.0,0.0,0.0,0.0,28.341343610796,433.6319840599384,712148.2797801746,767375.529244361,2834134361.0796
gmd-protocol,2023-03-20,0.0028165314679793,0.0440543133895295,74.49466963989933,79.5629063364367,281653.1467979389,0.0,0.0,0.0,0.0,0.0,23.93220269486047,374.33160950177705,632984.7735689441,676049.8233672623,2393220269.4860477
gmd-protocol,2023-03-21,0.002730876766278,0.0437134044472707,71.22823335174138,76.34077505733079,273087.676627803,0.0,0.0,0.0,0.0,0.0,17.057502337042592,273.0410642204334,444903.1797640068,476836.9503274348,1705750233.7042592
gmd-protocol,2023-03-22,0.0029025936697474,0.0453195457643091,76.16701799229365,82.0485006654986,290259.3669747491,0.0,0.0,0.0,0.0,0.0,24.44346379958198,381.64717571362985,641421.417824116,690950.8474197026,2444346379.958198
gmd-protocol,2023-03-23,0.0027007369228545,0.0424622428978817,68.2737218487534,74.20855069020222,270073.6922854512,0.0,0.0,0.0,0.0,0.0,19.90466905354941,312.95047103678843,503183.34486914007,546923.5562828612,1990466905.3549411
gmd-protocol,2023-03-24,0.0026294993489745,0.041001828566139,69.06817929318862,74.82774570808573,262949.9348974579,0.0,0.0,0.0,0.0,0.0,14.797252049365463,230.73380566328387,388674.46686785895,421085.8671481169,1479725204.9365463
gmd-protocol,2023-03-25,0.0022959869671617,0.0360129044433206,58.52258623714739,63.06652970219027,229598.69671617137,0.0,0.0,0.0,0.0,0.0,19.41400822131007,304.5116688097631,494845.1304777305,533267.0192119523,1941400822.131007
gmd-protocol,2023-03-26,0.0022410324446966,0.0353648052658955,57.55923853692224,62.02838357338464,224103.2444696684,0.0,0.0,0.0,0.0,0.0,13.878633107736038,219.01296358889863,356462.2883997227,384139.5424319446,1387863310.773604
gmd-protocol,2023-03-27,0.0022876685041836,0.0361004684907681,59.54174919045893,64.15556047777883,228766.85041836693,0.0,0.0,0.0,0.0,0.0,11.985962686187374,189.14404228274967,311961.79986830393,336135.30657602515,1198596268.6187377
gmd-protocol,2023-03-28,0.0023487945173005,0.0371542764241827,59.10041358659216,63.87431609739544,234879.4517300573,0.0,0.0,0.0,0.0,0.0,15.032392146788794,237.78906542254643,378245.345230158,408798.5392555812,1503239214.6788793
gmd-protocol,2023-03-29,0.0025690950652075,0.0395078607971753,64.68697174535876,70.12517940848694,256909.5065207528,0.0,0.0,0.0,0.0,0.0,12.967401687834135,199.41430261656103,326504.8296388696,353953.9591727136,1296740168.7834136
gmd-protocol,2023-03-30,0.0025995853979761,0.0411148786996927,68.08015462980289,73.8329204603952,259958.53979761896,0.0,0.0,0.0,0.0,0.0,22.00594496789881,348.04463770709367,576310.4137128277,625008.582420722,2200594496.7898808
gmd-protocol,2023-03-31,0.0024611639496806,0.038471663008264,63.28499345054646,69.02813421743711,246116.3949680667,0.0,0.0,0.0,0.0,0.0,18.701259584291645,292.3285775619643,480873.730684388,524513.2315492879,1870125958.4291644
gmd-protocol,2023-04-01,0.0029360193425627,0.0458966826097905,77.03118767835919,83.71362803636197,293601.93425627775,0.0,0.0,0.0,0.0,0.0,26.60282356895157,415.8628426482579,697967.8455815108,758516.4187046078,2660282356.8951573
gmd-protocol,2023-04-02,0.0028345786092718,0.0443099217676162,74.32334641862148,80.77088208071454,283457.8609271834,0.0,0.0,0.0,0.0,0.0,19.239180541048317,300.7454377375298,504456.0328951551,548217.4943843891,1923918054.1048317
gmd-protocol,2023-04-03,0.002696433493534,0.0423129837995193,70.37351344374676,76.04321987435914,269643.3493534086,0.0,0.0,0.0,0.0,0.0,18.13946155357548,284.64812675296974,473417.0690892044,511558.3479543316,1813946155.3575475
gmd-protocol,2023-04-04,0.0027410190698625,0.0421400092779396,70.00001771185129,76.36229504839866,274101.9069862595,0.0,0.0,0.0,0.0,0.0,18.794848314934438,288.94913248761446,479981.963424618,523607.3576412104,1879484831.4934435
gmd-protocol,2023-04-05,0.0028871092793034,0.0434239155573396,74.25418315202256,81.36401486277641,288710.9279303446,0.0,0.0,0.0,0.0,0.0,20.031486004619698,301.2859828300291,515194.087475992,564523.8774600857,2003148600.4619696
gmd-protocol,2023-04-06,0.0028300120862709,0.0417610871164992,73.1374447015741,79.75608300590173,283001.2086270968,0.0,0.0,0.0,0.0,0.0,17.64711562171038,260.409747508979,456063.4031163458,497335.26763642096,1764711562.171038
gmd-protocol,2023-04-07,0.0029407494365086,0.0440567921331996,75.54285886572062,82.48297650920526,294074.9436508689,0.0,0.0,0.0,0.0,0.0,19.38589913450025,290.4295476114524,497990.8264613284,543741.2120425928,1938589913.4500248
gmd-protocol,2023-04-08,0.0029357222854699,0.0439434961385812,74.5802147380354,82.01035269192371,293572.22854699555,0.0,0.0,0.0,0.0,0.0,15.573686757038056,233.1154575685017,395639.9106112529,435055.9826382813,1557368675.7038057
gmd-protocol,2023-04-09,0.0028874428601416,0.0436175585036551,73.43466664821655,80.73771601240252,288744.2860141634,0.0,0.0,0.0,0.0,0.0,9.146981695082156,138.1738197228043,232629.90270316516,255764.85708602477,914698169.5082158
gmd-protocol,2023-04-10,0.0027853816710825,0.0424497252424637,72.40615956392143,79.00453971650398,278538.1671082536,0.0,0.0,0.0,0.0,0.0,5.316243581763909,81.02052286435185,138196.06305956218,150789.88332498103,531624358.1763909
gmd-protocol,2023-04-11,0.0027408925870249,0.0425407759593414,74.83469520512175,81.33896558839804,274089.258702492,0.0,0.0,0.0,0.0,0.0,6.510782875917804,101.05239328075064,177764.1540469477,193214.5560190077,651078287.5917804
gmd-protocol,2023-04-12,0.0028211346258444,0.0450999401730597,78.20537137298341,85.37098499886311,282113.4625844436,0.0,0.0,0.0,0.0,0.0,9.968303691886042,159.35783284230334,276333.8144308811,301653.06439049804,996830369.1886042
gmd-protocol,2023-04-13,0.0028388275936264,0.0442137560212143,77.1900651994785,84.91289279960222,283882.75936264166,0.0,0.0,0.0,0.0,0.0,8.377422889760552,130.47545844841213,227789.04239061684,250579.22269469945,837742288.9760553
gmd-protocol,2023-04-14,0.0029574586149205,0.0446586576989689,81.34296239645526,89.88679184844122,295745.86149205285,0.0,0.0,0.0,0.0,0.0,8.398331957370056,126.81774488214758,230990.62051276013,255252.63911309864,839833195.7370056
gmd-protocol,2023-04-15,0.0030037926455735,0.0435077478940223,82.43511398716636,91.53182094849028,300379.2645573546,0.0,0.0,0.0,0.0,0.0,18.77811586267703,271.9873264494583,515340.539196382,572208.3185153984,1877811586.267703
gmd-protocol,2023-04-16,0.0030327543708965,0.0439360081581414,82.82359729501717,91.954903080741,303275.4370896559,0.0,0.0,0.0,0.0,0.0,6.805337417129355,98.59003523239798,185851.69016718192,206341.84839666804,680533741.7129354
gmd-protocol,2023-04-17,0.0031195066246989,0.0446301307023401,86.07428183197365,94.55179584767612,311950.66246989503,0.0,0.0,0.0,0.0,0.0,8.350165098525702,119.4640706266445,230400.0441426769,253092.29973710532,835016509.85257
gmd-protocol,2023-04-18,0.0031482719378926,0.0446579633050977,84.90669020532297,92.7722966002812,314827.19378926785,0.0,0.0,0.0,0.0,0.0,8.118239461580206,115.15651987163388,218943.2350746684,239225.75116111204,811823946.1580205
gmd-protocol,2023-04-19,0.0030012628229868,0.0433083497459544,83.1418016985805,91.23898818284314,300126.2822986834,0.0,0.0,0.0,0.0,0.0,9.192255871173575,132.6446418400973,254646.38050030524,279446.41115069564,919225587.1173576
gmd-protocol,2023-04-20,0.0031161644883382,0.0463882329033957,82.02277383140304,89.8187739543158,311616.4488338298,0.0,0.0,0.0,0.0,0.0,15.725581032625556,234.09608774267724,413924.162615134,453266.3193344022,1572558103.2625556
gmd-protocol,2023-04-21,0.0032124143654293,0.046708049726242,82.75183817619414,90.76602429096494,321241.4365429381,0.0,0.0,0.0,0.0,0.0,12.530227683476513,182.18773518737143,322778.837229898,354038.6827207245,1253022768.3476512
gmd-protocol,2023-04-22,0.003315027412297,0.0489771008238311,81.57835547995921,90.52342801972851,331502.74122970307,0.0,0.0,0.0,0.0,0.0,10.311750532789462,152.34855785541598,253758.2788800129,281582.892391698,1031175053.2789462
gmd-protocol,2023-04-23,0.0033293707415585,0.0494148035046665,83.60176274261877,92.76870203412044,332937.0741558522,0.0,0.0,0.0,0.0,0.0,12.136036915349967,180.124091322035,304740.4923002977,338155.30917658185,1213603691.534997
gmd-protocol,2023-04-24,0.003278542443814,0.0485533991149693,82.30568683831815,90.48279828492316,327854.2443814018,0.0,0.0,0.0,0.0,0.0,11.365833455044315,168.3217031575335,285331.89520618075,313679.76272298186,1136583345.5044315
gmd-protocol,2023-04-25,0.0029691464495571,0.0443309137308558,73.88012247926943,81.67375928531098,296914.6449557142,0.0,0.0,0.0,0.0,0.0,20.80708128266707,310.66063631532813,517734.5542618285,572350.5313669926,2080708128.266707
gmd-protocol,2023-04-26,0.0030346323310706,0.0459731195008904,78.34771153344565,86.01556947422556,303463.2331070655,0.0,0.0,0.0,0.0,0.0,9.592572345209096,145.3225388235564,247659.68623981296,271898.0367235325,959257234.5209098
gmd-protocol,2023-04-27,0.0030388321573651,0.0461189989581097,77.97974719014913,86.1313946418423,303883.2157365161,0.0,0.0,0.0,0.0,0.0,10.427720627419324,158.2568604803736,267586.6833661225,295558.9759698619,1042772062.7419324
gmd-protocol,2023-04-28,0.0027159638480547,0.0418968626544462,72.56264494354946,80.06117455209915,271596.3848054706,0.0,0.0,0.0,0.0,0.0,17.873230664358683,275.7151170742644,477520.67525528296,526867.0424512695,1787323066.4358685
gmd-protocol,2023-04-29,0.0027046046390117,0.0418988087849578,71.34394586569417,79.38571922298235,270460.46390117664,0.0,0.0,0.0,0.0,0.0,8.50971101113726,131.82952854845678,224475.0870253303,249777.55316048797,850971101.113726
gmd-protocol,2023-04-30,0.0027151640420157,0.0416412478236297,71.29742022037837,79.33624453403392,271516.40420157806,0.0,0.0,0.0,0.0,0.0,5.069089274873284,77.74233875695788,133109.08017805617,148117.20398949587,506908927.4873284
gmd-protocol,2023-05-01,0.00261464465129,0.0407488272473485,69.77640969762521,76.82731319324888,261464.4651290069,0.0,0.0,0.0,0.0,0.0,8.20545340929341,127.8807058146464,218977.0141648645,241104.6329593412,820545340.929341
gmd-protocol,2023-05-02,0.002630450496437,0.0403661319910973,67.44229627536203,73.96732373899764,263045.04964370094,0.0,0.0,0.0,0.0,0.0,7.078565472489161,108.62561700254538,181487.8137592026,199046.7201798696,707856547.248916
gmd-protocol,2023-05-03,0.0026577574452452,0.0407221964245484,69.17615749533451,76.17772871969007,265775.74452452525,0.0,0.0,0.0,0.0,0.0,6.346299940265188,97.23809567307266,165181.60638240838,181900.2392743538,634629994.0265187
gmd-protocol,2023-05-04,0.0026582537933703,0.0404969500092536,69.63333787302352,77.0920730308294,265825.3793370396,0.0,0.0,0.0,0.0,0.0,6.927947689503181,105.54325247207194,181478.5794467552,200917.55368315428,692794768.9503181
gmd-protocol,2023-05-05,0.0033970373019124,0.052195986903002,88.905818949024,98.00467056935324,339703.7301912437,0.0,0.0,0.0,0.0,0.0,38.41027146401883,590.1795735796006,1005257.32780162,1108137.9645702892,3841027146.401882
gmd-protocol,2023-05-06,0.0033236420936283,0.0492139771680346,87.58197920327056,98.11457929005836,332364.2093628311,0.0,0.0,0.0,0.0,0.0,21.682386884542225,321.0563782213571,571357.0546117927,640068.3970333199,2168238688.4542227
gmd-protocol,2023-05-07,0.0029582619889764,0.0449536706540251,76.19466828444301,85.41907409607852,295826.1988976426,0.0,0.0,0.0,0.0,0.0,21.458885104407702,326.08864839583964,552707.1768413781,619619.9334552056,2145888510.4407704
gmd-protocol,2023-05-08,0.0031834355111107,0.0481353235215023,82.78494754129089,91.23243212945324,318343.5511110786,0.0,0.0,0.0,0.0,0.0,18.127952060998524,274.1047632951664,471415.7252952038,519519.6039871888,1812795206.0998523
gmd-protocol,2023-05-09,0.003480598264209,0.0521010705933546,87.60785581156337,96.34648170192824,348059.82642090454,0.0,0.0,0.0,0.0,0.0,32.38311610795885,484.7428201418622,815094.1738632041,896397.4198429603,3238311610.795885
gmd-protocol,2023-05-10,0.0034136727507341,0.0510537093517287,85.96041206811023,94.25411435231352,341367.27507341426,0.0,0.0,0.0,0.0,0.0,15.959802697968332,238.68929090457777,401887.1510598234,440662.3535343743,1595980269.7968333
gmd-protocol,2023-05-11,0.0037159921609872,0.0557509080984843,93.4674526439854,102.66410298981302,371599.2160987252,0.0,0.0,0.0,0.0,0.0,28.592698144820535,428.9753092848523,719185.2253813063,789948.8427113941,2859269814.4820538
gmd-protocol,2023-05-12,0.0036667965012342,0.0551006665269445,90.76759426075924,99.06216870892636,366679.6501234288,0.0,0.0,0.0,0.0,0.0,28.21573716929258,423.9956932580721,698450.1545936579,762276.3125170206,2821573716.929258
gmd-protocol,2023-05-13,0.0033039018353313,0.0489550834269401,80.94315485363343,88.54956225099387,330390.18353313376,0.0,0.0,0.0,0.0,0.0,32.4388309129639,480.65764443552047,794727.3995189827,869409.6920675893,3243883091.29639
gmd-protocol,2023-05-14,0.003297454842998,0.0491742135871239,80.77376797880544,88.3462811186057,329745.4842998065,0.0,0.0,0.0,0.0,0.0,20.8570651339745,311.0367918688797,510910.3293492706,558807.998098266,2085706513.3974504
gmd-protocol,2023-05-15,0.0033534525743465,0.050147362894732,83.17150846194691,90.26184735741356,335345.25743465044,0.0,0.0,0.0,0.0,0.0,13.634346572644526,203.88734006300683,338155.7204699113,366983.3647186548,1363434657.2644527
gmd-protocol,2023-05-16,0.0034497185956105,0.0516095941296409,86.38688781564811,93.9409624273158,344971.859561056,0.0,0.0,0.0,0.0,0.0,15.432425102842627,230.87714951799623,386454.47132382815,420247.8627077459,1543242510.284263
gmd-protocol,2023-05-17,0.0034755976067135,0.0514936626660836,86.48945449608777,93.96421373444966,347559.7606713574,0.0,0.0,0.0,0.0,0.0,12.86529610134306,190.6092973082301,320149.962005514,347818.5824183086,1286529610.1343062
gmd-protocol,2023-05-18,0.0033350797969951,0.0501547410921622,84.29062010918767,91.34996251220602,333507.9796995177,0.0,0.0,0.0,0.0,0.0,15.631458164317385,235.0743564908585,395068.5986788825,428155.60773329664,1563145816.431738
gmd-protocol,2023-05-19,0.0033035912655442,0.0491989946924464,82.30683219294566,88.68859761125887,330359.12655442493,0.0,0.0,0.0,0.0,0.0,22.781882874986007,339.28099590907493,567595.8253031347,611605.0929785946,2278188287.498601
gmd-protocol,2023-05-20,0.003409161475422,0.0505872602976127,84.73355048598526,91.66825389299012,340916.147542208,0.0,0.0,0.0,0.0,0.0,16.110695914917894,239.06053547162523,400425.87466527673,433197.2463517904,1611069591.491789
gmd-protocol,2023-05-21,0.0035242260631341,0.0524933757305889,88.27018392116973,95.4862725070744,352422.60631341505,0.0,0.0,0.0,0.0,0.0,22.87647167788287,340.74523077255003,572979.8050123794,619820.9108901718,2287647167.7882867
gmd-protocol,2023-05-22,0.0032167649259921,0.0476990882394517,79.60619767011553,86.13431760110342,321676.4925992124,0.0,0.0,0.0,0.0,0.0,19.660675398728564,291.53398282652995,486548.3329144567,526447.8126339882,1966067539.8728564
gmd-protocol,2023-05-23,0.0033204236561449,0.0490516521221542,82.50218185458388,89.18788401620688,332042.3656144956,0.0,0.0,0.0,0.0,0.0,14.506875583424536,214.30585015277023,360450.6567439249,389660.3779995258,1450687558.3424537
gmd-protocol,2023-05-24,0.0047094190485881,0.0691486029263764,119.05301203659693,128.21292827106635,470941.9048588117,0.0,0.0,0.0,0.0,0.0,52.57759935992189,771.9991581660831,1329149.4141573056,1431413.9187549085,5257759935.992189
gmd-protocol,2023-05-25,0.0049824519050011,0.0728732436093957,122.05583801366802,131.28645755812175,498245.1905001181,0.0,0.0,0.0,0.0,0.0,62.34561084127305,911.8656784729368,1527289.3592946392,1642792.4539386055,6234561084.127305
gmd-protocol,2023-05-26,0.0060114232192335,0.0881462122603942,148.42856135887573,159.16282028450306,601142.3219233531,0.0,0.0,0.0,0.0,0.0,55.02896314818785,806.8962189536269,1358724.8036410138,1456986.9151741904,5502896314.818785
gmd-protocol,2023-05-27,0.0046505759174464,0.0679431879128868,115.77727941521296,124.24454516844212,465057.591744642,0.0,0.0,0.0,0.0,0.0,75.43472307582695,1102.0733036246668,1877966.7650183784,2015310.1518681927,7543472307.582695
gmd-protocol,2023-05-28,0.0048392601650644,0.0709955524487895,121.07064094313743,129.92503186471808,483926.01650644816,0.0,0.0,0.0,0.0,0.0,26.41327595714291,387.5024393392383,660818.4186139214,709146.7710617824,2641327595.714291
gmd-protocol,2023-05-29,0.0050042724556045,0.0735333217102589,131.19760641215476,140.68392336463194,500427.24556045845,0.0,0.0,0.0,0.0,0.0,27.561921647738803,404.99786321711616,722594.1793502555,774841.7591711677,2756192164.7738805
gmd-protocol,2023-05-30,0.0043251574153413,0.0634153175045577,112.14938263841962,120.09511568218412,432515.7415341329,0.0,0.0,0.0,0.0,0.0,25.62409964275308,375.69971646578176,664421.3561816269,711495.3088026252,2562409964.275308
gmd-protocol,2023-05-31,0.0046607758754553,0.0679428431167989,120.36147918665124,129.16899637336556,466077.5875455358,275.65993985359904,4018.704313601841,7119525.969882879,7640501.183586934,27565993985.359905,20.128832758207896,293.42971272601415,519813.9000498327,557851.5669970968,2012883275.8207896
gmd-protocol,2023-06-01,0.0042627341954405,0.061960351607901,108.61628819167149,116.15212169512964,426273.41954405344,251.98979437764515,3661.630347426265,6420862.991297588,6867497.5627912665,25198979437.764515,21.51442608901008,312.7198047072929,548196.7669628143,586230.8374668236,2151442608.901008
gmd-protocol,2023-06-02,0.005478744679571,0.0789547682401763,136.59539730580795,146.99231041367756,547874.4679571008,323.9557946824212,4668.776586742913,8080987.26676283,8696349.665438978,32395579468.242115,48.66026500905496,701.2482185237233,1213191.8205099157,1305533.511297497,4866026500.905497
gmd-protocol,2023-06-03,0.0049067254500226,0.0701040637216864,124.80651581518032,133.71171610797094,490672.5450022624,290.48100565610474,4150.776609517555,7389489.390257015,7916744.579233996,29048100565.61048,28.26028616439176,403.7643683635243,718823.1516196651,770112.6544028964,2826028616.439176
gmd-protocol,2023-06-04,0.0045932116238572,0.065750437168471,116.11727484154872,124.40248001022968,459321.1623857259,269.91421442859456,3864.070550666735,6824771.276792611,7311732.67280115,26991421442.85946,22.46875759335273,321.6334790067266,568014.5210954803,608543.5194937632,2246875759.3352733
gmd-protocol,2023-06-05,0.0049362991905177,0.0707914204829946,125.32279875284635,134.0515665058767,493629.9190517713,291.97362659194664,4194.329919343496,7415247.832789558,7931721.904608116,29197362659.194664,25.420417981003133,364.5539763074888,645373.7514464505,690324.212546411,2542041798.1003137
gmd-protocol,2023-06-06,0.00451496654945,0.0642133933744597,108.54784050083752,116.2804933056644,451496.6549450062,266.871727831928,3796.740586031332,6432466.761351942,6889185.300873354,26687172783.1928,24.913251516793608,354.3247557569571,598958.9562588346,641627.1625697223,2491325151.679361
gmd-protocol,2023-06-07,0.0045516847443492,0.0657737631737577,115.80819370853852,123.8722790764132,455168.47443492047,269.2732774995245,3892.767797126645,6857234.3823573245,7334152.304245487,26927327749.95245,24.561004487098675,354.91686774871465,624903.9037357345,668417.9096542257,2456100448.7098675
gmd-protocol,2023-06-08,0.0045223849604772,0.0650396796828276,111.28823228012998,119.156237819596,452238.49604772986,267.922268807765,3852.6513011557176,6594381.560661785,7059020.401531384,26792226880.7765,18.23573434958807,262.261247382436,448750.5282791128,480476.89835435,1823573434.958807
gmd-protocol,2023-06-09,0.0043398225526087,0.0623237005200248,106.70016732614738,115.06604405949273,433982.25526087615,257.7791057428971,3701.676465626877,6337917.568577235,6835346.218970358,25777910574.28971,11.238327445529722,161.3923485512411,276308.8592604396,297972.9851454384,1123832744.552972
gmd-protocol,2023-06-10,0.0041167950987243,0.0592407328523586,101.3576608672474,108.9493613128908,411679.5098724331,243.54805013887463,3505.2462905052057,5994704.552931849,6443708.612778904,24354805013.88746,17.510792588171462,251.9805238959721,431124.92463337927,463416.23102761374,1751079258.817146
gmd-protocol,2023-06-11,0.004038421907711,0.0595165008306972,97.11445572584417,104.43200641536896,403842.1907711038,238.8975705680325,3521.0545123942384,5745182.690301292,6178080.812858288,23889757056.803253,23.364640340500383,344.3378795016761,561864.1097318834,604200.4341529823,2336464034.0500383
gmd-protocol,2023-06-12,0.0042537990312574,0.0629298258498567,102.53216555832203,110.23743129343968,425379.90312574175,251.2380624151231,3715.6995456325135,6055509.952314039,6509096.33007535,25123806241.51231,15.642502417087924,231.4119556965352,377041.7069048072,405376.2937059739,1564250241.7087927
gmd-protocol,2023-06-13,0.0042730819348145,0.0635248069871631,102.82600016892228,110.67876954705548,427308.19348145154,252.670980241024,3757.221103253258,6082006.771699046,6545880.600449936,25267098024.1024,22.646892538623455,336.6749103624496,544967.1715932457,586586.0375429563,2264689253.8623457
gmd-protocol,2023-06-14,0.0041689380901068,0.0620960079508623,99.96291552588234,107.84754143246876,416893.8090106868,246.75294822871984,3676.1186639081016,5915121.08250379,6381500.266478851,24675294822.871983,16.849434081282155,250.97100749989957,404016.2073222237,435883.1915750869,1684943408.1282156
gmd-protocol,2023-06-15,0.0038659336310326,0.058838165274904,89.53078871446927,97.06707653678522,386593.36310326186,231.51919368379987,3519.9764741408258,5363060.850016914,5813345.123226669,23151919368.379986,17.12384903713133,260.6190265920627,396569.5887314982,429950.98305596295,1712384903.713133
gmd-protocol,2023-06-16,0.0035201546873433,0.0540505985279429,82.21891691086023,89.99768699051103,352015.46873433504,208.21422896333743,3196.3441586948547,4859710.799538315,5320072.645797074,20821422896.333748,23.12252560103637,355.0373376224864,540064.0540020159,591159.7660620572,2312252560.103637
gmd-protocol,2023-06-17,0.0036386555523391,0.05581775241962,87.43230606707822,95.7952296122256,363865.5552339129,215.15641962944355,3300.866680922506,5170665.6553748,5665241.213295492,21515641962.94435,13.043635709382594,200.09215442500235,313422.123409586,343401.0336469665,1304363570.9382594
gmd-protocol,2023-06-18,0.0038382257072909,0.0589140127575799,92.83075493848828,101.71004156731496,383822.5707290996,226.26557468512385,3472.6972258363826,5473462.267979966,5997000.40317736,22626557468.512383,9.161936314863356,140.62915370314684,221589.22629055157,242784.29526739536,916193631.4863356
gmd-protocol,2023-06-19,0.0037318414080157,0.0571639212341044,89.83043428742647,98.27898744296068,373184.1408015798,220.66497108167556,3381.694284547862,5317332.183583382,5816892.7498316765,22066497108.16756,11.387162500305529,174.4272569700415,274104.2935283311,299883.80480871233,1138716250.0305529
gmd-protocol,2023-06-20,0.0039886378948503,0.061570854463228,97.76690551796614,106.79655417332052,398863.7894850334,235.793160388817,3639.494229429177,5779209.846955339,6312916.427575434,23579316038.88169,9.8419195161292,151.92539662443653,241238.74886991607,263519.30620996933,984191951.61292
gmd-protocol,2023-06-21,0.0038895793195988,0.0615263199535092,100.8655839878474,110.142681789624,388957.9319598867,229.953586513192,3637.928398661454,5960608.460396101,6508365.519225128,22995358651.3192,11.204736624915384,177.23927292230758,290564.1485204799,317288.7449283013,1120473662.4915383
gmd-protocol,2023-06-22,0.0035746729064382,0.0568241278119226,97.83718397499582,107.54210627123042,357467.29064382915,211.2341791913598,3357.8417869173163,5783980.579343363,6357545.631088952,21123417919.135983,12.330416317045412,196.00818623489928,337477.92910682294,370953.9240773336,1233041631.7045412
gmd-protocol,2023-06-23,0.0034382411451864,0.0549304867123774,93.95537261853674,102.94369550408491,343824.1145186455,203.4061612334228,3250.02428226641,5561813.861126892,6093829.556749322,20340616123.34228,5.838527872244533,93.27826762679882,159547.00052043592,174810.2038491136,583852787.2244532
gmd-protocol,2023-06-24,0.003244559554596,0.0525642411092109,91.10341873984996,99.45245209306265,324455.9554596086,192.0060440270623,3109.869690423077,5388575.346290551,5882403.085301616,19200604402.70623,10.64884395292437,172.51907128132902,299007.02188200736,326409.06269527593,1064884395.292437
gmd-protocol,2023-06-25,0.0031916600035689,0.0519702192712126,89.34697073883446,97.53503710368923,319166.0003568923,188.91169906018732,3077.1513386783445,5287476.019510921,5772038.665477783,18891169906.01873,6.06929544556621,98.82713533870827,169903.17326218146,185473.6894953131,606929544.556621
gmd-protocol,2023-06-26,0.0030910416476441,0.0495658049689007,86.32172110166202,94.13810183513522,309104.1647644194,182.90522751084745,2933.6155817104213,5108428.79435006,5571510.457538864,18290522751.084743,5.73245910954739,91.9217476194714,160087.0492502635,174582.83677012377,573245910.954739
gmd-protocol,2023-06-27,0.0030272565551834,0.0493171909592053,84.0352687374045,91.681406345187,302725.6555183463,178.87109349183646,2914.901229061817,4959070.000263131,5410075.537359587,17887109349.183647,7.2382749257080015,117.919106035179,200931.2284865876,219213.4074549212,723827492.5708002
gmd-protocol,2023-06-28,0.0030174519467724,0.0489835635843471,84.49592985417593,92.58214717016538,301745.1946772475,178.2138687946711,2892.0275319201105,4988624.145466983,5465769.41838362,17821386879.46711,5.652501831713342,91.75943404186596,158283.67997174436,173431.34727400317,565250183.1713341
gmd-protocol,2023-06-29,0.0029119475348931,0.0479142732661213,80.23876309172732,87.60751913357097,291194.75348931766,172.3181991130597,2834.43800225665,4749002.99376368,5184987.885067446,17231819911.30597,3.5927396389959605,59.11628103670272,98998.00092182295,108089.51840432934,359273963.89959604
gmd-protocol,2023-06-30,0.0030344115279075,0.0498855321801183,85.07817790178142,92.45869307662292,303441.1527907584,179.4255149994726,2949.4463174235057,5031861.955373041,5468458.188700723,17942551499.94726,5.502775021011638,90.46527073403202,154285.62272630728,167669.87010765064,550277502.1011639
gmd-protocol,2023-07-01,0.0032098314969879,0.0505845896243977,89.62116736511166,97.83436206005295,320983.1496987999,189.6750073121707,2990.10692584708,5295019.922787183,5780273.918221922,18967500731.21707,6.431562845018727,101.35671217136564,179574.5884771633,196031.42675308447,643156284.5018727
gmd-protocol,2023-07-02,0.0032119613024739,0.0510475495686175,89.9925578501762,98.23978805761284,321196.130247392,190.21763678562075,3025.52854594422,5327594.579781286,5815833.829792362,19021763678.562077,4.677615135182793,74.34111684105453,131057.16757221588,143067.70107768782,467761513.5182793
gmd-protocol,2023-07-03,0.0033358718023254,0.0527115697238943,93.63966852091738,102.1468683004523,333587.18023254466,197.3794880245829,3120.9818663568703,5531335.380614073,6033958.052422859,19737948802.45829,5.2228488513339135,82.52851958895234,146608.10251546014,159927.50482751496,522284885.1333914
gmd-protocol,2023-07-04,0.0033711694366619,0.0537108290409284,96.166030693138,104.94923191183965,337116.9436661995,198.98551918750923,3168.9350496531583,5674236.631292454,6193715.977780881,19898551918.750927,5.171477511405244,82.39406227505583,147521.64625195984,160995.34682799433,517147751.1405243
gmd-protocol,2023-07-05,0.0033733131813558,0.0536211042299975,95.37350528455212,103.79513081335502,337331.3181355855,198.94652674990115,3159.5961752058324,5633007.309862558,6130203.603312862,19894652674.99012,4.0531112393677216,64.42695609263221,114593.3998489114,124712.17129094442,405311123.9367721
gmd-protocol,2023-07-06,0.0031819974873413,0.0508031425686398,89.44585845862625,97.09574057099296,318199.74873413506,188.3790775897818,3002.926467720652,5292656.10996517,5744432.76956,18837907758.97818,4.9241255381007925,78.61761448059207,138417.02819239892,150255.1833206856,492412553.8100793
gmd-protocol,2023-07-07,0.003132559337521,0.050617939508162,86.28750561249149,93.9748350709666,313255.9337521029,185.06755141642537,2990.863467946795,5103137.804466497,5558029.141525502,18506755141.642544,4.421996298842678,71.45350400202351,121805.52364468746,132657.14327921355,442199629.8842678
gmd-protocol,2023-07-08,0.0031181443979166,0.0505752746227869,86.18667250157098,94.53817486954674,311814.4397916623,184.5878233002287,2994.553471321938,5102362.74846752,5596782.51592428,18458782330.022865,5.105714138607272,82.81300085975471,141123.8403984112,154798.76313363668,510571413.8607272
gmd-protocol,2023-07-09,0.0030538036278453,0.0495611585329672,84.24746115298586,92.41946774982888,305380.36278453696,180.7182124366429,2932.453756561616,4984408.963073782,5467896.801996724,18071821243.664288,5.008984696776436,81.29241919242166,138186.4373366123,151590.5264575698,500898469.6776436
gmd-protocol,2023-07-10,0.0030439913241711,0.0492496530404041,83.6897432352605,91.78670765066366,304399.1324171168,179.93986558383742,2911.4631195926336,4949002.988510094,5427121.54212854,17993986558.383743,4.239601356509809,68.59378808991431,116561.15644244736,127838.42292036736,423960135.6509808
gmd-protocol,2023-07-11,0.0030548936097658,0.0493943396008618,84.3899663792456,92.86991865129508,305489.3609765879,180.77885487189465,2921.8422620282204,4992068.718397061,5492930.610229617,18077885487.189465,4.30093442901607,69.54147768312615,118811.24458924192,130750.02981131247,430093442.901607
gmd-protocol,2023-07-12,0.0029622009981736,0.0482939287038216,82.35169422133491,90.69879502641058,296220.0998173653,175.48075804783568,2859.97612343625,4878205.1902575,5372904.639092683,17548075804.783566,5.506836640349628,89.78012506801785,153094.7182222003,168612.27445232208,550683664.0349628
gmd-protocol,2023-07-13,0.0030595887799006,0.0496673053158591,83.50889174894998,93.02756525322508,305958.87799006305,179.65537807797625,2916.4710435757183,4907228.171600729,5465647.95780133,17965537807.79762,4.630935004412754,75.17548249393755,126397.4598548789,140804.74184522385,463093500.4412754
gmd-protocol,2023-07-14,0.0032900592410984,0.0516463983786204,92.17300718032875,103.45962454072554,329005.9241098449,194.3651831046333,3051.675854131063,5441723.753256067,6108640.711583968,19436518310.46333,11.16293092134276,175.2324609341093,312736.2872721148,351030.95636374864,1116293092.1342762
gmd-protocol,2023-07-15,0.0032507920786208,0.0508939909842492,87.62426654462854,98.52065048867598,325079.2078620815,191.80184658960465,3004.894730438605,5168159.399522725,5810838.092559843,19180184658.960464,5.011651786136778,78.46178858909217,135087.78824255776,151886.42707730783,501165178.61367786
gmd-protocol,2023-07-16,0.0032357583425376,0.0507621674788171,87.25411103552297,98.04306391828256,323575.83425376454,191.52443129822143,3005.4606696175915,5163472.43507935,5801934.739632771,19152443129.822144,4.917283490780281,77.14172125229005,132597.41744533414,148993.06083926995,491728349.0780281
gmd-protocol,2023-07-17,0.0030765167009245,0.0483891801468061,82.87308964418047,93.0494418523641,307651.670092451,182.8012388342632,2874.4736519676185,4916161.229864673,5520278.418917299,18280123883.426315,3.11597540755258,49.00980881519979,83936.00112801828,94242.87292551732,311597540.755258
gmd-protocol,2023-07-18,0.0030386103135256,0.0479047297279314,81.50374739913285,91.60112231405598,303861.031352561,179.89790234039734,2836.593732233912,4823370.129587607,5421125.063600439,17989790234.039734,5.148131058328727,81.16204498334031,138086.79957674956,155194.1624971338,514813105.8328728
gmd-protocol,2023-07-19,0.0029808132610302,0.0468980966804899,79.24777968494496,88.9741689073945,298081.3261030222,176.30409319785178,2774.4197916745834,4684560.137833674,5259473.147597552,17630409319.785183,4.541850938640058,71.45840607106578,120749.46366241308,135569.5164973542,454185093.8640058
gmd-protocol,2023-07-20,0.00293160611919,0.0464091990383884,78.29925768969387,87.73429108753881,293160.6119190027,173.2678027371282,2742.4478560512653,4625096.572778655,5182273.937436016,17326780273.71282,4.028707156599837,63.77700983571408,107601.35126818424,120567.27678042816,402870715.6599836
gmd-protocol,2023-07-21,0.0029275832917649,0.0461233826738742,78.33499360330906,87.22816690363523,292758.3291764917,173.02186380409168,2725.431415754021,4631653.059726642,5158271.29252288,17302186380.40917,4.512472486045681,71.09293725806866,120742.76565378113,134450.385841477,451247248.60456806
gmd-protocol,2023-07-22,0.0027637236324558,0.0437070354117089,74.26241428464688,82.6745497185047,276372.3632455894,163.41603179889756,2584.925495708595,4391275.540142461,4888700.851814587,16341603179.889755,6.8150587947706,107.77706300945452,183123.4909482424,203866.95346311416,681505879.4770601
gmd-protocol,2023-07-23,0.0027335786590295,0.0436885309253884,72.94494083607938,81.17675038569055,273357.8659029514,161.83050166893506,2586.240212256109,4318355.381256717,4805680.186220606,16183050166.893503,3.4278474865467228,54.7844564226584,91471.35066895268,101793.8587047682,342784748.65467227
gmd-protocol,2023-07-24,0.0026579038694235,0.0423226821386533,71.811709836926,79.89278516342094,265790.3869423573,157.15641706142225,2502.980312994103,4245751.370429549,4724225.67057062,15715641706.142223,4.711768686960232,75.02705073089258,127303.38732682724,141629.02119130688,471176868.6960232
gmd-protocol,2023-07-25,0.0026201490020057,0.0413234093492394,69.12336937290384,76.46635718723702,262014.9002005781,154.9365072181559,2443.678960744455,4086216.456637214,4519965.949001216,15493650721.81559,5.869703544140159,92.57342316314966,154851.3790171647,171301.2685331329,586970354.4140159
gmd-protocol,2023-07-26,0.0026466252193601,0.0416353414335434,69.98863220846735,77.3414874172228,264662.5219360114,156.61288800415244,2463.893326068436,4141469.389562095,4576315.460979871,15661288800.415243,3.328186526454488,52.35731200995446,88012.16772865082,97258.53682456203,332818652.64544874
gmd-protocol,2023-07-27,0.0026832760360495,0.0421250406476175,71.11837847252049,78.79140018847495,268327.60360495665,158.7678964804548,2494.115910873392,4207974.74911081,4661971.521820234,15876789648.04548,6.902487292289975,108.36289440629416,182945.65935808685,202683.8205372904,690248729.2289976
gmd-protocol,2023-07-28,0.0027624809936933,0.0433925636459725,73.46254368818542,80.66557632623656,276248.0993693391,163.2722185514671,2565.030532336991,4341696.486211318,4767527.252914365,16327221855.14671,6.389460946336935,100.36452428463436,169914.67271116684,186574.8762894313,638946094.6336935
gmd-protocol,2023-07-29,0.0026195218153182,0.040953522046245,69.6093039271097,76.7890832069604,261952.1815318273,154.97964660718898,2422.6675780904134,4118248.630183897,4543021.103346826,15497964660.7189,6.03171276333813,94.29960849551944,160282.4318885152,176814.59667789843,603171276.3338131
gmd-protocol,2023-07-30,0.0026018794604641,0.0406091286888889,69.24333808179982,76.38537019503579,260187.94604641144,153.61978225121197,2397.5526640829185,4088829.322183751,4510567.371410659,15361978225.121197,3.006229226805301,46.92006351357237,80004.2238182456,88256.17630253255,300622922.68053013
gmd-protocol,2023-07-31,0.0024673685808027,0.0387885487177717,65.50809486331828,72.22446448959985,246736.8580802779,146.01761424029198,2294.986093330798,3876225.647202267,4273960.402234185,14601761424.0292,4.577999937119703,71.96896927865892,121544.8946292122,134006.56734646217,457799993.7119703
gmd-protocol,2023-08-01,0.0022581106425712,0.0355494521982108,59.978223627921736,65.96609830308995,225811.0642571248,133.6491615989141,2102.9513462150444,3551117.4406553367,3905339.548371744,13364916159.891403,5.482114705885548,86.3049715137409,145611.77631629145,160148.8035083519,548211470.5885547
gmd-protocol,2023-08-02,0.0022746429503862,0.0359507382887131,61.30377180836995,67.49977902435246,227464.29503862743,134.9137484730942,2128.151632311574,3606126.361562807,3971531.047080497,13491374847.309418,3.9385648432758575,62.24902852981455,106148.03539326874,116876.47793208924,393856484.32758576
gmd-protocol,2023-08-03,0.0021402091390425,0.0339354924119145,56.99539224889148,62.37587264760101,214020.91390425208,126.7918665071462,2010.0504735918885,3378378.1339383363,3697044.920894873,12679186650.71462,5.222117963826521,82.80272301558304,139068.96120041364,152197.35264195647,522211796.3826521
gmd-protocol,2023-08-04,0.0017505686291598,0.0278339419796171,46.63404245817921,51.07020472107011,175056.86291598016,102.98557941264237,1637.2019082232955,2746447.4962869426,3007979.2611246887,10298557941.264236,6.3961391425602345,101.698249826987,170389.1063589644,186597.73172776448,639613914.2560235
gmd-protocol,2023-08-05,0.0021056935573792,0.033487307343978,55.53858127248201,61.23644915721327,210569.35573792516,123.33836503699162,1961.6111490864291,3249440.082550347,3582809.7845757725,12333836503.699162,8.88955455156595,141.37253940684965,234465.85862796864,258520.40693174704,888955455.1565951
gmd-protocol,2023-08-06,0.0020627436885482,0.0326532092097269,54.34579496710844,59.92129136472174,206274.3688548235,121.72095431313475,1927.1576456401256,3207067.6269341973,3536090.2129814783,12172095431.313477,3.9517596083621216,62.55630980949177,104114.49499404282,114795.91003507664,395175960.83621216
gmd-protocol,2023-08-07,0.0018727760475916,0.0297761780895487,49.44227712946681,54.39667158033186,187277.60475916637,110.65775158279868,1759.738925512654,2921600.0100606936,3214360.775095628,11065775158.27987,4.707254753445178,74.84293492097234,124274.01254844652,136726.96807362413,470725475.34451777
gmd-protocol,2023-08-08,0.001974344896375,0.0315265300933411,52.35822782668911,57.6124866050718,197434.48963750145,117.15276251817004,1870.8679758002208,3104462.095866451,3416268.3218720336,11715276251.817007,4.317833164505196,68.94757721851622,114505.8763339066,125996.78293783772,431783316.4505196
gmd-protocol,2023-08-09,0.002130205124805,0.0341642322463369,57.84937136688214,63.398864141806776,213020.51248050263,125.86729920313005,2018.545824294084,3420797.157439412,3748457.307612429,12586729920.313004,5.506280001581448,88.3097250104529,149532.4712875604,163877.127926336,550628000.1581448
gmd-protocol,2023-08-10,0.0022814542597143,0.0363796434765393,61.49530243661897,67.50522512420157,228145.4259714324,135.0087634542893,2152.504379503155,3639194.568346625,3994615.4807460015,13500876345.428928,6.670374382046589,106.36454394850854,179796.14898823082,197367.58797835605,667037438.2046589
gmd-protocol,2023-08-11,0.0023125969922834,0.0367652206605486,61.94381609431842,68.0483670544018,231259.69922834248,136.90720225574597,2176.3842728115064,3667519.989894709,4028599.3181842375,13690720225.574596,4.424083286030534,70.3332222493973,118500.80336965052,130179.03436335258,442408328.6030534
gmd-protocol,2023-08-12,0.0022490496063508,0.0357919087014282,60.36962470152741,66.14399550950723,224904.96063508253,131.41520745594542,2090.9811191401627,3526092.2961203903,3863363.9707684834,13141520745.594543,5.280071987200269,84.0283175476395,141729.18345786195,155285.61790058238,528007198.72002685
gmd-protocol,2023-08-13,0.0022409247168127,0.0356568569043638,60.15701959957608,65.91105467248391,224092.47168127357,132.5036530922476,2108.732142369186,3557232.6396831805,3897482.896552184,13250365309.22476,3.956035615050325,62.94713730278525,106198.70906225123,116356.64409143334,395603561.5050325
gmd-protocol,2023-08-14,0.0021987017804768,0.0350088950425708,58.82953859953004,64.38605515982279,219870.17804768204,130.28622731280848,2074.878922172671,3486706.266722105,3815858.396112364,13028622731.28085,3.701418955712618,58.93595433439056,99036.97320921112,108391.12751363816,370141895.5712618
gmd-protocol,2023-08-15,0.0022015248979249,0.0351163304618095,59.35280754588842,64.73754725114415,220152.48979249492,130.36350781310608,2079.107880963184,3515342.789043636,3834135.848285156,13036350781.310608,4.736183095585519,75.54644095507606,127686.84289663676,139271.13757810887,473618309.5585519
gmd-protocol,2023-08-16,0.0019994813473433,0.0319252757700108,53.48779534889805,58.32256065992373,199948.1347343309,117.89764590970049,1882.1947348620963,3153622.803956258,3438682.724447511,11789764590.970049,5.759815377654032,91.96569628432816,154079.8700506696,168007.1595564179,575981537.7654033
gmd-protocol,2023-08-17,0.0020104576550981,0.0319628404396746,53.080106752754766,57.729715792389584,201045.7655098176,118.7183854496147,1887.6037756916676,3141606.3808190757,3416497.7932652007,11871838544.96147,9.591928603991512,152.49527026877897,253246.1168597997,275429.4828369721,959192860.3991512
