cryptocurrency_id,timestamp,price_usd,market_cap,total_volume_24h
solana,2020-04-11,0.9576058280146803,7827651.89,92672667.43
solana,2020-04-12,0.7847113148208426,6173607.68,49458692.88
solana,2020-04-13,0.8759944068917709,7269680.45,37821009.96
solana,2020-04-14,0.7867121945458646,6302364.15,19579214.89
solana,2020-04-15,0.666673390515131,5306221.07,17523533.05
solana,2020-04-16,0.6376210673084666,5114653.93,12659541.41
solana,2020-04-17,0.6923331250859114,5505929.49,23132895.91
solana,2020-04-18,0.657449398309544,5348323.98,10227034.75
solana,2020-04-19,0.6769721852162044,5423066.29,10199318.16
solana,2020-04-20,0.6094358389483635,4844617.21,9789186.73
solana,2020-04-21,0.5347904942320182,4285479.15,8763891.03
solana,2020-04-22,0.5728269210770057,4591546.76,9610841.99
solana,2020-04-23,0.6848872198147996,5446538.17,18146790.14
solana,2020-04-24,0.6217032788666345,4909587.0,13659849.49
solana,2020-04-25,0.6227650900853694,5027193.62,8959427.14
solana,2020-04-26,0.6470903181859691,5173619.23,7324961.27
solana,2020-04-27,0.6398628040694914,5137791.33,8493459.05
solana,2020-04-28,0.5683154806973284,4616001.38,7534010.52
solana,2020-04-29,0.6574283212299112,5283691.35,7387289.03
solana,2020-04-30,0.7411890135877649,5897415.54,8964597.27
solana,2020-05-01,0.693089721323073,5635423.51,5182978.54
solana,2020-05-02,0.7169539321663891,5735879.9,4174109.64
solana,2020-05-03,0.7124378933182761,5669404.17,3457574.56
solana,2020-05-04,0.6866098174679662,5486412.39,3375393.73
solana,2020-05-05,0.6728297405546847,5354861.58,3467483.26
solana,2020-05-06,0.6503081490988862,5195811.63,2903980.86
solana,2020-05-07,0.6194003582280405,5010066.05,2715223.29
solana,2020-05-08,0.6089398899298076,4874818.72,3385522.02
solana,2020-05-09,0.608939662026112,4827334.91,2493703.56
solana,2020-05-10,0.6017917957668725,4816707.91,2126230.15
solana,2020-05-11,0.541777928609612,4324416.95,2370841.72
solana,2020-05-12,0.5139234956267317,4171226.3,2113480.53
solana,2020-05-13,0.5333426539131136,4266741.23,2182277.41
solana,2020-05-14,0.5533191018747785,4413742.9,2337721.38
solana,2020-05-15,0.574281421724847,4570789.92,548910.11
solana,2020-05-16,0.5564341957677822,4432087.51,1837728.91
solana,2020-05-17,0.5989661106774994,4752035.39,2286736.27
solana,2020-05-18,0.6159337448626931,4898008.36,2950437.82
solana,2020-05-19,0.6477344448774962,5213969.63,3280891.0
solana,2020-05-20,0.6219357513498963,4996233.2,2375972.61
solana,2020-05-21,0.5795859352817158,4629608.83,2306268.66
solana,2020-05-22,0.6055660983994974,4853042.59,2791803.41
solana,2020-05-23,0.6149832258209792,4919865.81,3449950.87
solana,2020-05-24,0.6082201706733519,4866957.62,2624526.46
solana,2020-05-25,0.5465741722754689,4374843.16,2831384.62
solana,2020-05-26,0.6022304108336682,4809730.18,4453912.36
solana,2020-05-27,0.5731399463825178,4598505.35,2703457.58
solana,2020-05-28,0.5884004926151261,4715158.09,2545885.09
solana,2020-05-29,0.5721700884660958,9366383.78,2654599.5
solana,2020-05-30,0.5774323126967125,9427078.27,2051249.65
solana,2020-05-31,0.5858132380721703,9591470.34,2439529.33
solana,2020-06-01,0.5756770028863081,9399234.95,1936502.36
solana,2020-06-02,0.5789755237865244,9424972.59,2232352.35
solana,2020-06-03,0.565814320391003,9310563.11,1384105.15
solana,2020-06-04,0.586205470714686,9614805.95,888236.66
solana,2020-06-05,0.5867553687536804,9543805.26,863889.78
solana,2020-06-06,0.6569611049457513,10747702.96,4253926.37
solana,2020-06-07,0.6254174646400334,10180036.84,1644975.95
solana,2020-06-08,0.6193745553415636,10138083.79,778127.93
solana,2020-06-09,0.6676807419152483,10913789.39,1450401.05
solana,2020-06-10,0.6554185232956307,10726797.09,934660.15
solana,2020-06-11,0.6503617499580121,10648020.65,1145633.29
solana,2020-06-12,0.5719983046317773,9341515.41,1164520.21
solana,2020-06-13,0.5933564822995189,9722321.6,962192.2
solana,2020-06-14,0.6088102028493066,9955797.6,753788.26
solana,2020-06-15,0.586183105523133,9583560.13,915552.33
solana,2020-06-16,0.5703312716454458,9320494.0,1052111.26
solana,2020-06-17,0.5850988389924333,9519846.39,679085.22
solana,2020-06-18,0.5818481709972113,9549958.35,704810.19
solana,2020-06-19,0.6199980008389199,10224928.44,1372641.02
solana,2020-06-20,0.6860916859440122,11247343.89,7055205.21
solana,2020-06-21,0.6445979846649201,10673766.04,1745226.99
solana,2020-06-22,0.6727477930583199,11086240.79,2287434.98
solana,2020-06-23,0.7271729644769215,11996277.11,1654719.03
solana,2020-06-24,0.7067336276588002,11646898.98,1383543.52
solana,2020-06-25,0.7362452622406327,12150092.54,2827321.03
solana,2020-06-26,0.7126894105564204,11741625.19,1804323.66
solana,2020-06-27,0.7407208653820945,12079079.15,1673667.39
solana,2020-06-28,0.7133553688193407,11750514.84,1710200.38
solana,2020-06-29,0.7987604659546775,13136127.95,3419777.19
solana,2020-06-30,0.8531268842862817,14062849.97,2179078.5
solana,2020-07-01,0.8592955544373364,14164459.01,4200596.31
solana,2020-07-02,0.8324592358815799,13737840.61,1840101.23
solana,2020-07-03,0.7746114788082067,12783903.73,1796842.53
solana,2020-07-04,0.7674704652113047,12672163.18,1136961.55
solana,2020-07-05,0.7811871083546776,12892264.59,1683516.11
solana,2020-07-06,0.6921876621707542,11423393.47,3820984.23
solana,2020-07-07,0.708409297313418,11691026.18,1164528.52
solana,2020-07-08,0.7534772552866666,12435090.74,1711217.87
solana,2020-07-09,0.7956141684819489,13138366.72,2258517.81
solana,2020-07-10,0.8504783390765865,14045120.42,2615952.92
solana,2020-07-11,0.9136373735709605,15112460.37,1871221.38
solana,2020-07-12,0.9215341890095095,15255277.06,1733700.48
solana,2020-07-13,1.0175269375576679,16696748.62,4779890.4
solana,2020-07-14,1.1787532874584385,20428062.24,4064986.86
solana,2020-07-15,1.1483561946452148,19972946.84,2236363.06
solana,2020-07-16,1.2935475055510521,24362181.93,3361791.93
solana,2020-07-17,0.8689184704805727,17274473.46,9296866.06
solana,2020-07-18,0.9818241501710889,20917439.76,11550958.72
solana,2020-07-19,0.9673182706042267,20602905.14,2951092.76
solana,2020-07-20,0.9224383437804942,19624140.86,2231346.89
solana,2020-07-21,0.8730589788162091,18811046.94,3041235.99
solana,2020-07-22,0.9763920314535465,20859692.48,4296502.83
solana,2020-07-23,1.0447246666635182,23288212.44,5381567.01
solana,2020-07-24,1.055806292137335,23621340.97,3051275.67
solana,2020-07-25,0.996204458635239,22240716.38,2030487.65
solana,2020-07-26,1.250866425449966,27986367.37,9847485.82
solana,2020-07-27,1.597026052950196,35745817.79,9916449.45
solana,2020-07-28,1.7769558120449132,41165009.83,34618880.4
solana,2020-07-29,1.7839631352797094,41629008.98,9748575.38
solana,2020-07-30,1.6571919291258759,40210662.87,11129957.58
solana,2020-07-31,1.688418732306239,41117076.72,5611511.03
solana,2020-08-01,1.538097031663773,37711209.17,5087571.12
solana,2020-08-02,1.5331373954293075,37591996.35,4748192.14
solana,2020-08-03,1.7460156741727715,42382004.44,6698349.66
solana,2020-08-04,1.8003636805602121,43879557.43,5778334.69
solana,2020-08-05,1.897307254698148,46368816.31,5584908.27
solana,2020-08-06,1.7611833194175444,43050611.46,5569521.62
solana,2020-08-07,2.2019224919095755,57169342.31,10399801.56
solana,2020-08-08,2.073120413084232,54969359.87,7707429.07
solana,2020-08-09,2.473401784088845,65401183.63,10257501.94
solana,2020-08-10,2.659002831147767,71020175.15,11357917.3
solana,2020-08-11,3.135883738986437,87332088.95,22017721.74
solana,2020-08-12,3.264869117899598,91851887.99,34022534.26
solana,2020-08-13,3.7413879301300477,105458413.83,27350570.77
solana,2020-08-14,3.733675412574768,108874815.27,28936940.78
solana,2020-08-15,3.417497219987532,101662334.18,19041477.06
solana,2020-08-16,3.173195437376957,94560197.4,13945414.89
solana,2020-08-17,3.3852267282077353,101093050.0,10367526.3
solana,2020-08-18,3.103088944314995,95117475.86,11222688.38
solana,2020-08-19,3.331062075226566,103512572.72,29613499.05
solana,2020-08-20,2.8961310680437595,91194729.76,15448650.5
solana,2020-08-21,3.2065025821939535,101186302.29,13595404.01
solana,2020-08-22,2.9331894135899335,92576368.09,12006369.82
solana,2020-08-23,3.0217655955968654,95149797.26,10159244.74
solana,2020-08-24,3.3299340513884106,104838610.42,11705563.48
solana,2020-08-25,3.3397770443341135,105025071.74,15583655.54
solana,2020-08-26,3.2612416074765753,103504610.61,12533596.2
solana,2020-08-27,3.5510669414297205,114219136.45,22112806.02
solana,2020-08-28,3.430616121799528,110491240.22,21498130.29
solana,2020-08-29,4.011416157428157,129651597.86,26740109.12
solana,2020-08-30,3.972282229488827,128816760.88,14534080.23
solana,2020-08-31,4.436663533464179,144468272.84,22083311.98
solana,2020-09-01,4.7944618494720785,157231078.24,19476155.19
solana,2020-09-02,4.304353616338777,144080731.17,16073140.85
solana,2020-09-03,4.176224469342381,137747076.79,23121094.98
solana,2020-09-04,3.5139711518755092,119105104.97,27187766.96
solana,2020-09-05,3.5407174542293283,118962336.47,17857611.37
solana,2020-09-06,2.5951717114056416,87193154.32,25742235.85
solana,2020-09-07,3.087153751704757,103754712.66,18512975.69
solana,2020-09-08,2.906438017628754,99103615.3,15992080.63
solana,2020-09-09,2.4742806348861026,85338829.22,10503232.09
solana,2020-09-10,3.6343703512897685,121438753.72,46180176.27
solana,2020-09-11,3.453090001140051,118759154.83,31817980.38
solana,2020-09-12,3.4462085226704344,121133286.77,16519855.12
solana,2020-09-13,3.3326620873211703,116947704.58,10193775.12
solana,2020-09-14,3.22479831179511,112654349.57,15375145.94
solana,2020-09-15,3.2623912097330243,118721263.47,21853783.61
solana,2020-09-16,2.931693208266334,107150010.95,12635260.0
solana,2020-09-17,2.5494654060917625,94070098.6,24795333.69
solana,2020-09-18,2.919199303305689,107329192.56,21791980.63
solana,2020-09-19,3.084079827098842,115398247.17,22533255.9
solana,2020-09-20,3.0147288973338715,113066182.94,10943760.46
solana,2020-09-21,2.8679582577061704,107485223.21,9294739.74
solana,2020-09-22,2.77366022930038,105132421.83,19270693.97
solana,2020-09-23,2.9402155138255073,110996725.68,18874481.5
solana,2020-09-24,2.8355005874806776,107801479.0,14564763.15
solana,2020-09-25,3.130126407105003,118878878.68,16633162.87
solana,2020-09-26,3.191006049537429,122238331.59,13618464.8
solana,2020-09-27,3.1351452155696546,121477645.4,8801854.28
solana,2020-09-28,3.1659948849500643,124163454.95,7557998.44
solana,2020-09-29,2.9557751507195418,115671366.64,9309539.83
solana,2020-09-30,2.945119038534579,117794737.82,6850416.4
solana,2020-10-01,2.895851723928607,116997169.79,5787535.35
solana,2020-10-02,2.866125781133827,116446343.76,8826242.18
solana,2020-10-03,2.6289039111067782,107373602.62,14212990.24
solana,2020-10-04,2.5536378078057957,104629198.18,5964945.75
solana,2020-10-05,2.522557078453714,104629072.11,7148795.37
solana,2020-10-06,2.652751429083878,109983903.68,8274088.03
solana,2020-10-07,2.174595988147619,90510593.14,12053371.15
solana,2020-10-08,2.290102499091077,96626244.23,14026928.6
solana,2020-10-09,2.3626573108302025,100361073.09,18962028.19
solana,2020-10-10,2.539492735094531,108143705.0,14326709.1
solana,2020-10-11,2.4055686376579755,102263473.33,10183145.72
solana,2020-10-12,2.418105545958514,102599664.11,7287675.81
solana,2020-10-13,2.5835814456344366,109398780.83,15148498.56
solana,2020-10-14,2.402275768916289,104349414.8,13892838.74
solana,2020-10-15,2.3191536796804995,100630989.39,10350998.49
solana,2020-10-16,2.268549825333015,98861299.73,8122715.97
solana,2020-10-17,2.1410969900561,93684534.76,15223420.22
solana,2020-10-18,2.2035632012257804,95604758.79,6335659.68
solana,2020-10-19,2.2119210242084533,96201418.3,5687385.03
solana,2020-10-20,2.056854398926332,89483911.15,8565815.86
solana,2020-10-21,1.8858859870466809,82488167.14,15641566.71
solana,2020-10-22,1.8809689528028195,82144490.26,23297280.72
solana,2020-10-23,1.9538868465951076,86559361.41,13454997.58
solana,2020-10-24,1.9571745339461706,86992250.29,11186213.36
solana,2020-10-25,1.9125348373534423,85097119.42,6919606.69
solana,2020-10-26,1.7910124551194946,80166567.41,9185870.3
solana,2020-10-27,1.6848007548575634,76352252.52,13591649.24
solana,2020-10-28,1.7159415073624318,78379682.65,15297050.6
solana,2020-10-29,1.5185434311695507,69484097.07,15939411.52
solana,2020-10-30,1.4288466908519226,65484559.75,8662606.66
solana,2020-10-31,1.4406457973488311,65971825.09,9349348.87
solana,2020-11-01,1.5355514530581402,70310236.99,6702913.2
solana,2020-11-02,1.600572441974701,73223097.97,7044518.69
solana,2020-11-03,1.4752353298018694,67681588.11,6491093.9
solana,2020-11-04,1.4126356428447633,64789424.24,6668083.61
solana,2020-11-05,1.3933070455135532,64037059.28,13444944.23
solana,2020-11-06,1.4057083583738634,64230247.79,10875990.98
solana,2020-11-07,1.9259691495315499,88646989.63,29260208.08
solana,2020-11-08,2.032391502844419,94477844.76,69505254.93
solana,2020-11-09,2.155344889638131,99153483.96,35274009.49
solana,2020-11-10,2.0285116039511935,92911864.56,23430879.83
solana,2020-11-11,2.252786688117921,104439762.47,17683772.99
solana,2020-11-12,2.000194697094851,91842384.43,17995064.28
solana,2020-11-13,1.896790484098796,86929582.54,14316052.7
solana,2020-11-14,2.017595353872823,92395446.4,10853681.1
solana,2020-11-15,1.9198208087780548,88345125.42,7480703.34
solana,2020-11-16,2.0406791308120753,93688716.0,17895366.81
solana,2020-11-17,2.2623589978442378,103751002.09,20610242.32
solana,2020-11-18,2.197190778740227,101161954.41,15969353.06
solana,2020-11-19,2.117886192370405,97122156.75,13848265.66
solana,2020-11-20,2.070684202084601,95016544.58,9316529.25
solana,2020-11-21,2.099258903106589,96699115.09,10371769.86
solana,2020-11-22,2.381429683264949,109103139.9,25366504.82
solana,2020-11-23,2.151813535476351,99643753.25,20574885.27
solana,2020-11-24,2.273388487038822,104405683.74,18928875.4
solana,2020-11-25,2.2599141412129526,103371313.29,32072469.88
solana,2020-11-26,2.2646129983306857,103929950.41,31314180.5
solana,2020-11-27,1.9019050448221404,87261948.46,41413742.5
solana,2020-11-28,1.8592629872719064,85368717.63,16043158.4
solana,2020-11-29,1.8903759559939506,86876340.86,13543976.25
solana,2020-11-30,1.9133429784467306,87979239.42,7475716.69
solana,2020-12-01,1.9652469851002097,90930509.96,10302108.66
solana,2020-12-02,1.9821155844306726,91819218.15,15857429.67
solana,2020-12-03,2.1173819608613713,98158810.33,20110298.14
solana,2020-12-04,2.0967513186152114,97007192.42,26145331.3
solana,2020-12-05,1.858485553374542,86302542.38,12376166.94
solana,2020-12-06,1.9786603345404,91469353.59,10627298.67
solana,2020-12-07,1.851301551500301,85608059.74,10598081.57
solana,2020-12-08,1.8306335885715757,84695936.98,10468359.69
solana,2020-12-09,1.6703686172523906,77643530.78,17112369.53
solana,2020-12-10,1.664937350328642,77258533.72,16742998.45
solana,2020-12-11,1.5765078909674242,73019479.91,9081181.44
solana,2020-12-12,1.4496692801969542,67063074.53,10757763.65
solana,2020-12-13,1.4908497129487033,68998005.96,9176582.19
solana,2020-12-14,1.5665711036119,72368450.62,10831419.62
solana,2020-12-15,1.5904572145316247,74144495.07,10852348.24
solana,2020-12-16,1.7529676467046862,80958321.3,25707468.39
solana,2020-12-17,1.779209478837656,82697026.71,20667383.03
solana,2020-12-18,1.677764317256101,77962145.67,19771583.13
solana,2020-12-19,1.6997785608559872,79098065.29,9944183.27
solana,2020-12-20,1.6683085585940913,77655684.26,11133539.43
solana,2020-12-21,1.5633483514359,72790529.4,11294828.8
solana,2020-12-22,1.5434205371433634,71954471.53,10231076.96
solana,2020-12-23,1.4928837701687971,69532641.54,14598569.96
solana,2020-12-24,1.206243024482621,56718890.09,21811152.39
solana,2020-12-25,1.3634590117032817,63270395.1,11669615.74
solana,2020-12-26,1.4458848057739127,67364923.8,11302457.9
solana,2020-12-27,1.3282607978532563,61824850.92,8569139.63
solana,2020-12-28,1.3065401279822344,61706533.09,15721103.75
solana,2020-12-29,1.5191282501080419,70774348.24,16248544.1
solana,2020-12-30,1.6760685346336837,78352281.8,34126955.31
solana,2020-12-31,1.5378390877377932,71585859.27,16897738.27
solana,2021-01-01,1.5158074963117758,69766796.85,17111375.74
solana,2021-01-02,1.8411408764785613,86318139.66,32991393.1
solana,2021-01-03,1.802628913180411,84086466.4,41366106.07
solana,2021-01-04,2.14770799035378,99775343.81,71243785.08
solana,2021-01-05,2.4217846067950366,111799126.97,74768826.61
solana,2021-01-06,2.1618689571522256,100329573.09,65041612.89
solana,2021-01-07,1.9231854639663055,89806036.83,66770224.86
solana,2021-01-08,2.3674092848829695,617487734.82,219251174.22
solana,2021-01-09,3.2344821232005927,832993617.41,286755149.11
solana,2021-01-10,3.3885883690214627,895647361.51,120168621.42
solana,2021-01-11,3.4737322317991124,912330458.12,80904486.74
solana,2021-01-12,3.1076274895234994,817258464.27,106045335.59
solana,2021-01-13,3.58676467736862,938493137.52,97551374.06
solana,2021-01-14,3.520762208941768,921726565.26,75016318.35
solana,2021-01-15,3.2781934892090505,859145982.56,76404702.34
solana,2021-01-16,3.2557793953909067,854734765.16,58075508.18
solana,2021-01-17,3.451865500376336,904006570.03,99803415.71
solana,2021-01-18,3.81598415593309,1017470477.78,93623327.6
solana,2021-01-19,3.7751466399459668,987108914.55,92855359.64
solana,2021-01-20,3.641431311969665,953132372.62,70082464.79
solana,2021-01-21,3.729115837327082,973442831.79,58455688.05
solana,2021-01-22,2.9988114745903562,786986237.35,56210951.53
solana,2021-01-23,3.341360079142882,870802220.87,78912922.71
solana,2021-01-24,3.5015683031312848,910358037.38,34563933.46
solana,2021-01-25,3.63170707484897,946423915.38,39857016.49
solana,2021-01-26,3.7139996330041947,970376773.8,102071940.74
solana,2021-01-27,4.032884053809296,1054703273.41,99915130.85
solana,2021-01-28,3.699511535159664,965216149.59,41769652.74
solana,2021-01-29,3.817402068465168,994404569.14,39406683.91
solana,2021-01-30,3.8643485930849732,1011832935.61,56780983.12
solana,2021-01-31,4.233485772671465,1099976702.02,67081650.44
solana,2021-02-01,4.263968588843047,1108554251.46,97446415.86
solana,2021-02-02,4.594574802707021,1181003688.15,46965792.23
solana,2021-02-03,5.257321084771443,1375270992.69,123805679.79
solana,2021-02-04,5.721470793794539,1486424501.25,94154842.87
solana,2021-02-05,6.41624673360909,1677733734.38,136705073.21
solana,2021-02-06,6.706647732382283,1732564478.95,122560651.24
solana,2021-02-07,6.117657911972685,1614662623.63,134130068.37
solana,2021-02-08,6.657339688114339,1741080410.4,133124403.5
solana,2021-02-09,7.908749783879188,2067531944.13,198992540.38
solana,2021-02-10,7.84013833144138,2066515667.73,155211915.62
solana,2021-02-11,9.021720125352658,2347978417.78,151648521.93
solana,2021-02-12,9.200179305161805,2396719732.17,201126010.15
solana,2021-02-13,9.228804888243197,2426763287.31,114926769.56
solana,2021-02-14,8.713969623823095,2299907027.72,116673415.16
solana,2021-02-15,8.727632198363525,2299584697.08,111434979.06
solana,2021-02-16,8.847305421008814,2319301370.9,109980858.19
solana,2021-02-17,8.30280602969779,2184260799.96,72282574.14
solana,2021-02-18,8.231931006463842,2173930631.14,95778536.21
solana,2021-02-19,9.01266263252076,2375754523.61,93285838.88
solana,2021-02-20,11.440869401894185,2993685734.11,337882476.36
solana,2021-02-21,10.044733825464117,2615417098.02,151686888.4
solana,2021-02-22,11.113402936910099,2943199329.55,185663015.64
solana,2021-02-23,14.423730533387301,3751426598.92,745502104.78
solana,2021-02-24,15.15827794507358,4014384609.49,1244332504.04
solana,2021-02-25,17.471803640467495,4630153132.81,653765450.52
solana,2021-02-26,13.811009065584933,3670715311.02,528005152.61
solana,2021-02-27,13.668935958977311,3630663218.35,439215087.79
solana,2021-02-28,13.310965118755187,3502097092.03,331645301.9
solana,2021-03-01,13.030769065831386,3482110143.45,388225411.01
solana,2021-03-02,15.030085685643074,3973508157.32,392440888.4
solana,2021-03-03,14.010086254280449,3703367097.58,225140396.16
solana,2021-03-04,14.131003508942642,3742765612.84,196774080.84
solana,2021-03-05,13.115024093723461,3465889173.0,147658517.89
solana,2021-03-06,12.63107017877297,3328224948.52,114430118.94
solana,2021-03-07,13.068095512982284,3455484976.18,151724548.43
solana,2021-03-08,13.917187045269639,3683032789.58,176392184.75
solana,2021-03-09,13.640225836910282,3627821384.3,135033736.39
solana,2021-03-10,14.866607085296575,3948666694.26,167995189.73
solana,2021-03-11,14.233539653620891,3801048410.64,146460475.44
solana,2021-03-12,15.976571418630938,4251534865.37,296645197.9
solana,2021-03-13,14.598623129754035,3904039878.02,234666311.89
solana,2021-03-14,15.318478663846857,4102822643.23,187955914.46
solana,2021-03-15,14.567314052136112,3914890622.84,111823964.28
solana,2021-03-16,14.163365885178607,3802503168.32,133187836.16
solana,2021-03-17,13.689313740219452,3652666107.39,144943707.17
solana,2021-03-18,14.277756264275158,3813907144.36,118128026.42
solana,2021-03-19,14.26867567597296,3818502582.11,98337016.85
solana,2021-03-20,14.182866696542028,3784530964.2,86842533.96
solana,2021-03-21,14.275804030345455,3827195162.45,86343402.4
solana,2021-03-22,14.306229754951788,3820743747.18,79484161.87
solana,2021-03-23,14.870337482227853,3996883816.29,326592283.76
solana,2021-03-24,14.194567786228824,3797038254.77,133887151.9
solana,2021-03-25,13.60393816401807,3673111725.43,147906709.02
solana,2021-03-26,12.964522758314372,3458196577.61,143844943.83
solana,2021-03-27,14.749054072098563,3952457817.83,183730696.64
solana,2021-03-28,16.56643725364522,4447942286.04,282806957.31
solana,2021-03-29,18.008069673329885,4849136131.61,534850426.56
solana,2021-03-30,18.884890865843666,5060496028.96,266282434.71
solana,2021-03-31,19.175755751876615,5140859722.05,320692680.34
solana,2021-04-01,19.48663194355817,5229172252.45,255371895.73
solana,2021-04-02,19.05545051591954,5115358904.4,213522852.92
solana,2021-04-03,19.73831924627352,5287278539.19,162070984.46
solana,2021-04-04,22.598963045163597,6076766593.93,600716419.57
solana,2021-04-05,24.02282911560326,6459213598.52,536246712.9
solana,2021-04-06,22.942985835974703,6143755028.53,324307982.05
solana,2021-04-07,24.989549183579577,6677871480.25,404116807.87
solana,2021-04-08,26.674732954277772,7244692415.79,714313720.05
solana,2021-04-09,27.00514637240972,7238834909.9,445724093.11
solana,2021-04-10,27.784698122914115,7509326042.82,351754156.43
solana,2021-04-11,26.833966062021243,7243681262.23,340108404.22
solana,2021-04-12,27.817769827309405,7504132255.22,293810895.93
solana,2021-04-13,28.523980512399998,7668557969.18,388174413.34
solana,2021-04-14,27.569507268014537,7477651408.25,327658007.72
solana,2021-04-15,26.451516360520532,7124964901.17,425296729.17
solana,2021-04-16,27.82949194313198,7510746946.81,267944999.87
solana,2021-04-17,25.280265043287386,6847726667.99,294302057.27
solana,2021-04-18,25.01097915337799,6763365116.21,259794445.97
solana,2021-04-19,32.43000666656829,8839759827.8,1456340755.97
solana,2021-04-20,31.72514830005086,8636876765.15,1138689654.53
solana,2021-04-21,31.687792724714733,8638723481.26,982110136.36
solana,2021-04-22,32.31362189326206,8840620046.28,916541281.58
solana,2021-04-23,39.04180159309067,10546870753.41,1619297323.14
solana,2021-04-24,37.066889704359156,10009570403.27,2170847454.24
solana,2021-04-25,40.74492271990316,11122055713.49,1508721736.12
solana,2021-04-26,47.66158942345178,12948847195.89,2115947832.91
solana,2021-04-27,44.4964806617465,12053853291.96,1808647601.29
solana,2021-04-28,43.21796539788754,11730117463.91,889450121.3
solana,2021-04-29,45.039620110247284,12162250490.15,1328456957.45
solana,2021-04-30,42.5819452001649,11521025311.46,1007552489.88
solana,2021-05-01,42.995296352215185,11625206342.89,715484397.66
solana,2021-05-02,49.663394135648275,13505629296.65,1107804038.46
solana,2021-05-03,46.93452854649153,12731441940.85,736253572.4
solana,2021-05-04,46.08780894588962,12596937422.59,754315146.46
solana,2021-05-05,42.70189409565587,11695753640.92,850967614.89
solana,2021-05-06,44.893093488124,12196654588.94,632988283.99
solana,2021-05-07,43.43782697098598,11848638343.1,496643551.4
solana,2021-05-08,43.072134333542394,11736620149.52,628075167.8
solana,2021-05-09,45.68567329638394,12483159691.85,565022391.07
solana,2021-05-10,44.35912616018185,12070625546.33,631361237.65
solana,2021-05-11,42.96048600238864,11724389834.31,610750904.6
solana,2021-05-12,44.72439581889054,12215743859.12,587946571.63
solana,2021-05-13,43.62157836926913,12440648899.35,1387803968.47
solana,2021-05-14,41.109968983538224,11096669650.83,1273761712.57
solana,2021-05-15,42.87180002955891,11689352286.17,536552649.64
solana,2021-05-16,43.46242757015506,11799908298.85,617414124.12
solana,2021-05-17,47.17666783643097,12808567896.88,2249695072.22
solana,2021-05-18,46.861759616729216,12904194705.37,2104910795.05
solana,2021-05-19,56.202009029292114,15371663655.59,2063395663.24
solana,2021-05-20,35.758844160586776,9921711894.08,2921072601.01
solana,2021-05-21,44.52570262534382,12171270499.16,2519340039.67
solana,2021-05-22,38.43160144697336,10430110171.3,1807465387.13
solana,2021-05-23,31.614601894528402,8668570148.2,1134738458.85
solana,2021-05-24,24.76763979126399,6741153859.71,1988074629.75
solana,2021-05-25,30.98546737051786,8456340961.64,1351443455.14
solana,2021-05-26,30.00644952590393,8200361459.25,934610971.72
solana,2021-05-27,35.65025364482327,9637728345.15,1118628986.92
solana,2021-05-28,33.659342590355116,9223068939.87,662066528.44
solana,2021-05-29,29.021948393257702,7915741496.51,624114420.05
solana,2021-05-30,27.55720416292785,7555682949.62,402043440.14
solana,2021-05-31,28.562287426658674,7786190305.54,385506550.29
solana,2021-06-01,32.66212259787656,8921358871.64,556481220.86
solana,2021-06-02,30.985238146398338,8466375153.86,451120119.87
solana,2021-06-03,34.18804885530961,9317118424.38,526537332.91
solana,2021-06-04,39.70667545056023,10988660955.93,1003176056.37
solana,2021-06-05,37.59916221822976,10271428908.07,1090388198.69
solana,2021-06-06,39.340010888406205,10611364493.46,1151594281.25
solana,2021-06-07,42.2598870528484,11508207254.49,825017874.73
solana,2021-06-08,38.19473236980912,10637505878.18,942584607.21
solana,2021-06-09,41.41714832962446,11375166576.68,1825252143.25
solana,2021-06-10,42.07765252553618,11544497584.21,1272173444.95
solana,2021-06-11,41.205960702125125,11231058225.87,624242377.73
solana,2021-06-12,36.09038097242029,9831892846.26,558803764.84
solana,2021-06-13,36.568375266883066,10095207879.65,584578781.82
solana,2021-06-14,38.820386099134,10521989454.93,488535747.53
solana,2021-06-15,39.64405780180996,10808680336.53,564059144.82
solana,2021-06-16,39.699499977153316,10852976029.83,508646352.89
solana,2021-06-17,39.54766089054998,10781816203.27,636535388.39
solana,2021-06-18,39.32721784794218,10638298323.85,472927528.3
solana,2021-06-19,36.624102572520556,10008182630.91,481564015.61
solana,2021-06-20,35.26048477919641,9621683962.87,302280531.2
solana,2021-06-21,35.284274899376165,9611623563.11,507507928.95
solana,2021-06-22,26.59538136949911,7439425733.84,836901347.22
solana,2021-06-23,26.729201466247304,7157859824.73,1371341088.68
solana,2021-06-24,30.879003728161678,8377496849.57,1203441656.81
solana,2021-06-25,31.44053281154812,8585542319.49,732654201.74
solana,2021-06-26,29.23725923358748,7985242401.77,737663786.94
solana,2021-06-27,29.374776218716168,7914659494.03,639618006.14
solana,2021-06-28,31.67466281145659,8602431238.5,572104299.64
solana,2021-06-29,33.114180869076236,9040653316.66,674515112.39
solana,2021-06-30,33.92293267730953,9355893411.03,645572532.23
solana,2021-07-01,35.83440251659123,9784660089.64,791091273.17
solana,2021-07-02,33.55617113324256,9145093164.97,663491276.67
solana,2021-07-03,33.95890784245649,9219660440.8,607351754.66
solana,2021-07-04,34.46550620541941,9395489549.38,462037406.36
solana,2021-07-05,34.4488487549447,9396692749.04,424937662.01
solana,2021-07-06,33.120055451168234,9033978686.4,436664234.54
solana,2021-07-07,34.291237666647795,9343669279.58,499801292.47
solana,2021-07-08,36.657274540397,9995196544.25,727575218.17
solana,2021-07-09,33.51414390083529,9137574846.55,691932146.21
solana,2021-07-10,33.5318526308046,9138440436.83,454190333.14
solana,2021-07-11,31.939202343364617,8716478997.83,415853889.12
solana,2021-07-12,32.12329223606849,8760359617.47,296169725.63
solana,2021-07-13,30.95347402705691,8429306463.2,312330343.19
solana,2021-07-14,29.16206823389161,7953342249.0,270392426.08
solana,2021-07-15,31.23600101808439,8488446183.43,474454643.51
solana,2021-07-16,28.323537434952385,7712932810.68,469048384.99
solana,2021-07-17,26.26323282766065,7168957057.32,372119879.07
solana,2021-07-18,26.79168755465958,7314497718.9,292646432.69
solana,2021-07-19,26.893938948659173,7331794881.76,227071207.72
solana,2021-07-20,24.816200542365436,6774142705.92,370348465.21
solana,2021-07-21,23.858446096960066,6500208589.08,422162867.93
solana,2021-07-22,26.672396972929985,7243897344.25,573149420.44
solana,2021-07-23,27.762978035532324,7561860534.4,375801784.21
solana,2021-07-24,28.37606777419007,7713349030.47,407425804.48
solana,2021-07-25,28.590333033238007,7794117620.74,363380694.23
solana,2021-07-26,28.318817766435266,7718142916.95,316495335.59
solana,2021-07-27,28.096697946304417,7706970297.48,755245025.25
solana,2021-07-28,27.951131012641863,7591579830.6,375190958.36
solana,2021-07-29,27.871801252229435,7595729558.87,324323976.87
solana,2021-07-30,31.41657633388534,8603692851.65,490243888.02
solana,2021-07-31,32.252691819301624,8782089188.68,673479026.41
solana,2021-08-01,36.24876035531609,9870964496.72,614044704.38
solana,2021-08-02,34.17251166927062,9272656715.86,548581372.5
solana,2021-08-03,33.27511835038949,9090469010.82,463809054.22
solana,2021-08-04,34.3401202664068,9368039157.99,535386826.38
solana,2021-08-05,35.90548260385135,9803376070.0,453652890.78
solana,2021-08-06,37.47983512479931,10217649265.25,642276103.4
solana,2021-08-07,39.53990291552664,10788517295.6,634966886.34
solana,2021-08-08,39.38262634342374,10716940358.78,567721952.73
solana,2021-08-09,37.66581962149719,10274392698.31,387950835.59
solana,2021-08-10,38.76250121094557,10540000830.33,392755194.37
solana,2021-08-11,40.66298980944724,11060502356.76,512007043.4
solana,2021-08-12,41.79949265382151,11911671445.97,518467624.07
solana,2021-08-13,41.19014957214054,11719191265.46,501994574.0
solana,2021-08-14,44.69284014294085,12659136195.43,536710066.67
solana,2021-08-15,44.06280236603161,12632010978.83,375775175.25
solana,2021-08-16,53.67834815759493,15290073919.01,1453940559.43
solana,2021-08-17,62.27708029189766,18474853367.37,3744578512.78
solana,2021-08-18,64.30343710651606,18770890602.31,4071432568.05
solana,2021-08-19,74.0048019564342,21274810508.66,4552452964.34
solana,2021-08-20,73.04851676946942,20809209324.24,2751968421.56
solana,2021-08-21,78.44870433277,22425622491.82,1816393865.85
solana,2021-08-22,74.21792558317044,21281170312.31,1502846889.74
solana,2021-08-23,73.12559205921369,20991469522.09,1004789455.2
solana,2021-08-24,75.97033641124439,22022469783.78,1376624102.19
solana,2021-08-25,71.21280823557079,20724670218.18,1645439131.94
solana,2021-08-26,71.5109402153286,20802776475.04,1460931375.13
solana,2021-08-27,76.11361963601048,22227352877.22,2687938993.54
solana,2021-08-28,87.96820731391372,25629594571.27,3193853129.58
solana,2021-08-29,97.06666833226845,28329094352.27,2343520709.06
solana,2021-08-30,94.00977412300858,27304152716.89,1619244457.98
solana,2021-08-31,109.6467328393857,31920673369.63,4827155957.58
solana,2021-09-01,108.70637640163673,31632430274.41,7097442296.83
solana,2021-09-02,110.81781609465583,32218252304.33,3649705606.85
solana,2021-09-03,128.67418646306453,37338512656.09,4623249675.44
solana,2021-09-04,146.35759448244343,42571321335.87,6871215127.9
solana,2021-09-05,139.59408991633026,40720531105.92,3607645007.29
solana,2021-09-06,142.13561416692806,41412015757.63,2711248607.01
solana,2021-09-07,164.56092375980077,47904979408.23,5245858966.57
solana,2021-09-08,173.31109531018657,51322390022.25,16149087501.3
solana,2021-09-09,189.3444533132092,55627271034.28,12034756697.74
solana,2021-09-10,188.2759415810392,55264334912.29,12182432665.18
solana,2021-09-11,178.31957000068277,52325632036.02,6992113162.71
solana,2021-09-12,177.94240190335438,52220905554.68,5327211599.24
solana,2021-09-13,174.88132072034375,51473851354.05,3006790022.73
solana,2021-09-14,169.277346931387,49653193581.09,6270536793.44
solana,2021-09-15,157.37799350381528,46493824080.66,5484253084.15
solana,2021-09-16,158.59633983839294,46994383928.49,3973589945.0
solana,2021-09-17,151.94834110204062,45094080634.84,3163024291.19
solana,2021-09-18,147.58433443491424,43906621684.0,4637329446.06
solana,2021-09-19,170.10982401213687,50565779823.43,5288896343.37
solana,2021-09-20,153.326441718045,45589411995.18,3442771809.93
solana,2021-09-21,133.36872474347524,39478971644.3,5652873068.78
solana,2021-09-22,122.69238861731206,36248052948.59,5306957386.52
solana,2021-09-23,148.3293541912427,44125796474.82,4912176158.17
solana,2021-09-24,150.3896531797567,44686382478.56,3353529940.51
solana,2021-09-25,139.31414597542954,41548029058.16,3863693217.85
solana,2021-09-26,136.8354526288871,40572796552.98,2059643190.93
solana,2021-09-27,135.79593311002097,40356234736.38,2683407146.31
solana,2021-09-28,136.25952148124458,40533909717.2,2989640865.29
solana,2021-09-29,130.60489190775277,39030320223.36,2409481752.98
solana,2021-09-30,135.27916281520976,40196990252.3,2423220767.18
solana,2021-10-01,141.1837464924982,42018890336.79,2213933967.64
solana,2021-10-02,161.3740294980268,47883980396.73,4217104529.36
solana,2021-10-03,169.20884384676515,50355827427.97,3290801786.05
solana,2021-10-04,172.855870204067,51567116629.13,2990394711.97
solana,2021-10-05,167.8779097499281,50072719494.08,3108612675.2
solana,2021-10-06,164.36927639016088,49008643389.99,2550034958.93
solana,2021-10-07,154.09462360903782,46002942256.34,3216047716.75
solana,2021-10-08,154.25988506624046,46145608847.86,2469488735.06
solana,2021-10-09,158.91461108327633,47345863609.85,2714913213.2
solana,2021-10-10,157.3354214402797,47177850270.15,1421850535.65
solana,2021-10-11,147.69627281665322,44343249688.31,1495896606.83
solana,2021-10-12,144.85910794492872,43203031420.33,1718475615.25
solana,2021-10-13,152.00078829875227,45622740431.64,2766260744.01
solana,2021-10-14,148.39205395880688,44499473671.89,1975667394.42
solana,2021-10-15,150.09136322362892,45052609321.75,1912976981.96
solana,2021-10-16,162.9821748166483,48823858407.19,3892259612.83
solana,2021-10-17,158.27370286236626,47599650302.31,1481556354.01
solana,2021-10-18,159.86349202431006,47919023512.04,2132944251.54
solana,2021-10-19,157.37532489090881,47243856329.81,1619036320.36
solana,2021-10-20,156.39068064885493,46992561227.94,1345983825.33
solana,2021-10-21,175.60195629220317,52336972845.39,3069126856.4
solana,2021-10-22,189.05931890382809,56745796681.76,6298926456.01
solana,2021-10-23,197.83389968834183,59570438795.93,6789555146.64
solana,2021-10-24,198.30695225047282,59635176948.86,2951218516.18
solana,2021-10-25,203.16528895289179,60949072513.09,3114589452.21
solana,2021-10-26,211.19080150794161,63765586638.27,4469234352.35
solana,2021-10-27,199.75011389046043,60474514072.54,3052799572.79
solana,2021-10-28,183.54274956995576,55282416869.14,4812686988.41
solana,2021-10-29,195.08625966302498,58664473682.87,3385641009.22
solana,2021-10-30,199.7845325480303,60296944148.16,2703331790.53
solana,2021-10-31,193.33785373845146,58207049317.82,1651079244.15
solana,2021-11-01,202.39144718715852,61090424896.04,2508960378.25
solana,2021-11-02,203.81420779167425,61206174446.07,3098391561.7
solana,2021-11-03,220.65381148740764,65196157014.88,2953101041.25
solana,2021-11-04,242.04614187434888,72820184828.91,5949095156.1
solana,2021-11-05,249.06288567609292,74509034095.49,4457165321.35
solana,2021-11-06,237.88946143331174,71642292583.51,2814464970.69
solana,2021-11-07,259.23955828664066,77427308372.13,3906155465.66
solana,2021-11-08,250.36479323196647,75738472890.53,2644011982.25
solana,2021-11-09,248.8224986641578,75445282061.28,3223918132.66
solana,2021-11-10,239.42042668071062,72453801809.52,2681222975.33
solana,2021-11-11,233.07366976619127,70391383039.3,3800891475.94
solana,2021-11-12,234.8643324134869,71231238187.66,2618456168.35
solana,2021-11-13,229.39855731141944,69321107450.58,2941595137.28
solana,2021-11-14,241.33480045995515,72948327032.42,2171331102.08
solana,2021-11-15,239.51447253719712,72218517508.24,1611356876.88
solana,2021-11-16,238.76462750446106,72198022029.53,2359326721.66
solana,2021-11-17,220.09764163324894,66832143637.96,3508776790.45
solana,2021-11-18,219.10555534624334,66086823807.62,2879294187.48
solana,2021-11-19,195.0785065693146,59087558120.59,3731836544.93
solana,2021-11-20,215.83494421153327,65296328677.1,3291840770.39
solana,2021-11-21,218.32939968667216,66281609248.12,1870041532.11
solana,2021-11-22,232.44114562844396,71043502688.01,2555181056.26
solana,2021-11-23,216.39900684614148,65724676692.44,3174537421.98
solana,2021-11-24,222.09815823221743,67490798261.19,2144049180.22
solana,2021-11-25,205.54865275061945,62457339767.63,2339653646.05
solana,2021-11-26,209.79215190984442,63900196618.39,2227843775.42
solana,2021-11-27,192.14742617788187,58390912497.67,3216471568.34
solana,2021-11-28,192.13619982447634,58410646819.22,1351630152.31
solana,2021-11-29,200.46141949418416,61094490229.68,1935383257.03
solana,2021-11-30,204.35042327956776,62325150548.7,2007398408.76
solana,2021-12-01,208.705589094445,63510180677.9,2697160307.74
solana,2021-12-02,229.4487239706693,70172175382.71,3392086055.24
solana,2021-12-03,232.57222783967566,71252377813.81,3994513448.87
solana,2021-12-04,212.13388531266622,65135413411.06,3755641183.17
solana,2021-12-05,200.94131044922477,61293686195.47,5616789175.45
solana,2021-12-06,196.56894708665507,59802410642.48,3228917298.93
solana,2021-12-07,193.89173190285274,59370079864.69,3396199570.3
solana,2021-12-08,190.37257114243482,58418632345.76,2433284110.29
solana,2021-12-09,194.30116864643182,59595483461.43,2194875795.14
solana,2021-12-10,181.75158018469773,56181625087.34,1858809298.64
solana,2021-12-11,169.46107045067666,52395376111.98,1946102466.46
solana,2021-12-12,171.84456471947678,52819332275.02,1791152660.69
solana,2021-12-13,173.73511343008292,53334889635.76,1094395903.42
solana,2021-12-14,155.08489768608015,47995350984.27,2372386156.3
solana,2021-12-15,161.06018556882867,49398872819.44,2156901491.54
solana,2021-12-16,178.2619337658359,54610048507.25,3458991299.16
solana,2021-12-17,176.80558474391322,54368442494.99,2454635867.47
solana,2021-12-18,175.79063841353098,54006293233.1,2355530732.26
solana,2021-12-19,182.9705669569821,56393839315.25,1440763837.45
solana,2021-12-20,179.93839883526266,55790507174.07,1441246078.16
solana,2021-12-21,174.37115871651199,54061922630.24,1718453799.12
solana,2021-12-22,180.12601919521373,55570757138.29,1539489579.12
solana,2021-12-23,178.57398150636655,55058052155.04,1635078520.7
solana,2021-12-24,190.51215929842786,58709806077.21,1932687191.41
solana,2021-12-25,190.4403687480951,58852086815.42,1997417409.14
solana,2021-12-26,193.28925387578548,59797071721.91,1257985154.98
solana,2021-12-27,198.19740128641658,61198787207.68,1747475952.81
solana,2021-12-28,196.0391793952204,60810349839.61,1631730024.33
solana,2021-12-29,178.29769922040717,55425780679.25,2541804765.84
solana,2021-12-30,171.27231463236643,52726687301.09,1935535240.37
solana,2021-12-31,172.50889438021562,53261290659.87,1379259729.5
solana,2022-01-01,170.1966082645718,52907181305.51,1380634374.48
solana,2022-01-02,178.88879762342907,55089640249.1,960138212.53
solana,2022-01-03,176.32149989503122,54604426218.59,846802662.9
solana,2022-01-04,170.57083886740085,52886550470.82,1152100392.33
solana,2022-01-05,168.0394848714517,52272480718.14,1361207424.18
solana,2022-01-06,155.71670664692078,48184360964.12,1980976064.66
solana,2022-01-07,150.72362465772903,46854691785.82,1922945442.81
solana,2022-01-08,136.6133086353095,42610750948.6,2713161094.78
solana,2022-01-09,142.37691491093904,44680435604.26,2495097582.92
solana,2022-01-10,140.97069019412947,43844556062.79,1383486991.27
solana,2022-01-11,135.98215275078118,42320546842.2,1797340432.33
solana,2022-01-12,140.2633692449685,43823867475.83,1407732234.4
solana,2022-01-13,151.92225384391546,47534063482.96,2048461630.2
solana,2022-01-14,146.8991625118502,45924153329.21,1972169296.58
solana,2022-01-15,146.31283636345285,45849250868.07,1627092109.77
solana,2022-01-16,147.70351003866236,46337099650.87,1003160676.71
solana,2022-01-17,147.94236767494985,46450557289.27,1064526626.29
solana,2022-01-18,140.0483723855377,44032309573.93,1342939698.3
solana,2022-01-19,141.634144063378,44575080930.62,1327500384.03
solana,2022-01-20,135.5936205367398,42848572759.5,1310094891.48
solana,2022-01-21,128.56948450207307,40727678847.05,1371674053.22
solana,2022-01-22,111.77542786353777,35070043876.87,3853056390.37
solana,2022-01-23,94.51541078123918,29665575896.05,4095835932.64
solana,2022-01-24,99.69162217459098,31290905178.53,2611991894.54
solana,2022-01-25,91.91541131637003,28909954628.24,4359827042.56
solana,2022-01-26,95.09282864333939,30084800205.78,2614011846.2
solana,2022-01-27,92.24801292004712,29243771848.31,2847753595.49
solana,2022-01-28,89.60158614183815,28179557560.87,2421524797.07
solana,2022-01-29,91.42580267920562,28786945733.93,1882874786.69
solana,2022-01-30,96.17869128153504,30216232718.88,1478946858.36
solana,2022-01-31,93.40252902879779,29427732656.73,941974724.43
solana,2022-02-01,99.88984753621435,31354693276.84,1715569710.53
solana,2022-02-02,110.12732330616494,34784263657.23,3097993266.65
solana,2022-02-03,101.8292164519742,31975373921.89,2979450302.62
solana,2022-02-04,100.87832034717168,31833368519.65,2283972523.61
solana,2022-02-05,112.48079518340074,35127905584.9,2844877285.59
solana,2022-02-06,114.33315412383556,36087037718.41,2104149883.57
solana,2022-02-07,115.2834781341491,36521264719.12,1281443040.6
solana,2022-02-08,117.67187313780884,37305112916.67,2230152722.52
solana,2022-02-09,113.69745549618692,36125330680.25,2354525277.71
solana,2022-02-10,114.34358742446604,36294064610.28,1634212051.37
solana,2022-02-11,106.41810262178213,33826915836.73,1963719800.26
solana,2022-02-12,96.46324431285534,30597070580.09,1738208639.15
solana,2022-02-13,95.70003429059713,30347618773.26,1336515340.14
solana,2022-02-14,93.36714504855237,29672733160.8,910049119.24
solana,2022-02-15,96.44224243421378,30784741416.88,1364915626.66
solana,2022-02-16,104.85069673096622,33579862333.6,1630619496.2
solana,2022-02-17,101.95613259465958,32707737720.15,1473078677.12
solana,2022-02-18,93.4045235835354,29918359231.26,1463178693.38
solana,2022-02-19,90.10899056118771,28828455911.83,1290677352.64
solana,2022-02-20,91.60559213966147,29209068299.47,836883423.91
solana,2022-02-21,90.80316641928688,29261491189.69,1428521632.33
solana,2022-02-22,83.14387140523519,26727888651.41,2247461489.96
solana,2022-02-23,86.57269722666857,27744256745.69,1577877587.24
solana,2022-02-24,85.26903088293193,27294663661.65,1761310724.44
solana,2022-02-25,89.05132726925892,28497445445.31,4075674086.53
solana,2022-02-26,92.73641556746163,29919961866.35,2417499269.8
solana,2022-02-27,90.10798522206623,28767659413.53,1316252928.33
solana,2022-02-28,85.56819666616444,27360038516.31,1559328417.42
solana,2022-03-01,99.57917400308274,31846087892.83,2674553479.22
solana,2022-03-02,98.75845247572444,31569373571.97,2476563020.45
solana,2022-03-03,100.78986523175992,32379126078.84,2951039198.75
solana,2022-03-04,95.55882629437178,30435232238.2,1795535826.56
solana,2022-03-05,88.2451628518882,28319787092.93,2029343357.15
solana,2022-03-06,89.78895188514215,28439402258.61,1164108659.27
solana,2022-03-07,84.63923583859497,26835926882.35,1139246888.33
solana,2022-03-08,82.06724918865827,26300808792.83,1884457926.9
solana,2022-03-09,82.25360674455618,26425486647.52,1704061421.17
solana,2022-03-10,88.185052838507,28509710713.36,2082131364.04
solana,2022-03-11,83.02500801904657,26526485356.29,1706781764.38
solana,2022-03-12,80.69121367419427,26163052143.36,1382838751.1
solana,2022-03-13,81.60999773356421,26366084285.17,776192786.12
solana,2022-03-14,78.99818199674436,25452866391.04,949636517.69
solana,2022-03-15,81.16870194524185,26140341333.77,1317770720.47
solana,2022-03-16,82.94439063872372,26592730954.19,1247125823.15
solana,2022-03-17,87.84993508447106,27984951680.55,1872435776.02
solana,2022-03-18,87.96768776096062,28483849999.65,1939375410.17
solana,2022-03-19,89.90595375292516,28795996368.62,2216690010.24
solana,2022-03-20,92.40408532356939,29598406487.05,1493437229.12
solana,2022-03-21,88.59618802144291,28394223139.82,954767656.03
solana,2022-03-22,88.7701729513472,28382479439.33,1145750669.04
solana,2022-03-23,90.50413587116581,29048148956.1,1405727754.23
solana,2022-03-24,94.9197584526827,30612053298.88,1433431548.54
solana,2022-03-25,102.1802283204168,32979523332.78,2412096877.26
solana,2022-03-26,98.6467426834056,31980590349.3,1817213990.63
solana,2022-03-27,101.64121040495988,33176556212.5,1009509747.37
solana,2022-03-28,106.90984972476438,34802243172.81,1301984880.0
solana,2022-03-29,106.24001892236811,34753559141.63,2396330997.76
solana,2022-03-30,111.74644646494659,36192035879.28,2434694052.67
solana,2022-03-31,120.6985421756732,39218225944.82,3208462667.36
solana,2022-04-01,122.76130420785864,40036171559.15,3421557221.67
solana,2022-04-02,134.3709278834371,43736096533.82,3831716307.26
solana,2022-04-03,132.265543980239,43260457424.5,2989201592.66
solana,2022-04-04,136.6745408370863,44426659281.58,2277967480.69
solana,2022-04-05,132.34498367671756,43072219169.52,2483670638.14
solana,2022-04-06,126.60568047767862,41374924383.73,2136267271.39
solana,2022-04-07,112.52902554657368,36929750315.18,3198015612.88
solana,2022-04-08,118.68839511414586,38892547341.89,2381088467.18
solana,2022-04-09,109.69148769667358,35663008069.97,2314898911.5
solana,2022-04-10,113.00645605235755,37007525656.88,1201163544.26
solana,2022-04-11,112.17415972141916,36884144376.64,1163112953.81
solana,2022-04-12,99.4525253186753,32731502385.05,2180410357.2
solana,2022-04-13,103.5030349870942,33941121649.55,2285179235.35
solana,2022-04-14,104.84447690095557,34394710741.73,1533589774.72
solana,2022-04-15,100.73923844736916,33098172133.65,1652768959.6
solana,2022-04-16,101.34727865599696,33734041429.04,1039846461.42
solana,2022-04-17,102.31192588830538,34194983211.01,753838887.35
solana,2022-04-18,100.4425980848116,33314012331.39,1010545062.37
solana,2022-04-19,102.2653514381208,34026715047.3,1645729150.72
solana,2022-04-20,108.54104696942882,36133130809.64,1691707373.13
solana,2022-04-21,105.5952606987279,35158424198.86,1664918521.58
solana,2022-04-22,101.80288174581625,33918138036.8,1757789782.58
solana,2022-04-23,100.63914018210745,33613226147.46,1204999233.81
solana,2022-04-24,100.76479327231522,33668501950.94,778991677.7
solana,2022-04-25,99.17128671058997,33192811336.93,819713309.52
solana,2022-04-26,101.29344264300205,33812175574.17,1553588587.29
solana,2022-04-27,95.71302246920415,31900244698.21,1216992668.64
solana,2022-04-28,98.3678448915887,32839728894.81,1141929423.6
solana,2022-04-29,98.00485093884978,32699186204.27,1172675512.72
solana,2022-04-30,94.09484079716263,31459421205.33,1226739530.42
solana,2022-05-01,85.30298356157343,28318851858.64,1165702569.2
solana,2022-05-02,89.73834617404604,30026659597.99,1353041268.68
solana,2022-05-03,87.6049851260926,29293697485.52,1159472392.76
solana,2022-05-04,85.88113182978256,28715318659.66,948338116.74
solana,2022-05-05,92.82061835080546,30994771499.56,1327465205.09
solana,2022-05-06,84.62182696838384,28284214619.37,1637132124.72
solana,2022-05-07,81.76031251495388,27380670118.61,1446023145.1
solana,2022-05-08,79.1909801214645,26603063057.69,1090782916.95
solana,2022-05-09,74.92241129843457,25191538889.48,1351838825.94
solana,2022-05-10,63.59080375212239,21563497316.93,2515612885.94
solana,2022-05-11,66.73197492092409,22405510212.75,3263209052.66
solana,2022-05-12,50.32055764767889,16302314327.38,3882793179.27
solana,2022-05-13,44.64907159879217,15038211406.02,3786283031.47
solana,2022-05-14,48.604749742620285,16446880063.64,2460641108.58
solana,2022-05-15,52.53693016663614,17710082184.4,1495503985.97
solana,2022-05-16,58.845207179976505,19795956495.34,1436230716.42
solana,2022-05-17,53.64872755824407,18091955633.77,1827404198.18
solana,2022-05-18,57.41976646466422,19373241293.24,1508263415.47
solana,2022-05-19,49.76196637946705,16804431123.84,1511110400.91
solana,2022-05-20,52.332264069475926,17743141448.6,1653750850.18
solana,2022-05-21,49.58463231269403,16857955013.65,1528688330.07
solana,2022-05-22,50.34352259407359,17117178967.64,834922127.31
solana,2022-05-23,52.767400507738245,17927983077.41,907949758.61
solana,2022-05-24,49.12044024307904,16667943417.37,1478212937.83
solana,2022-05-25,49.636798974862586,16838184202.89,1373294087.33
solana,2022-05-26,48.056134850350986,16335715467.13,1161803907.88
solana,2022-05-27,43.546922400599904,14806873946.38,2324631757.47
solana,2022-05-28,40.99753816385139,13886425335.92,2080433059.3
solana,2022-05-29,44.46481243620848,15147901019.0,1266578193.29
solana,2022-05-30,44.92918554220565,15240706243.75,1285770588.87
solana,2022-05-31,47.19388053427913,16054338780.31,1756204402.3
solana,2022-06-01,45.97177874707522,15607744325.01,1569956999.75
solana,2022-06-02,40.24040840767166,13719294294.81,1528211460.43
solana,2022-06-03,40.889861237118055,13925500009.44,1645018556.67
solana,2022-06-04,38.27578860880165,12945160667.45,1353892685.36
solana,2022-06-05,38.977511864594476,13170913879.69,1126087087.41
solana,2022-06-06,38.46322506754232,13116723564.81,1070849320.48
solana,2022-06-07,42.41060097547512,14456497792.41,2033441074.03
solana,2022-06-08,39.54988117863195,13508568426.04,1810983946.81
solana,2022-06-09,38.84247541383652,13274452699.32,1249666784.65
solana,2022-06-10,39.968293957459224,13674820596.04,1272667344.22
solana,2022-06-11,37.08479689474987,12668804911.43,1271100605.47
solana,2022-06-12,33.807388422050096,11572660691.71,1218255700.91
solana,2022-06-13,30.743227017287673,10608680978.32,1436075943.24
solana,2022-06-14,28.19296638841233,9406103235.5,2782439336.11
solana,2022-06-15,29.71678758953202,10187884853.02,2251274075.17
solana,2022-06-16,34.488080805614366,11709149277.27,2629566358.38
solana,2022-06-17,30.07068349379034,10245461840.01,1921578627.38
solana,2022-06-18,30.872720498925386,10611942137.88,1356441011.61
solana,2022-06-19,31.81920871210764,10801954806.84,1985976665.15
solana,2022-06-20,34.19205503380821,11668548379.07,2107037437.95
solana,2022-06-21,35.469042360178356,12160553284.46,2113624516.42
solana,2022-06-22,36.13937945011591,12360022351.81,1722909851.63
solana,2022-06-23,34.23012589505999,11762783422.77,1510462542.93
solana,2022-06-24,38.21182318782288,13147607750.94,1701452303.39
solana,2022-06-25,42.477220280035226,14600518798.3,1721984760.77
solana,2022-06-26,42.386373142046885,14506227735.87,1289448179.93
solana,2022-06-27,39.498441762282916,13523527664.97,1153549984.96
solana,2022-06-28,38.50106935796682,13201680175.26,1122612570.62
solana,2022-06-29,35.326033591585926,12087889411.02,1243120766.41
solana,2022-06-30,33.91501146159494,11618504834.19,1300629589.73
solana,2022-07-01,33.31459552878431,11335169279.76,1194361731.48
solana,2022-07-02,33.03847781026744,11439454289.18,1323586234.65
solana,2022-07-03,33.42207503046209,11471587893.15,649702017.31
solana,2022-07-04,33.44782701859301,11480814253.63,567550823.12
solana,2022-07-05,36.77949394045729,12596079600.05,986918298.18
solana,2022-07-06,35.32196887460825,12138245305.3,1434571719.09
solana,2022-07-07,37.09265792987144,12734796275.55,1290650060.49
solana,2022-07-08,38.546664352464504,13277309359.95,1133093192.28
solana,2022-07-09,38.594429443195615,13380490031.56,1426352674.11
solana,2022-07-10,38.06013313228005,13134459003.72,623415737.83
solana,2022-07-11,36.72673590110457,12680872339.65,648503659.15
solana,2022-07-12,33.50915025006571,11600411536.23,789921907.71
solana,2022-07-13,32.81893154431144,11406193662.95,821873017.49
solana,2022-07-14,34.94649867641145,12072416721.33,1220534706.77
solana,2022-07-15,37.17597728466076,12850093050.02,1328292764.12
solana,2022-07-16,37.44045111321192,12938130582.03,1325304479.56
solana,2022-07-17,39.60146830743091,13666217564.39,1064139738.9
solana,2022-07-18,38.62422664809307,13432332940.69,1087710892.95
solana,2022-07-19,43.68127821391667,14864108116.48,1523091935.57
solana,2022-07-20,44.92662577061741,15517487195.97,2407640203.12
solana,2022-07-21,42.19129439126226,14654904729.65,2006723913.84
solana,2022-07-22,43.18589352726285,14946518783.24,1862704596.08
solana,2022-07-23,40.57509235571396,14004906061.88,1394893424.66
solana,2022-07-24,40.12586568362252,13860175820.99,992235932.54
solana,2022-07-25,40.98522629187172,14275526154.88,868436701.4
solana,2022-07-26,36.70021199705349,12694337922.66,1165279221.01
solana,2022-07-27,36.2281816493087,12538834971.99,1096644463.46
solana,2022-07-28,40.29544931385727,14009415149.23,1502670727.83
solana,2022-07-29,42.831212766381604,14829428736.73,1933182890.15
solana,2022-07-30,42.13988872458668,14752480667.05,1636823549.56
solana,2022-07-31,43.80347390626749,15135249027.92,1727836476.83
solana,2022-08-01,42.48000309195332,14746724189.24,1063136070.96
solana,2022-08-02,41.70142770548663,14458934769.73,992134330.49
solana,2022-08-03,40.21202813817764,14143900211.32,1118387777.7
solana,2022-08-04,38.634063074873644,13359558185.81,2172402130.68
solana,2022-08-05,38.94463727964988,13471456881.53,1243098510.58
solana,2022-08-06,40.496917469507096,13995005582.46,1158100840.78
solana,2022-08-07,40.17551021431985,13910405478.09,656059617.19
solana,2022-08-08,40.646219845232366,14115646955.22,582195944.95
solana,2022-08-09,42.156823142394586,14696098301.06,1163065597.42
solana,2022-08-10,40.49015736455393,14091576296.77,874683627.63
solana,2022-08-11,42.295780396654315,14682953331.35,1417788636.17
solana,2022-08-12,42.75287041576665,14901555484.08,1782051840.42
solana,2022-08-13,45.34052505434913,15769739253.56,1081174401.47
solana,2022-08-14,46.62762818566225,16242663928.46,1223890252.01
solana,2022-08-15,44.97769928373126,15707019257.48,1000632052.61
solana,2022-08-16,43.902581229420576,15322661204.91,1018586521.13
solana,2022-08-17,43.25208387360771,15065562430.3,1075537996.04
solana,2022-08-18,40.5562855378095,14161164134.1,1249877706.42
solana,2022-08-19,39.618894866249,13863255686.51,824971812.09
solana,2022-08-20,35.98979542858258,12530469534.21,1786764403.1
solana,2022-08-21,35.23183017005089,12256688441.22,1200537393.53
solana,2022-08-22,36.53272408478192,12815310875.37,991224706.63
solana,2022-08-23,35.48979518227352,12352579320.92,1122987607.71
solana,2022-08-24,35.705064719424506,12481061524.74,827899999.12
solana,2022-08-25,34.98161284031775,12227264266.33,908130561.79
solana,2022-08-26,35.34736653928148,12346020470.35,656358314.04
solana,2022-08-27,31.78642232940313,11046201721.52,1248900621.37
solana,2022-08-28,31.639231915430067,11052608204.78,698084660.94
solana,2022-08-29,30.630708245633155,10721767532.44,505611658.53
solana,2022-08-30,32.4676226051912,11387115687.59,829387148.72
solana,2022-08-31,31.460462070253442,11032381033.17,846296043.22
solana,2022-09-01,31.453501865317026,10982002954.91,710498153.03
solana,2022-09-02,31.62752044554708,11037789630.86,654715113.94
solana,2022-09-03,31.196467701402543,10904364506.21,627140311.55
solana,2022-09-04,31.076260104837697,10881773797.63,287508158.29
solana,2022-09-05,32.14492440492364,11245569490.18,370560789.66
solana,2022-09-06,32.21580982933859,11264121877.83,511686055.76
solana,2022-09-07,30.932571057846985,10834953198.22,1208999754.44
solana,2022-09-08,32.75240078147267,11595827258.28,796019432.98
solana,2022-09-09,33.60651304711081,11847628650.71,927246036.36
solana,2022-09-10,34.707446929384965,12244442276.89,1098697449.02
solana,2022-09-11,35.15110408808845,12419481830.61,675183558.11
solana,2022-09-12,34.90471667494537,12331013775.5,712287831.96
solana,2022-09-13,37.344616214599014,13183798412.04,1608877258.55
solana,2022-09-14,33.05973266575832,11697896819.86,1685408590.31
solana,2022-09-15,34.071010519185705,12027439275.12,938917179.65
solana,2022-09-16,33.064248381166855,11742374385.91,1035640342.73
solana,2022-09-17,32.18223307870709,11380713338.5,728064867.91
solana,2022-09-18,33.76184563714559,11970489829.73,477780407.43
solana,2022-09-19,31.08875046830983,11014413847.32,652419202.86
solana,2022-09-20,32.71343099163381,11598805636.59,963739018.81
solana,2022-09-21,31.405493503670975,11136148382.14,798987431.19
solana,2022-09-22,30.825149460297027,10920166914.72,1180925645.89
solana,2022-09-23,32.46791740152261,11489637349.24,833383661.57
solana,2022-09-24,33.71195119466151,11974606498.9,969718528.51
solana,2022-09-25,33.5038789488122,11877506512.46,821677077.62
solana,2022-09-26,32.32786924066603,11474712536.43,576312106.37
solana,2022-09-27,33.85239531271168,11924970586.1,908933850.04
solana,2022-09-28,32.76612155979491,11669868172.59,1221276543.78
solana,2022-09-29,33.303299964397056,11817378025.55,958564795.8
solana,2022-09-30,33.93599567295436,12066578261.89,949323509.37
solana,2022-10-01,33.24966351604033,11808862837.85,1166717015.86
solana,2022-10-02,32.45579081734204,11538414123.4,475812174.32
solana,2022-10-03,32.09702548893108,11395149007.96,518124769.21
solana,2022-10-04,32.9839333048039,11735344819.6,621968801.98
solana,2022-10-05,34.12979146381925,12125352215.94,692957762.05
solana,2022-10-06,34.09322257643218,12104501989.15,641193220.7
solana,2022-10-07,33.33775389191098,11847564337.73,670556864.38
solana,2022-10-08,32.91839237624644,11692923622.97,672974282.69
solana,2022-10-09,32.60000089346164,11634868896.09,351714131.77
solana,2022-10-10,32.90519327468117,11733010113.0,394694049.42
solana,2022-10-11,31.96971297778321,11448167353.52,630989029.33
solana,2022-10-12,30.78828821701152,10986691633.7,720050451.29
solana,2022-10-13,31.141224150324152,11138186203.67,481852424.77
solana,2022-10-14,30.58269363666032,10936034776.86,1268002433.75
solana,2022-10-15,30.03589921524538,10723795928.14,800163982.96
solana,2022-10-16,29.576743642363166,10608095633.11,545155338.8
solana,2022-10-17,30.166911022944717,10784111501.18,598450021.16
solana,2022-10-18,31.244752367609617,11181494599.05,643752962.69
solana,2022-10-19,30.20117255023985,10820701606.87,685750091.58
solana,2022-10-20,28.896837887443453,10362112405.21,721536356.08
solana,2022-10-21,28.066217683059563,10052442946.75,853073860.63
solana,2022-10-22,28.106224235014817,10070949099.13,1004074184.6
solana,2022-10-23,28.023343879724933,10044295675.71,488911345.36
solana,2022-10-24,29.236688692602588,10480620512.61,670006995.13
solana,2022-10-25,28.27000912814364,10121680743.47,739684192.51
solana,2022-10-26,30.94126246793174,11077575224.18,1346256624.93
solana,2022-10-27,31.282585848386002,11203611590.84,1240751124.79
solana,2022-10-28,30.645340017734377,11016715358.29,1179536961.86
solana,2022-10-29,32.11387302905561,11523992959.02,1011210916.5
solana,2022-10-30,32.83944699956292,11775325291.53,1095984786.7
solana,2022-10-31,32.90718815746148,11772898715.53,704167456.25
solana,2022-11-01,32.601269385086546,11727290548.41,1142703750.62
solana,2022-11-02,32.241011165572196,11588937673.91,1299519862.88
solana,2022-11-03,30.788368557204965,11076265328.77,1780701025.1
solana,2022-11-04,30.826600438059216,11061246430.43,1419473857.64
solana,2022-11-05,33.78843206020886,12137630163.18,2002856945.82
solana,2022-11-06,36.718402105659706,13202283372.12,3501844329.57
solana,2022-11-07,32.77319825330046,11783689545.4,2458440631.2
solana,2022-11-08,29.549317195242182,10655109386.65,3400112554.36
solana,2022-11-09,24.228110657252586,8815290464.79,5868071366.15
solana,2022-11-10,14.004070064665834,5120135551.79,4375833758.94
solana,2022-11-11,17.835598021542133,6419997387.6,4179359302.11
solana,2022-11-12,16.62539193943823,5963504846.89,2174804309.63
solana,2022-11-13,14.705480178123391,5331217054.93,770041818.92
solana,2022-11-14,13.252557222481085,4816392214.35,782848284.1
solana,2022-11-15,14.096615435025512,5121041157.03,1300493081.08
solana,2022-11-16,14.355239175466979,5205583202.1,811376855.6
solana,2022-11-17,14.355619333262617,5186877452.36,478085250.67
solana,2022-11-18,13.6648684030464,4954608939.4,651561392.82
solana,2022-11-19,13.297631137033255,4831754494.87,343052461.92
solana,2022-11-20,12.884681620446196,4683383043.29,300941946.44
solana,2022-11-21,12.34545378191367,4470695233.32,487321298.84
solana,2022-11-22,11.918134100426501,4319145655.91,484804704.09
solana,2022-11-23,12.43518958219904,4530165523.58,523436176.53
solana,2022-11-24,14.41547582162108,5242384046.29,846044003.94
solana,2022-11-25,14.592503903295015,5295975306.3,618848577.78
solana,2022-11-26,14.075605372227663,5120779702.05,360308376.55
solana,2022-11-27,14.165189223351776,5142450538.97,375214637.01
solana,2022-11-28,14.106428306970507,5138320694.0,255763021.76
solana,2022-11-29,13.343102977299333,4848821246.04,503946286.28
solana,2022-11-30,13.374085329507322,4865903266.78,298911192.22
solana,2022-12-01,14.147104839194206,5160133742.78,302419321.53
solana,2022-12-02,13.509181414049966,4905910344.47,268679954.05
solana,2022-12-03,13.765463207102767,5000690502.58,285026800.3
solana,2022-12-04,13.334397065233695,4863696934.4,197683828.19
solana,2022-12-05,13.77680995818705,5008063958.88,173958273.4
solana,2022-12-06,13.873608444994208,5053925412.51,383499016.8
solana,2022-12-07,14.297707876898496,5195420302.81,333400205.36
solana,2022-12-08,13.536826034301907,4939250221.6,272839148.56
solana,2022-12-09,13.693154351693547,5016573038.67,236384884.06
solana,2022-12-10,13.612942245486757,4985978110.52,257533932.19
solana,2022-12-11,13.585881060448473,4967608679.21,123957064.34
solana,2022-12-12,13.43947528747435,4920995808.77,132233094.81
solana,2022-12-13,13.323956780887805,4889774456.96,250950456.29
solana,2022-12-14,13.828059313467737,5067860068.03,388863061.31
solana,2022-12-15,14.149132608950133,5187094164.83,531056515.22
solana,2022-12-16,13.99445500184834,5134598270.27,320493477.53
solana,2022-12-17,12.272262832879411,4487828854.56,416039758.06
solana,2022-12-18,12.525815065018055,4589791879.19,277076734.5
solana,2022-12-19,12.416580463138258,4577684410.91,127947867.99
solana,2022-12-20,11.935662354331416,4386451838.86,240138137.95
solana,2022-12-21,12.280549822837152,4505699073.91,203088901.02
solana,2022-12-22,12.119428779139206,4442285590.08,189500696.86
solana,2022-12-23,11.794712289114807,4304981639.74,205996063.59
solana,2022-12-24,11.800554937016997,4327532615.71,177437763.4
solana,2022-12-25,11.470319693968511,4207271979.82,226479857.47
solana,2022-12-26,11.400966653702737,4185139946.61,112713128.36
solana,2022-12-27,11.301306466517868,4147178331.2,151024935.73
solana,2022-12-28,11.080348903525167,4063717880.57,260619507.52
solana,2022-12-29,9.770824845767208,3585609635.8,524688006.44
solana,2022-12-30,9.597795220448539,3537484124.79,838317810.15
solana,2022-12-31,9.888231243760044,3630516626.23,996392621.61
solana,2023-01-01,9.961462943297743,3663707629.85,328903351.52
solana,2023-01-02,9.973949402565085,3670345897.63,220369604.53
solana,2023-01-03,11.266377430112355,4150541190.5,612350127.51
solana,2023-01-04,13.35539239265287,4897985570.66,1332758654.08
solana,2023-01-05,13.456292702243212,4953205509.88,1282105634.64
solana,2023-01-06,13.4384801751579,4943576397.43,597269711.77
solana,2023-01-07,13.52449342211224,4984816083.87,488298544.71
solana,2023-01-08,13.088904148424348,4837378850.91,206848508.91
solana,2023-01-09,14.366071146091024,5151917607.84,641916931.22
solana,2023-01-10,16.302299779948743,6031956017.04,1889438468.29
solana,2023-01-11,16.203193608411635,6001548952.67,854036815.49
solana,2023-01-12,16.463404027248835,6106281178.18,749738092.73
solana,2023-01-13,16.615747688335087,6160624328.05,948123277.61
solana,2023-01-14,18.279734593696567,6767551967.35,1221076768.2
solana,2023-01-15,24.302862020252288,9066218089.52,4130184710.83
solana,2023-01-16,22.837523286781188,8465167529.98,1967106481.94
solana,2023-01-17,23.58595194500377,8762954564.82,1775938541.46
solana,2023-01-18,22.88158744195828,8525510205.46,1033549762.13
solana,2023-01-19,20.85763434507722,7710048711.62,1543991743.3
solana,2023-01-20,21.414560030848286,7934995923.19,898504341.27
solana,2023-01-21,25.575834872318875,9489394201.96,1527407710.52
solana,2023-01-22,24.66528659481628,9143727538.63,2096626033.25
solana,2023-01-23,24.271834895555187,9004757973.45,970991825.31
solana,2023-01-24,24.42662802224712,9057978593.36,917151760.53
solana,2023-01-25,22.789340075999174,8470454667.83,855305584.53
solana,2023-01-26,24.66040314512689,9151912233.31,1389562422.61
solana,2023-01-27,24.36322901881959,9052529628.3,811737989.69
solana,2023-01-28,24.413747574727985,9066608034.9,702646248.49
solana,2023-01-29,23.986175814200923,8888774937.51,522601581.69
solana,2023-01-30,26.177676356517786,9723380871.43,1086841729.86
solana,2023-01-31,23.963335339722715,8894199458.03,1111636437.09
solana,2023-02-01,23.961391317370346,8896873315.82,636667495.02
solana,2023-02-02,24.983305840269857,9295594682.0,1017077833.87
solana,2023-02-03,24.31948995599126,9062290851.69,1066576080.93
solana,2023-02-04,24.68649699930336,9209669774.76,781139212.06
solana,2023-02-05,24.352020663436914,9084646376.72,350243684.45
solana,2023-02-06,23.513631913468004,8775453234.4,638580954.93
solana,2023-02-07,22.716952472159907,8463616399.33,463322357.87
solana,2023-02-08,23.90420986102095,8928209652.21,707393494.17
solana,2023-02-09,23.20655514024452,8681217220.96,581769819.46
solana,2023-02-10,20.437682981228342,7674814944.97,808728417.66
solana,2023-02-11,20.123843926968277,7582538971.72,684166038.49
solana,2023-02-12,20.84493733301781,7825374946.87,278031093.45
solana,2023-02-13,21.44076791086341,8057257217.57,544548720.79
solana,2023-02-14,20.784744709901553,7804126001.85,723121577.98
solana,2023-02-15,21.845218317851522,8222948441.26,850945955.58
solana,2023-02-16,23.889195936602945,8975776575.31,831022310.68
solana,2023-02-17,22.34460084623935,8400837292.39,956362734.3
solana,2023-02-18,23.193970760954844,8757810457.78,666303722.26
solana,2023-02-19,23.45134176118436,8864240990.71,411412105.67
solana,2023-02-20,24.810534025961243,9416249238.49,1082089933.53
solana,2023-02-21,26.03500765229307,9849428455.39,1528181094.57
solana,2023-02-22,24.92100975933338,9410006572.06,971104096.02
solana,2023-02-23,24.17008033584799,9148040150.61,1006550896.11
solana,2023-02-24,23.92438702728231,9024298203.9,617535605.2
solana,2023-02-25,23.05835270436486,8723841537.76,649161438.38
solana,2023-02-26,22.410354409005556,8461125692.33,582781483.1
solana,2023-02-27,23.2309130687567,8789815699.85,447765032.42
solana,2023-02-28,22.693578143913324,8589782940.91,515693154.22
solana,2023-03-01,21.915750684020768,8278729498.56,353854572.75
solana,2023-03-02,22.505797650327754,8530663779.65,368841392.14
solana,2023-03-03,21.97401655702821,8328272221.8,331963626.28
solana,2023-03-04,21.406769225209032,8106249844.53,498070582.62
solana,2023-03-05,20.955534666423198,7946564768.28,254558509.37
solana,2023-03-06,21.002570684743905,8013062334.54,269435912.7
solana,2023-03-07,20.630964332653576,7891217439.15,325982714.81
solana,2023-03-08,20.272742155068944,7742957402.8,397969144.74
solana,2023-03-09,18.427916426509864,7066726944.33,654065004.83
solana,2023-03-10,17.333062116446644,6615095595.21,817533089.05
solana,2023-03-11,18.212698187615544,7004462520.1,988470037.04
solana,2023-03-12,18.068481612784193,6928931920.55,671121164.85
solana,2023-03-13,20.33815687662464,7755318676.39,766795515.83
solana,2023-03-14,20.37708065182474,7821977632.75,1115385621.15
solana,2023-03-15,20.979934755407683,8029661085.94,1216812986.39
solana,2023-03-16,19.336400031117087,7414057337.32,891834503.68
solana,2023-03-17,19.83281185840033,7607669118.34,505612446.96
solana,2023-03-18,21.644627640065494,8298944866.27,746567229.3
solana,2023-03-19,21.3174625685989,8167246753.17,984171481.07
solana,2023-03-20,22.022111232219224,8495353255.96,671444269.15
solana,2023-03-21,22.322024083945994,8570996250.73,1214980639.46
solana,2023-03-22,22.74020634944038,8718952337.68,725964027.59
solana,2023-03-23,21.578068068860432,8277163932.32,914736382.95
solana,2023-03-24,22.306155317675998,8543484776.06,538469214.22
solana,2023-03-25,20.77377095038958,7977960408.11,635693408.65
solana,2023-03-26,20.593698856407208,7901578024.35,387073479.37
solana,2023-03-27,20.982289382374262,8079229951.4,326327791.34
solana,2023-03-28,19.9575402149083,7655291926.18,406232834.85
solana,2023-03-29,20.499340517704876,7878765558.48,400868517.62
solana,2023-03-30,21.13233391276909,8122141676.47,422168351.83
solana,2023-03-31,20.574404775975303,7919320174.47,532520991.04
solana,2023-04-01,21.205401851519337,8194996259.09,415947399.72
solana,2023-04-02,21.083500216310668,8133720019.79,251948585.43
solana,2023-04-03,20.565439368841062,7929638196.33,250939723.33
solana,2023-04-04,20.436690295056867,7900168640.99,529752910.73
solana,2023-04-05,20.92110064061127,8093519489.2,348472966.79
solana,2023-04-06,20.982374355205106,8139780743.43,361878192.55
solana,2023-04-07,20.609002527101183,7980951367.93,271953094.79
solana,2023-04-08,20.483785300410602,7945861961.17,208769926.08
solana,2023-04-09,20.042581304598304,7779827678.56,229345793.29
solana,2023-04-10,20.30433669084828,7886462397.66,195652671.41
solana,2023-04-11,20.875123146348265,8111384994.39,243051082.77
solana,2023-04-12,23.005654690114106,9019417673.04,1081779112.36
solana,2023-04-13,23.830532666421693,9350156509.87,1370531367.93
solana,2023-04-14,24.42771024521707,9566762973.07,666066820.09
solana,2023-04-15,24.77371399717611,9705804479.08,825834920.56
solana,2023-04-16,24.076086968961334,9451805831.23,387945854.0
solana,2023-04-17,25.295764682293626,9920073717.13,514890126.18
solana,2023-04-18,24.582472271741043,9623598168.57,910595768.7
solana,2023-04-19,24.828831956308186,9739599132.26,558944406.03
solana,2023-04-20,22.66921834829298,8903451124.57,974039298.91
solana,2023-04-21,22.17878507364592,8697671636.55,712597030.05
solana,2023-04-22,21.256329975789992,8333890309.33,527655622.16
solana,2023-04-23,21.85149833032492,8584446324.23,249197740.84
solana,2023-04-24,21.49927294670662,8420199212.27,348355516.88
solana,2023-04-25,21.388123623341926,8399117356.57,401676853.06
solana,2023-04-26,21.93961247225034,8617142936.35,409777211.68
solana,2023-04-27,21.25624752923348,8354008434.67,778775424.11
solana,2023-04-28,22.337864023679735,8756193576.97,588617917.5
solana,2023-04-29,23.374818189016118,9208471390.32,571324657.17
solana,2023-04-30,23.12840167422879,9092156212.49,419332790.79
solana,2023-05-01,22.998321615708303,9057154980.37,425241774.7
solana,2023-05-02,22.00748575266789,8651811979.93,505839771.41
solana,2023-05-03,22.262824662378538,8773546966.16,326717891.15
solana,2023-05-04,22.21964186016809,8762010269.84,493483012.24
solana,2023-05-05,21.741800973800856,8571042186.73,330851121.92
solana,2023-05-06,22.81860623219127,8999007584.22,495492869.26
solana,2023-05-07,21.986706406341238,8661587000.94,387964991.34
solana,2023-05-08,22.002452285817817,8705466133.77,341580978.59
solana,2023-05-09,20.65668464098513,8146997991.83,647060628.3
solana,2023-05-10,20.656981167558687,8164794903.56,318980320.97
solana,2023-05-11,20.975704627626367,8287539919.55,525984506.47
solana,2023-05-12,20.25440267119237,8015037356.98,428549097.39
solana,2023-05-13,20.920162303818756,8274505085.73,397702422.41
solana,2023-05-14,20.899582667518416,8297710532.11,252119905.38
solana,2023-05-15,20.936961536705592,8280978190.93,211874592.44
solana,2023-05-16,21.037748291765592,8316882669.85,339745928.06
solana,2023-05-17,20.686212717829434,8187913902.16,338232379.0
solana,2023-05-18,21.058205359893172,8341868800.05,332798485.49
solana,2023-05-19,20.34519578780548,8061536789.17,325479692.17
solana,2023-05-20,20.351526847180452,8059779103.67,159063269.01
solana,2023-05-21,20.269684813481774,8022997471.52,129666227.93
solana,2023-05-22,19.630800782887565,7783712425.51,236865558.01
solana,2023-05-23,19.558762789709252,7749799385.6,245317080.65
solana,2023-05-24,20.04690938871374,7940043369.31,293341170.13
solana,2023-05-25,19.214323127332815,7619548993.27,317110913.72
solana,2023-05-26,19.25614469626469,7626215765.41,231050352.92
solana,2023-05-27,19.36699951306376,7676617783.53,181186113.21
solana,2023-05-28,20.405231600621736,8089935112.02,209249088.65
solana,2023-05-29,20.815122816700484,8259241871.66,319936574.81
solana,2023-05-30,20.57365784393182,8162528825.08,263476675.88
solana,2023-05-31,21.24838739611184,8420948536.26,390015607.57
solana,2023-06-01,20.82042686685682,8253719265.04,264038937.44
solana,2023-06-02,20.512888560566594,8135209555.99,229620968.98
solana,2023-06-03,21.257126169627412,8440560224.31,262878676.05
solana,2023-06-04,21.148206267732874,8395562285.77,159566542.17
solana,2023-06-05,21.869750120036684,8705745044.41,372653389.26
solana,2023-06-06,20.082497255511015,7993273614.35,663116037.06
solana,2023-06-07,20.399316366367188,8102758544.85,490820421.98
solana,2023-06-08,18.64940911323256,7429398031.75,412771478.26
solana,2023-06-09,18.91886786249937,7533243369.33,295929574.27
solana,2023-06-10,17.319852048307002,6890419608.14,511958399.06
solana,2023-06-11,15.712291030595962,6262620811.88,1409006890.34
solana,2023-06-12,15.552165715300829,6191248338.35,495437298.97
solana,2023-06-13,15.219121441698295,6067764743.47,431328719.29
solana,2023-06-14,14.996084137168715,5975770710.19,403335227.95
solana,2023-06-15,14.511891316589251,5789069977.26,327310831.83
solana,2023-06-16,14.741774826096673,5880524857.51,371929576.7
solana,2023-06-17,15.305652843805758,6109552126.06,256057658.18
solana,2023-06-18,15.626354272653252,6246219926.83,218008809.31
solana,2023-06-19,15.434485233897272,6170109454.95,155673889.37
solana,2023-06-20,16.038762253116875,6382655003.18,150009939.36
solana,2023-06-21,16.625143403026637,6629964493.68,248748774.34
solana,2023-06-22,17.263202092310653,6903161332.17,315268431.88
solana,2023-06-23,16.645392580230443,6663990154.56,295506781.44
solana,2023-06-24,17.100927585909893,6825331675.93,328345333.92
solana,2023-06-25,16.63062758389679,6642182122.57,235858972.61
solana,2023-06-26,16.96011970924781,6785842637.34,212892011.92
solana,2023-06-27,16.284012804480415,6497000673.69,246629750.07
solana,2023-06-28,16.60408750457774,6626087422.92,232332350.04
solana,2023-06-29,15.996424735598712,6403600623.49,301702745.21
solana,2023-06-30,17.998439800632905,7187331652.67,635900925.95
solana,2023-07-01,18.93035984897103,7567998783.57,828667787.0
solana,2023-07-02,18.612769704794168,7437496981.58,280718699.57
solana,2023-07-03,19.44673332510388,7792444090.13,474851803.79
solana,2023-07-04,19.20521438307814,7700930946.15,280766166.65
solana,2023-07-05,19.218958872995298,7724902370.01,303069428.56
solana,2023-07-06,18.972151107472232,7619692719.68,234904855.42
solana,2023-07-07,19.919047781939852,8013479115.46,849101386.55
solana,2023-07-08,21.43877643006556,8609626131.89,827536919.63
solana,2023-07-09,21.896701111607186,8804631486.28,596483861.2
solana,2023-07-10,21.351397376477994,8595004420.87,364524219.79
solana,2023-07-11,21.302647128052204,8559664093.1,508301719.14
solana,2023-07-12,22.068233989934726,8875741131.47,431275744.94
solana,2023-07-13,21.997627799970363,8862665910.43,553660968.11
solana,2023-07-14,25.990368470421153,10410892785.97,1191586017.53
solana,2023-07-15,26.708371434451514,10743046575.08,2112669368.83
solana,2023-07-16,27.351375942539022,11015911503.07,1182553641.31
solana,2023-07-17,27.365079998210923,11002094754.61,747993415.87
solana,2023-07-18,26.861798043195297,10816613437.04,1008258072.2
solana,2023-07-19,25.526176388954614,10269805534.15,690701365.24
solana,2023-07-20,26.353311684653363,10633423774.84,591575595.45
solana,2023-07-21,25.3350693194684,10227156125.3,586428471.62
solana,2023-07-22,25.58950999514426,10346698670.51,426785949.93
solana,2023-07-23,24.45678468463933,9872947825.24,325886121.22
solana,2023-07-24,24.773703505475776,10018814299.16,345569811.44
solana,2023-07-25,23.422633571179617,9455689036.35,517091585.37
solana,2023-07-26,23.267716629540782,9395875459.49,362056307.63
solana,2023-07-27,25.1519878372353,10171319431.28,682755887.44
solana,2023-07-28,25.093488053679394,10151894149.31,493788462.55
solana,2023-07-29,24.825803970620775,10051629238.61,354454914.96
solana,2023-07-30,25.16504796989767,10178962394.38,266002736.55
solana,2023-07-31,24.266784359176683,9816173591.43,354202895.0
solana,2023-08-01,23.75665877952372,9604285334.64,401006374.0
solana,2023-08-02,23.92554655853081,9663629338.75,433930052.94
solana,2023-08-03,23.134812664080517,9376125922.1,426945357.69
solana,2023-08-04,22.654451935469393,9178003135.37,375514604.63
solana,2023-08-05,22.809920321126338,9237548520.06,387384158.18
solana,2023-08-06,22.62509186558245,9155491618.93,256370671.06
solana,2023-08-07,23.16031151415157,9384285772.44,338171013.51
solana,2023-08-08,23.05200017950495,9344630841.91,386012925.76
solana,2023-08-09,24.203816824917432,9819635413.27,561549883.41
solana,2023-08-10,24.384610250755937,9894698836.09,458039680.49
solana,2023-08-11,24.61887321060917,9982518848.6,352124557.45
solana,2023-08-12,24.57980986376842,9969763672.69,337807060.84
solana,2023-08-13,24.891819066984105,10095650763.65,277306903.12
solana,2023-08-14,24.223294007901522,9839554742.69,278182091.44
solana,2023-08-15,25.14772487652887,10211324982.84,388025853.45
solana,2023-08-16,23.875641318375827,9697572470.82,452521516.47
solana,2023-08-17,22.846367700285874,9300306072.05,495294920.82
